ETF代码,ETF名称,最新价,涨跌幅(%),涨跌额,成交量,成交额,IOPV实时估值,基金折价率,总市值,流通市值,最新份额,开盘价,最高价,最低价,昨收,振幅,换手率,量比,主力净流入-净额,主力净流入-净占比
159137,港股通医疗ETF华宝,0.996,3.11,0.03,1628045.0,160946659.383,0.9958,-0.02,157002077,157002077,157632607.0,0.966,0.997,0.966,0.966,3.21,103.28,3.81,551120.0,0.34
159366,港股医疗ETF永赢,1.492,2.61,0.038,1693717.0,250689392.3,1.4854,-0.44,394384943,394384943,264333072.0,1.465,1.495,1.442,1.454,3.65,64.08,1.66,10084452.0,4.02
159509,纳指科技ETF景顺,2.792,2.57,0.07,1225049.0,336187819.32,2.2032,-26.72,18487407135,18487407135,6621564160.0,2.725,2.809,2.724,2.722,3.12,1.85,1.11,20301770.0,6.04
520850,港股通医疗ETF易方达,0.923,2.56,0.023,524412.0,48048069.0,0.9236,0.06,132219381,132219381,143249600.0,0.898,0.924,0.898,0.9,2.89,36.61,1.63,513134.0,1.07
513620,港股医疗ETF银华,1.126,2.55,0.028,356172.0,39765187.0,1.1282,0.2,66677216,66677216,59216000.0,1.098,1.128,1.097,1.098,2.82,60.15,2.46,-162566.0,-0.41
520510,港股通医疗ETF华夏,0.97,2.54,0.024,3525645.0,340075356.0,0.9728,0.29,242236160,242236160,249728000.0,0.946,0.974,0.946,0.946,2.96,141.18,2.02,-2410356.0,-0.71
526010,港股通医疗ETF汇添富,1.061,2.51,0.026,118061.0,12439724.0,1.0648,0.36,49291938,49291938,46458000.0,1.028,1.062,1.028,1.035,3.29,25.41,1.66,-3181.0,-0.03
159167,港股通医疗ETF工银,0.981,2.4,0.023,495763.0,48239724.161,0.9847,0.38,184966730,184966730,188549164.0,0.958,0.983,0.956,0.958,2.82,26.29,1.58,150424.0,0.31
158003,港股通医疗ETF嘉实,1.028,2.39,0.024,68720.0,6993195.809,1.0333,0.51,174404719,174404719,169654396.0,1.003,1.029,1.003,1.004,2.59,4.05,0.15,210299.0,3.01
159038,粮食ETF易方达,0.934,2.3,0.021,233331.0,21876126.91,0.9303,-0.4,194297161,194297161,208026939.0,0.904,0.949,0.903,0.913,5.04,11.22,0.87,-971517.0,-4.44
159698,粮食ETF鹏华,0.925,2.21,0.02,1397837.0,129537259.4,0.9231,-0.21,1336111055,1336111055,1444444384.0,0.895,0.941,0.895,0.905,5.08,9.68,1.2,-6347752.0,-4.9
513780,港股创新药ETF景顺,1.705,2.16,0.036,3784760.0,640329596.0,1.7068,0.11,3084612699,3084612699,1809157008.0,1.669,1.708,1.661,1.669,2.82,20.92,1.58,26136280.0,4.08
159828,医疗ETF国泰,0.43,2.14,0.009,1064555.0,45260829.432,0.4298,-0.05,1992808952,1992808952,4634439424.0,0.421,0.43,0.42,0.421,2.38,2.3,1.13,-694962.0,-1.54
159508,生物医药ETF华安,0.822,2.11,0.017,98014.0,7942739.2,0.8224,0.05,79759974,79759974,97031598.0,0.8,0.823,0.797,0.805,3.23,10.1,0.98,517286.0,6.51
159030,粮食ETF华夏,0.87,2.11,0.018,302349.0,26402842.684,0.868,-0.23,308822313,308822313,354968176.0,0.845,0.886,0.844,0.852,4.93,8.52,1.13,-4097266.0,-15.52
159192,家电ETF汇添富,0.96,2.02,0.019,2538.0,241888.5,0.9595,-0.05,16307582,16307582,16987065.0,0.932,0.96,0.931,0.941,3.08,1.49,0.84,-6712.0,-2.77
159529,标普消费ETF景顺,1.322,2.01,0.026,1794229.0,237420771.7,1.2928,-2.26,1072851628,1072851628,811536784.0,1.305,1.336,1.303,1.296,2.55,22.11,12.09,8575827.0,3.61
159072,粮食ETF景顺,1.116,2.01,0.022,119653.0,13470677.602,1.114,-0.18,44958235,44958235,40285157.0,1.089,1.149,1.084,1.094,5.94,29.7,1.02,-1584586.0,-11.76
516620,影视ETF国泰,0.812,2.01,0.016,165575.0,13375757.0,0.8121,0.01,156527210,156527210,192767500.0,0.795,0.813,0.793,0.796,2.51,8.59,1.37,707461.0,5.29
159073,粮食ETF汇添富,1.025,1.99,0.02,258888.0,26650982.779,1.0283,0.32,178528211,178528211,174173864.0,1.003,1.039,1.003,1.005,3.58,14.86,0.66,4268472.0,16.02
159033,粮食ETF国泰,0.985,1.97,0.019,184047.0,18196967.795,0.9844,-0.06,129353621,129353621,131323473.0,0.957,1.003,0.955,0.966,4.97,14.01,0.8,2727246.0,14.99
159587,粮食ETF广发,1.194,1.96,0.023,474082.0,56753502.0,1.1921,-0.16,307391755,307391755,257447031.0,1.159,1.216,1.155,1.171,5.21,18.41,1.1,-233261.0,-0.41
159063,粮食ETF南方,1.038,1.96,0.02,141933.0,14851885.41,1.038,0.0,61228140,61228140,58986647.0,1.01,1.059,1.01,1.018,4.81,24.06,1.0,72100.0,0.49
520930,恒生生物科技ETF国泰,0.995,1.95,0.019,251450.0,24870903.0,0.9952,0.02,163909335,163909335,164733000.0,0.98,0.997,0.977,0.976,2.05,15.26,1.26,386406.0,1.55
520700,港股通创新药ETF万家,1.641,1.93,0.031,3300329.0,538784775.0,1.6445,0.21,709036716,709036716,432076000.0,1.606,1.649,1.605,1.61,2.73,76.38,1.76,11153666.0,2.07
159839,生物医药ETF汇添富,0.372,1.92,0.007,1411598.0,51869570.6,0.3715,-0.13,917625482,917625482,2466735168.0,0.363,0.372,0.361,0.365,3.01,5.72,1.23,-2909404.0,-5.61
159060,粮食ETF浦银,1.015,1.91,0.019,55246.0,5586195.308,1.0198,0.47,45150674,45150674,44483423.0,0.989,1.036,0.983,0.996,5.32,12.42,0.75,-267123.0,-4.78
159031,粮食ETF博时,0.963,1.9,0.018,50842.0,4918691.024,0.9634,0.04,531603565,531603565,552028624.0,0.934,0.982,0.931,0.945,5.4,0.92,0.71,865585.0,17.6
517380,创新药ETF天弘,0.873,1.87,0.016,804131.0,69679801.0,0.8783,0.6,2757218863,2757218863,3158326304.0,0.851,0.876,0.85,0.857,3.03,2.55,0.86,-1769594.0,-2.54
560260,医疗ETF广发,0.876,1.86,0.016,24341.0,2105717.0,0.8761,0.01,1505550281,1505550281,1718664704.0,0.858,0.876,0.854,0.86,2.56,0.14,0.25,430884.0,20.46
517120,创新药ETF华泰柏瑞,0.767,1.86,0.014,176016.0,13372692.0,0.7719,0.63,448669229,448669229,584966400.0,0.743,0.768,0.743,0.753,3.32,3.01,0.89,509303.0,3.81
159328,家电ETF易方达,1.048,1.85,0.019,17716.0,1845404.5,1.0485,0.05,95951422,95951422,91556700.0,1.031,1.049,1.031,1.029,1.75,1.93,0.82,-79285.0,-4.3
159859,生物医药ETF天弘,0.399,1.79,0.007,3673731.0,145014732.54,0.3997,0.18,4024250211,4024250211,10085840128.0,0.388,0.4,0.388,0.392,3.06,3.64,0.92,-1357500.0,-0.94
517110,创新药ETF国泰,0.798,1.79,0.014,363798.0,28835637.0,0.7986,0.08,1101318600,1101318600,1380098496.0,0.774,0.8,0.774,0.784,3.32,2.64,0.89,-2649577.0,-9.19
513200,港股通医药ETF易方达,1.091,1.77,0.019,1164714.0,126315066.0,1.0918,0.07,976752767,976752767,895282096.0,1.07,1.094,1.068,1.072,2.43,13.01,1.16,1782941.0,1.41
520970,港股通创新药ETF嘉实,0.918,1.77,0.016,1055706.0,96271689.0,0.9194,0.15,1145074644,1145074644,1247358000.0,0.898,0.921,0.898,0.902,2.55,8.46,1.41,1543221.0,1.6
512120,医药ETF华安,0.466,1.75,0.008,140800.0,6514875.0,0.4674,0.3,360796727,360796727,774241904.0,0.456,0.467,0.456,0.458,2.4,1.82,0.7,475210.0,7.29
159173,农牧ETF南方,0.878,1.74,0.015,24569.0,2155628.0,0.8789,0.1,43421831,43421831,49455388.0,0.863,0.883,0.863,0.863,2.32,4.97,0.56,117612.0,5.46
513700,港股通医药ETF鹏华,0.647,1.73,0.011,1878348.0,120972656.0,0.6491,0.32,516853362,516853362,798846000.0,0.635,0.649,0.635,0.636,2.2,23.51,1.23,5744645.0,4.75
159847,医疗ETF易方达,0.412,1.73,0.007,236252.0,9652321.3,0.4125,0.12,1574180048,1574180048,3820825360.0,0.404,0.413,0.403,0.405,2.47,0.62,0.54,606037.0,6.28
159855,影视ETF银华,0.719,1.7,0.012,68306.0,4894786.5,0.7198,0.11,131163745,131163745,182425236.0,0.703,0.72,0.703,0.707,2.4,3.74,1.12,515431.0,10.53
513120,港股创新药ETF广发,1.313,1.7,0.022,42925080.0,5600331827.0,1.3189,0.45,25738260438,25738260438,19602635520.0,1.291,1.317,1.282,1.291,2.71,21.9,1.34,120657712.0,2.15
159730,家电ETF博时,1.028,1.68,0.017,8714.0,893685.1,1.029,0.1,43763338,43763338,42571340.0,1.02,1.029,1.02,1.011,0.89,2.05,2.12,-95105.0,-10.64
159718,港股医药ETF平安,0.915,1.67,0.015,300597.0,27385560.0,0.9179,0.32,168206860,168206860,183832634.0,0.909,0.918,0.9,0.9,2.0,16.35,1.49,2108811.0,7.7
159615,恒生生物科技ETF南方,1.161,1.66,0.019,1139702.0,131657836.0,1.1648,0.33,414540734,414540734,357054896.0,1.138,1.165,1.138,1.142,2.36,31.92,1.91,5807221.0,4.41
159132,恒生生物科技ETF富国,0.99,1.64,0.016,391714.0,38551638.1,0.9915,0.15,122723922,122723922,123963558.0,0.974,0.994,0.97,0.974,2.46,31.6,1.65,-2019682.0,-5.24
520760,恒生生物科技ETF摩根,0.995,1.63,0.016,119925.0,11858345.0,0.9972,0.22,135783670,135783670,136466000.0,0.982,0.998,0.979,0.979,1.94,8.79,0.97,349848.0,2.95
159622,创新药ETF东财,1.193,1.62,0.019,614957.0,72739642.7,1.2011,0.67,1379827656,1379827656,1156603232.0,1.162,1.197,1.162,1.174,2.98,5.32,0.92,1896829.0,2.61
515720,金融科技ETF富国,0.688,1.62,0.011,63810.0,4355574.0,0.6879,-0.01,310708374,310708374,451611008.0,0.674,0.689,0.672,0.677,2.51,1.41,0.98,755650.0,17.35
159169,恒生生物科技ETF广发,1.017,1.6,0.016,156245.0,15782828.9,1.0192,0.22,137167351,137167351,134874485.0,0.996,1.02,0.996,1.001,2.4,11.58,1.05,336458.0,2.13
562510,旅游ETF华夏,0.571,1.6,0.009,370235.0,21068989.0,0.5695,-0.26,609882250,609882250,1068095008.0,0.562,0.572,0.562,0.562,1.78,3.47,1.32,491208.0,2.33
159105,恒生生物科技ETF易方达,0.957,1.59,0.015,1610630.0,153262963.5,0.9587,0.18,177306246,177306246,185272984.0,0.943,0.96,0.939,0.942,2.23,86.93,2.16,-1420869.0,-0.93
159849,生物科技ETF招商,0.51,1.59,0.008,10586.0,532849.4,0.5108,0.16,79749922,79749922,156372396.0,0.502,0.51,0.498,0.502,2.39,0.68,0.32,16609.0,3.12
159102,港股通生物科技ETF华安,0.842,1.57,0.013,717972.0,60145503.0,0.8448,0.33,562979724,562979724,668622000.0,0.827,0.845,0.825,0.829,2.41,10.74,1.62,-661815.0,-1.1
563570,金融科技ETF兴业,0.72,1.55,0.011,124766.0,8931959.0,0.7196,-0.06,81629280,81629280,113374000.0,0.706,0.72,0.706,0.709,1.97,11.0,1.29,43567.0,0.49
512290,生物医药ETF国泰,1.048,1.55,0.016,679459.0,70599318.0,1.0486,0.06,3324068098,3324068098,3171820704.0,1.028,1.051,1.026,1.032,2.42,2.14,0.87,-5876310.0,-8.32
159275,农牧渔ETF华宝,0.851,1.55,0.013,60525.0,5142639.1,0.8515,0.06,215560776,215560776,253302909.0,0.835,0.856,0.835,0.838,2.51,2.39,1.02,207589.0,4.04
516860,金融科技ETF博时,1.054,1.54,0.016,263536.0,27601011.0,1.0545,0.05,1212650188,1212650188,1150522000.0,1.033,1.056,1.032,1.038,2.31,2.29,1.24,6188704.0,22.42
561120,家电ETF富国,1.257,1.53,0.019,76423.0,9583199.0,1.2588,0.14,35396994,35396994,28159900.0,1.244,1.258,1.244,1.238,1.13,27.14,2.04,172051.0,1.8
513280,恒生生物科技ETF汇添富,1.145,1.51,0.017,801954.0,91346606.0,1.1479,0.25,427216098,427216098,373114496.0,1.125,1.15,1.122,1.128,2.48,21.49,1.74,1684676.0,1.84
159892,恒生医药ETF华夏,0.81,1.5,0.012,8902103.0,717430311.7,0.8129,0.36,4567805499,4567805499,5639266048.0,0.799,0.813,0.795,0.798,2.26,15.79,1.64,12450448.0,1.74
159557,恒生医疗ETF嘉实,1.487,1.5,0.022,549617.0,81345447.6,1.5012,0.95,190179798,190179798,127894955.0,1.462,1.492,1.443,1.465,3.34,42.97,1.66,-1845893.0,-2.27
159776,港股医药ETF银华,1.219,1.5,0.018,189425.0,22973131.7,1.2208,0.15,99919925,99919925,81968765.0,1.203,1.223,1.197,1.201,2.16,23.11,1.39,450440.0,1.96
159851,金融科技ETF华宝,0.612,1.49,0.009,1592348.0,96765172.1,0.6119,-0.02,6036097287,6036097287,9862904064.0,0.601,0.613,0.601,0.603,1.99,1.61,1.06,10675806.0,11.03
515950,医药50ETF富国,0.951,1.49,0.014,64782.0,6108560.0,0.9527,0.18,506122778,506122778,532200608.0,0.936,0.952,0.929,0.937,2.45,1.22,0.82,1302151.0,21.32
560880,家电ETF广发,1.52,1.47,0.022,90761.0,13736046.0,1.5211,0.07,301312640,301312640,198232000.0,1.5,1.522,1.5,1.498,1.47,4.58,1.61,755743.0,5.5
512170,医疗ETF华宝,0.344,1.47,0.005,10018024.0,341597630.0,0.3449,0.26,24646506906,24646506906,71646822400.0,0.338,0.345,0.336,0.339,2.65,1.4,0.91,19149053.0,5.61
159020,养殖ETF易方达,0.905,1.46,0.013,53655.0,4841138.544,0.9052,0.02,121783209,121783209,134567082.0,0.889,0.91,0.888,0.892,2.47,3.99,1.41,140552.0,2.9
159748,创新药ETF富国,0.847,1.44,0.012,750932.0,63054892.934,0.8481,0.13,1273627232,1273627232,1503692128.0,0.822,0.85,0.822,0.835,3.35,4.99,1.25,843045.0,1.34
516820,医疗创新ETF平安,0.352,1.44,0.005,623881.0,21811374.0,0.3528,0.23,1608434139,1608434139,4569415168.0,0.346,0.352,0.345,0.347,2.02,1.37,0.65,300510.0,1.38
159303,恒生医疗ETF大成,1.619,1.44,0.023,701848.0,113193999.8,1.6266,0.47,119792551,119792551,73991693.0,1.593,1.626,1.59,1.596,2.26,94.85,1.77,1350445.0,1.19
513930,恒生生物科技ETF华泰柏瑞,1.065,1.43,0.015,749479.0,79341315.0,1.0665,0.14,103207020,103207020,96908000.0,1.1,1.1,1.048,1.05,4.95,77.34,2.21,954819.0,1.2
515120,创新药ETF广发,0.645,1.42,0.009,6428068.0,410185359.0,0.6447,-0.05,11082385955,11082385955,17181993728.0,0.63,0.646,0.628,0.636,2.83,3.74,0.92,-12644792.0,-3.08
560900,创新药ETF摩根,0.927,1.42,0.013,80606.0,7400888.0,0.9269,-0.01,189079356,189079356,203969100.0,0.912,0.929,0.906,0.914,2.52,3.95,0.7,-673775.0,-9.1
159377,创业板医药ETF国泰,1.003,1.42,0.014,113491.0,11260304.3,1.0025,-0.05,136537787,136537787,136129399.0,0.98,1.003,0.98,0.989,2.33,8.34,0.44,-96943.0,-0.86
516930,生物科技ETF民生加银,0.504,1.41,0.007,11050.0,553813.0,0.5045,0.1,53494358,53494358,106139600.0,0.497,0.504,0.497,0.497,1.41,1.04,1.57,58033.0,10.48
159041,农业ETF鹏华,1.013,1.4,0.014,23282.0,2366684.059,1.0128,-0.02,68348966,68348966,67471832.0,1.019,1.029,0.998,0.999,3.1,3.45,0.84,8494.0,0.36
561020,食品ETF招商,1.02,1.39,0.014,5928.0,600852.0,1.0205,0.05,34702644,34702644,34022200.0,1.013,1.02,1.011,1.006,0.89,1.74,0.38,61496.0,10.23
516100,金融科技ETF华夏,1.024,1.39,0.014,117678.0,11975789.0,1.0251,0.11,1145609929,1145609929,1118759696.0,1.008,1.026,1.005,1.01,2.08,1.05,0.86,1420469.0,11.86
513060,恒生医疗ETF博时,0.583,1.39,0.008,8098911.0,470116751.0,0.586,0.51,5082531838,5082531838,8717893376.0,0.576,0.586,0.572,0.575,2.43,9.29,1.41,16502923.0,3.51
560210,农牧渔ETF景顺,0.808,1.38,0.011,49456.0,3999687.0,0.8098,0.22,426237776,426237776,527522000.0,0.793,0.812,0.791,0.797,2.63,0.94,0.72,539474.0,13.49
159130,恒生生物科技ETF鹏华,0.957,1.38,0.013,74903.0,7132498.7,0.9613,0.45,197514719,197514719,206389466.0,0.944,0.96,0.941,0.944,2.01,3.63,1.06,-396814.0,-5.56
159929,医药ETF汇添富,1.334,1.37,0.018,329910.0,43668645.3,1.3341,0.01,2223383413,2223383413,1666704208.0,1.312,1.335,1.311,1.316,1.82,1.98,0.97,-1691572.0,-3.87
512430,家居家电ETF华泰柏瑞,0.9,1.35,0.012,5542.0,495413.0,0.8985,-0.17,25848000,25848000,28720000.0,0.889,0.9,0.889,0.888,1.24,1.93,0.71,-75349.0,-15.21
512200,房地产ETF南方,1.204,1.35,0.016,427727.0,51130834.0,1.2045,0.04,3388474876,3388474876,2814347904.0,1.183,1.206,1.181,1.188,2.1,1.52,0.89,3049689.0,5.96
516060,创新药ETF工银,0.601,1.35,0.008,75571.0,4499061.0,0.5999,-0.18,178038682,178038682,296237408.0,0.586,0.601,0.585,0.593,2.7,2.55,0.64,113007.0,2.51
159655,标普500ETF华夏,2.04,1.34,0.027,815945.0,165750625.106,1.8731,-8.91,4410771802,4410771802,2162143040.0,2.01,2.048,2.003,2.013,2.24,3.77,1.61,-15884489.0,-9.58
520500,恒生创新药ETF华泰柏瑞,1.435,1.34,0.019,7164672.0,1023629365.0,1.4413,0.44,2800122686,2800122686,1951305008.0,1.422,1.443,1.411,1.416,2.26,36.72,1.25,37156106.0,3.63
512010,医药ETF易方达,0.381,1.33,0.005,6758320.0,255912626.0,0.3814,0.1,15445242761,15445242761,40538694912.0,0.375,0.382,0.374,0.376,2.13,1.67,0.92,331062.0,0.13
516080,创新药ETF易方达,0.688,1.33,0.009,2586367.0,176182042.0,0.6886,0.09,3608253669,3608253669,5244554752.0,0.674,0.69,0.672,0.679,2.65,4.93,1.14,-8732923.0,-4.96
159176,家电ETF华宝,0.992,1.33,0.013,78411.0,7748617.4,0.9928,0.08,23116914,23116914,23303341.0,0.98,0.993,0.98,0.979,1.33,33.65,1.84,114266.0,1.47
159048,机器人ETF大成,0.843,1.32,0.011,108010.0,9077436.1,0.8421,-0.11,168434685,168434685,199803897.0,0.826,0.847,0.826,0.832,2.52,5.41,0.86,188255.0,2.07
159299,金融科技ETF易方达,0.69,1.32,0.009,187901.0,12912704.2,0.69,0.0,461936353,461936353,669472976.0,0.675,0.691,0.675,0.681,2.35,2.81,1.42,1081617.0,8.38
159182,家电ETF南方,0.927,1.31,0.012,312.0,28795.4,0.9295,0.27,33822210,33822210,36485663.0,0.915,0.927,0.915,0.915,1.31,0.09,0.55,19275.0,66.94
560160,食品ETF易方达,0.93,1.31,0.012,8186.0,758009.0,0.9306,0.06,104816580,104816580,112706000.0,0.921,0.93,0.919,0.918,1.2,0.73,0.58,-33055.0,-4.36
159645,疫苗ETF富国,0.621,1.31,0.008,55492.0,3406400.8,0.622,0.16,57467800,57467800,92540740.0,0.609,0.624,0.595,0.613,4.73,6.0,0.43,-683945.0,-20.08
159165,养殖ETF永赢,0.858,1.3,0.011,37123.0,3173210.2,0.8583,0.03,94870139,94870139,110571257.0,0.846,0.86,0.846,0.847,1.65,3.36,0.74,512191.0,16.14
159559,机器人ETF景顺,1.181,1.29,0.015,398896.0,46886204.6,1.1819,0.08,2400472993,2400472993,2032576624.0,1.159,1.188,1.159,1.166,2.49,1.96,0.72,850889.0,1.81
159996,家电ETF国泰,1.425,1.28,0.018,674325.0,95938641.1,1.4255,0.04,647740658,647740658,454554848.0,1.405,1.427,1.404,1.407,1.63,14.83,2.26,-3496264.0,-3.64
159766,旅游ETF富国,0.56,1.27,0.007,1705651.0,95375976.564,0.5602,0.04,3024078991,3024078991,5400141056.0,0.553,0.562,0.552,0.553,1.81,3.16,1.76,8602474.0,9.02
563850,食品ETF广发,0.957,1.27,0.012,5590.0,532336.0,0.956,-0.1,113386987,113386987,118481700.0,0.945,0.957,0.945,0.945,1.27,0.47,0.44,-94476.0,-17.75
515640,家电ETF华夏,0.955,1.27,0.012,989.0,94296.0,0.9576,0.27,16282750,16282750,17050000.0,0.945,0.955,0.945,0.943,1.06,0.58,0.75,-44841.0,-47.55
159707,地产ETF华宝,0.484,1.26,0.006,690785.0,33270055.8,0.4838,-0.04,558317333,558317333,1153548208.0,0.478,0.485,0.478,0.478,1.46,5.99,0.93,-2032155.0,-6.11
516500,生物科技ETF华夏,0.647,1.25,0.008,63209.0,4053402.0,0.6466,-0.06,135829368,135829368,209937200.0,0.635,0.648,0.632,0.639,2.5,3.01,0.67,-420717.0,-10.38
512450,畜牧养殖ETF广发,0.889,1.25,0.011,18193.0,1615977.0,0.8902,0.13,97671763,97671763,109867000.0,0.878,0.892,0.878,0.878,1.59,1.66,1.1,557243.0,34.48
159938,医药ETF广发,0.65,1.25,0.008,226243.0,14590414.9,0.6503,0.05,4692718784,4692718784,7219567360.0,0.637,0.65,0.637,0.642,2.02,0.31,0.49,-802810.0,-5.5
513650,标普500ETF南方,2.042,1.24,0.025,1638076.0,333111060.0,1.8704,-9.17,8886240861,8886240861,4351734016.0,2.016,2.048,2.011,2.017,1.83,3.76,1.74,-24142230.0,-7.25
159039,机器人ETF华安,0.818,1.24,0.01,339037.0,27695380.779,0.8181,0.01,780749445,780749445,954461424.0,0.805,0.824,0.801,0.808,2.85,3.55,1.09,1367890.0,4.94
159103,金融科技ETF汇添富,0.651,1.24,0.008,45911.0,2974515.1,0.6515,0.08,210537806,210537806,323406768.0,0.643,0.652,0.639,0.643,2.02,1.42,0.92,305730.0,10.28
159530,机器人ETF易方达,1.307,1.24,0.016,2970082.0,386122736.746,1.3082,0.09,16980038431,16980038431,12991613184.0,1.284,1.315,1.284,1.291,2.4,2.29,0.81,54085496.0,14.01
159869,游戏ETF华夏,1.075,1.22,0.013,2179330.0,233343379.326,1.0751,0.01,8653838202,8653838202,8050082048.0,1.06,1.079,1.057,1.062,2.07,2.71,1.07,12133017.0,5.2
159043,食品ETF华安,0.998,1.22,0.012,136587.0,13580797.11,0.9997,0.17,200369154,200369154,200770695.0,0.978,0.998,0.978,0.986,2.03,6.8,0.6,2662402.0,19.6
589720,科创创新药ETF国泰,0.914,1.22,0.011,5779074.0,523274666.0,0.914,0.0,4290154200,4290154200,4693822976.0,0.899,0.921,0.89,0.903,3.43,12.31,0.93,-1982634.0,-0.38
515060,房地产ETF华夏,0.579,1.22,0.007,387059.0,22258694.0,0.5792,0.03,548010818,548010818,946478096.0,0.571,0.579,0.569,0.572,1.75,4.09,1.1,858737.0,3.86
510150,消费ETF招商,0.5,1.21,0.006,536343.0,26697778.0,0.5011,0.22,1405589304,1405589304,2811178608.0,0.493,0.5,0.493,0.494,1.42,1.91,1.29,1135876.0,4.25
159838,医药50ETF博时,0.587,1.21,0.007,19160.0,1115567.1,0.588,0.17,131936152,131936152,224763462.0,0.581,0.587,0.577,0.58,1.72,0.85,0.41,8182.0,0.73
159050,机器人ETF广发,0.835,1.21,0.01,147463.0,12239218.878,0.8342,-0.1,577572519,577572519,691703616.0,0.818,0.839,0.818,0.825,2.55,2.13,0.6,2562599.0,20.94
159837,生物科技ETF易方达,0.505,1.2,0.006,1012396.0,50492337.202,0.5051,0.02,1386807180,1386807180,2746152832.0,0.495,0.506,0.493,0.499,2.61,3.69,1.69,939310.0,1.86
159278,机器人ETF鹏华,0.929,1.2,0.011,618679.0,57207005.492,0.9304,0.15,1984851100,1984851100,2136545856.0,0.913,0.935,0.913,0.918,2.4,2.9,0.68,6189845.0,10.82
561510,中药ETF华泰柏瑞,0.936,1.19,0.011,6760.0,629483.0,0.9365,0.05,60096816,60096816,64206000.0,0.923,0.936,0.921,0.925,1.62,1.05,0.55,101332.0,16.1
560420,食品ETF前海开源,0.936,1.19,0.011,1238.0,115851.0,0.938,0.21,124282267,124282267,132780200.0,0.936,0.937,0.929,0.925,0.86,0.09,0.14,58925.0,50.86
515840,食品ETF南方,1.033,1.18,0.012,32370.0,3326546.0,1.0343,0.13,38661471,38661471,37426400.0,1.025,1.033,1.024,1.021,0.88,8.65,1.04,37932.0,1.14
159992,创新药ETF银华,0.86,1.18,0.01,7749326.0,661420841.745,0.8624,0.28,16477411763,16477411763,19159781120.0,0.844,0.863,0.842,0.85,2.47,4.04,0.96,-37589370.0,-5.68
159858,创新药ETF南方,0.694,1.17,0.008,309576.0,21266952.6,0.6956,0.23,679494234,679494234,979098320.0,0.682,0.696,0.679,0.686,2.48,3.16,0.82,-974835.0,-4.58
560080,中药ETF汇添富,0.953,1.17,0.011,399181.0,37790293.0,0.9539,0.09,2161656553,2161656553,2268265008.0,0.941,0.954,0.936,0.942,1.91,1.76,1.12,2301807.0,6.09
159768,房地产ETF银华,0.434,1.17,0.005,523542.0,22706433.5,0.4339,-0.02,355424432,355424432,818950304.0,0.43,0.436,0.429,0.429,1.63,6.39,1.36,-1319561.0,-5.81
159506,港股通创新药医疗ETF富国,1.302,1.17,0.015,3400001.0,440913093.2,1.3051,0.24,3271323143,3271323143,2512536976.0,1.285,1.31,1.28,1.287,2.33,13.53,1.32,12742580.0,2.89
562900,农业ETF易方达,0.69,1.17,0.008,152012.0,10474549.0,0.6918,0.26,164707347,164707347,238706300.0,0.678,0.695,0.678,0.682,2.49,6.37,1.06,62522.0,0.6
516770,游戏ETF华泰柏瑞,1.128,1.17,0.013,123520.0,13899560.0,1.1296,0.14,296718144,296718144,263048000.0,1.114,1.133,1.11,1.115,2.06,4.7,0.67,1038690.0,7.47
510660,医药ETF华夏,2.499,1.17,0.029,24478.0,6091622.0,2.5007,0.07,130896870,130896870,52379700.0,2.472,2.508,2.454,2.47,2.19,4.67,1.0,-276690.0,-4.54
159007,养殖ETF华泰柏瑞,0.873,1.16,0.01,58901.0,5129618.9,0.8742,0.14,166396658,166396658,190603274.0,0.863,0.876,0.861,0.863,1.74,3.09,0.62,-35453.0,-0.69
159670,消费50ETF国联安,0.875,1.16,0.01,38760.0,3382184.0,0.875,0.0,48743556,48743556,55706921.0,0.872,0.875,0.87,0.865,0.58,6.96,2.47,824.0,0.02
159023,养殖ETF万家,1.055,1.15,0.012,19166.0,2021014.555,1.0554,0.04,39855730,39855730,37777943.0,1.043,1.058,1.043,1.043,1.44,5.07,0.71,-2682.0,-0.13
159981,能源化工ETF建信,1.595,1.14,0.018,3753681.0,604299141.6,1.5931,-0.12,2771371451,2771371451,1737536960.0,1.595,1.627,1.59,1.577,2.35,21.6,3.39,-34818136.0,-5.76
159647,中药ETF鹏华,0.885,1.14,0.01,98842.0,8688104.4,0.8864,0.16,906206158,906206158,1023961760.0,0.869,0.886,0.869,0.875,1.94,0.97,0.72,830424.0,9.56
515650,消费50ETF富国,1.078,1.13,0.012,314792.0,33881631.0,1.0792,0.11,3282708352,3282708352,3045184000.0,1.069,1.079,1.069,1.066,0.94,1.03,0.9,12911101.0,38.11
159027,畜牧养殖ETF大成,0.899,1.12,0.01,24952.0,2235559.8,0.9,0.11,102910582,102910582,114472283.0,0.89,0.901,0.889,0.889,1.35,2.18,0.71,-83311.0,-3.73
561400,畜牧养殖ETF鑫元,1.0,1.11,0.011,32028.0,3196095.0,1.0023,0.23,55519000,55519000,55519000.0,0.992,1.003,0.99,0.989,1.31,5.77,0.99,162030.0,5.07
159172,养殖ETF汇添富,0.825,1.1,0.009,83277.0,6860463.0,0.8262,0.15,325734169,325734169,394829296.0,0.812,0.829,0.812,0.816,2.08,2.11,1.23,818481.0,11.93
561470,畜牧养殖ETF天弘,1.02,1.09,0.011,13443.0,1369071.0,1.0216,0.16,50934720,50934720,49936000.0,1.011,1.023,1.011,1.009,1.19,2.69,1.03,340734.0,24.89
159151,食品ETF华夏,0.924,1.09,0.01,89463.0,8245414.5,0.9244,0.04,175052782,175052782,189451063.0,0.914,0.924,0.906,0.914,1.97,4.72,1.24,194289.0,2.36
159643,疫苗ETF国泰,0.559,1.08,0.006,195157.0,10798886.9,0.5593,0.05,229408359,229408359,410390624.0,0.545,0.56,0.545,0.553,2.71,4.76,0.44,-317792.0,-2.94
516810,农业ETF华夏,0.749,1.08,0.008,932765.0,69980203.0,0.7498,0.11,393583693,393583693,525478896.0,0.741,0.754,0.741,0.741,1.75,17.75,1.59,-414119.0,-0.59
560320,食品ETF富国,0.937,1.08,0.01,40474.0,3778005.0,0.9384,0.15,116499084,116499084,124332000.0,0.929,0.937,0.922,0.927,1.62,3.26,1.83,31699.0,0.84
159086,金融科技ETF广发,1.036,1.07,0.011,13114.0,1356152.173,1.0372,0.12,33566217,33566217,32399823.0,1.025,1.038,1.023,1.025,1.46,4.05,0.54,401362.0,29.6
159551,机器人ETF国泰,1.226,1.07,0.013,63688.0,7788540.79,1.2281,0.17,379963058,379963058,309920928.0,1.21,1.234,1.205,1.213,2.39,2.05,0.66,-157101.0,-2.02
159835,创新药ETF建信,0.668,1.06,0.007,162500.0,10752502.9,0.6676,-0.06,236808768,236808768,354504144.0,0.655,0.669,0.653,0.661,2.42,4.58,0.75,236994.0,2.2
159011,养殖ETF华安,1.049,1.06,0.011,11082.0,1157523.8,1.0497,0.07,29901921,29901921,28505168.0,1.039,1.053,1.034,1.038,1.83,3.89,0.49,147743.0,12.76
588860,科创医药ETF工银,0.675,1.05,0.007,82617.0,5541519.0,0.6746,-0.06,230100350,230100350,340889408.0,0.668,0.679,0.661,0.668,2.69,2.42,0.56,-623014.0,-11.24
159798,消费ETF易方达,0.865,1.05,0.009,89878.0,7762716.2,0.8679,0.33,150722262,150722262,174245390.0,0.858,0.867,0.858,0.856,1.05,5.16,1.32,182177.0,2.35
159891,医疗ETF建信,0.384,1.05,0.004,147087.0,5601939.2,0.3831,-0.23,132489535,132489535,345024832.0,0.381,0.384,0.377,0.38,1.84,4.26,0.94,-50023.0,-0.89
562390,中药ETF银华,0.867,1.05,0.009,7492.0,645630.0,0.8682,0.14,68864943,68864943,79429000.0,0.852,0.867,0.852,0.858,1.75,0.94,0.55,-36857.0,-5.71
159258,机器人ETF南方,1.065,1.04,0.011,145897.0,15504037.1,1.0659,0.08,1429512932,1429512932,1342265664.0,1.042,1.071,1.042,1.054,2.75,1.09,0.88,485928.0,3.13
513300,纳斯达克ETF华夏,2.657,1.03,0.027,922655.0,243211699.0,2.4295,-9.36,14120416576,14120416576,5314420992.0,2.62,2.659,2.616,2.63,1.63,1.74,1.41,-49187610.0,-20.22
159827,农业ETF银华,0.785,1.03,0.008,20323.0,1598409.4,0.7854,0.05,71212423,71212423,90716463.0,0.776,0.79,0.773,0.777,2.19,2.24,1.13,-197024.0,-12.33
159272,机器人ETF富国,0.789,1.02,0.008,632541.0,49675401.446,0.7895,0.06,2988861939,2988861939,3788164688.0,0.774,0.795,0.774,0.781,2.69,1.67,0.51,4295028.0,8.65
512980,传媒ETF广发,0.801,1.01,0.008,968641.0,77383896.0,0.802,0.12,3815903508,3815903508,4763924480.0,0.792,0.804,0.79,0.793,1.77,2.03,0.71,2601944.0,3.36
516670,畜牧养殖ETF招商,0.601,1.01,0.006,351596.0,21014330.0,0.6003,-0.12,2072408049,2072408049,3448266304.0,0.594,0.602,0.592,0.595,1.68,1.02,1.01,1736924.0,8.27
562360,机器人ETF银华,1.017,0.99,0.01,91303.0,9247216.0,1.0168,-0.02,305582058,305582058,300474000.0,1.002,1.023,1.0,1.007,2.28,3.04,0.93,1075426.0,11.63
159805,传媒ETF鹏华,1.123,0.99,0.011,52624.0,5881692.3,1.1224,-0.05,276766135,276766135,246452480.0,1.104,1.126,1.104,1.112,1.98,2.14,0.35,35430.0,0.6
159877,医疗ETF南方,0.511,0.99,0.005,21931.0,1114301.0,0.5128,0.35,127132861,127132861,248792292.0,0.505,0.512,0.505,0.506,1.38,0.88,0.4,104502.0,9.38
560130,食品ETF鹏华,0.921,0.99,0.009,3808.0,350532.0,0.9233,0.25,64263880,64263880,69776200.0,0.915,0.921,0.915,0.912,0.66,0.55,3.64,123203.0,35.15
159213,机器人ETF汇添富,1.134,0.98,0.011,152490.0,17243191.5,1.1342,0.02,566135402,566135402,499237568.0,1.119,1.141,1.11,1.123,2.76,3.05,0.99,2490668.0,14.44
562500,机器人ETF华夏,0.941,0.97,0.009,2994570.0,280930602.0,0.9409,-0.01,17657570806,17657570806,18764687360.0,0.928,0.947,0.927,0.932,2.15,1.6,0.79,16363014.0,5.82
560770,机器人ETF招商,0.939,0.97,0.009,136482.0,12770239.0,0.9392,0.02,1567785395,1567785395,1669633008.0,0.926,0.946,0.916,0.93,3.23,0.82,0.94,461201.0,3.61
589120,科创创新药ETF汇添富,0.843,0.96,0.008,1304180.0,108982686.0,0.8432,0.02,1098108660,1098108660,1302620000.0,0.827,0.85,0.821,0.835,3.47,10.01,0.93,-8285063.0,-7.6
159865,养殖ETF国泰,0.532,0.95,0.005,2037351.0,108167482.751,0.5332,0.23,6493302388,6493302388,12205455616.0,0.526,0.535,0.524,0.527,2.09,1.67,0.96,9851850.0,9.11
560630,机器人ETF万家,1.067,0.95,0.01,25960.0,2765390.0,1.0676,0.06,173274398,173274398,162394000.0,1.047,1.074,1.047,1.057,2.55,1.6,0.51,-19270.0,-0.7
516010,游戏ETF国泰,1.065,0.95,0.01,362274.0,38448037.0,1.067,0.19,2564193054,2564193054,2407693008.0,1.053,1.07,1.046,1.055,2.27,1.5,0.88,2197392.0,5.72
159217,港股通创新药ETF工银,1.187,0.94,0.011,3299121.0,391381483.4,1.1884,0.12,7073519957,7073519957,5959157504.0,1.177,1.197,1.172,1.176,2.13,5.54,0.97,-6475348.0,-1.65
159770,机器人ETF天弘,0.975,0.93,0.009,679562.0,66092775.0,0.9754,0.04,6000235488,6000235488,6154087680.0,0.96,0.982,0.96,0.966,2.28,1.1,0.74,5575495.0,8.44
159867,养殖ETF鹏华,0.543,0.93,0.005,347931.0,18849475.9,0.5432,0.04,871864475,871864475,1605643600.0,0.538,0.546,0.535,0.538,2.04,2.17,0.95,239764.0,1.27
563670,金融科技ETF鹏华,0.661,0.92,0.006,7257.0,477297.0,0.6623,0.2,120293407,120293407,181987000.0,0.659,0.662,0.655,0.655,1.07,0.4,0.99,-31221.0,-6.54
512620,农业ETF天弘,0.886,0.91,0.008,78228.0,6945644.0,0.8865,0.06,1266684076,1266684076,1429666000.0,0.879,0.892,0.876,0.878,1.82,0.55,1.09,496382.0,7.15
159057,医疗器械ETF鹏华,1.007,0.9,0.009,12061.0,1210201.735,1.0085,0.15,33951341,33951341,33715334.0,1.017,1.017,0.997,0.998,2.0,3.58,0.97,-20592.0,-1.7
562530,中证1000价值ETF华夏,1.249,0.89,0.011,15387.0,1911504.0,1.2501,0.09,232493856,232493856,186144000.0,1.227,1.249,1.227,1.238,1.78,0.83,0.4,77704.0,4.07
159056,医疗器械ETF富国,1.022,0.89,0.009,11971.0,1216230.861,1.0217,-0.03,75560914,75560914,73934358.0,1.012,1.023,1.011,1.013,1.18,1.62,0.28,172444.0,14.18
588130,科创医药ETF华夏,1.032,0.88,0.009,758154.0,77809776.0,1.0305,-0.15,457777251,457777251,443582608.0,1.019,1.039,1.009,1.023,2.93,17.09,1.49,-1729539.0,-2.22
520830,沙特ETF华泰柏瑞,0.914,0.88,0.008,189152.0,17283071.0,0.9149,0.1,1023788773,1023788773,1120119008.0,0.912,0.915,0.912,0.906,0.33,1.69,2.55,5445116.0,31.51
516760,养殖ETF平安,0.572,0.88,0.005,38509.0,2203196.0,0.5735,0.26,180875039,180875039,316215104.0,0.565,0.575,0.565,0.567,1.76,1.22,0.77,439403.0,19.94
513360,教育ETF博时,0.459,0.88,0.004,556732.0,25357332.0,0.4602,0.26,286284682,286284682,623713904.0,0.455,0.459,0.451,0.455,1.76,8.93,1.03,1839180.0,7.25
516130,消费龙头ETF华宝,0.688,0.88,0.006,173185.0,11902445.0,0.6859,-0.31,1116548320,1116548320,1622890000.0,0.682,0.69,0.682,0.682,1.17,1.07,1.46,-408203.0,-3.43
159941,纳指ETF广发,1.63,0.87,0.014,4670684.0,755667342.849,1.4699,-10.89,36729132483,36729132483,22533210112.0,1.61,1.63,1.608,1.616,1.36,2.07,1.48,-31961379.0,-4.23
561370,中证2000ETF国泰,1.387,0.87,0.012,3050.0,419272.0,1.3886,0.12,44877772,44877772,32356000.0,1.375,1.389,1.365,1.375,1.75,0.94,0.35,31407.0,7.49
159760,医疗健康ETF泰康,0.584,0.86,0.005,4189.0,243649.3,0.5877,0.63,77298370,77298370,132360223.0,0.579,0.586,0.577,0.579,1.55,0.32,0.32,-33659.0,-13.81
159872,智能网联汽车ETF鹏华,0.823,0.86,0.007,206.0,16900.3,0.8223,-0.09,48392179,48392179,58799732.0,0.814,0.824,0.814,0.816,1.23,0.04,0.05,5648.0,33.42
515960,医药ETF嘉实,0.837,0.84,0.007,21901.0,1819581.0,0.838,0.12,200873220,200873220,239991900.0,0.829,0.837,0.823,0.83,1.69,0.91,0.59,-4773.0,-0.26
159825,农业ETF富国,0.727,0.83,0.006,840673.0,61213775.3,0.7278,0.11,1812467276,1812467276,2493077408.0,0.721,0.733,0.718,0.721,2.08,3.37,0.87,350927.0,0.57
159898,医疗器械ETF招商,0.493,0.82,0.004,254869.0,12488354.5,0.4939,0.18,441776724,441776724,896098832.0,0.487,0.494,0.486,0.489,1.64,2.84,1.38,79452.0,0.64
159612,标普500ETF国泰,2.086,0.82,0.017,146054.0,30389107.27,1.9268,-8.26,928058596,928058596,444898656.0,2.069,2.092,2.058,2.069,1.64,3.28,1.31,-294817.0,-0.97
159804,创中盘88ETF国寿,1.589,0.82,0.013,102.0,16147.4,1.5918,0.18,25264585,25264585,15899676.0,1.576,1.596,1.57,1.576,1.65,0.06,0.19,0.0,0.0
159895,物联网ETF易方达,1.353,0.82,0.011,51495.0,6894599.9,1.3554,0.18,100449242,100449242,74241864.0,1.352,1.354,1.325,1.342,2.16,6.94,2.23,-564005.0,-8.18
560720,红利低波100ETF工银,0.987,0.82,0.008,28146.0,2771650.0,0.9866,-0.04,100227876,100227876,101548000.0,0.981,0.987,0.981,0.979,0.61,2.77,1.5,629737.0,22.72
159725,线上消费ETF工银,0.745,0.81,0.006,26590.0,1971699.2,0.7458,0.11,94186568,94186568,126424924.0,0.735,0.748,0.735,0.739,1.76,2.1,0.78,305602.0,15.5
588700,科创医药ETF嘉实,1.011,0.8,0.008,556805.0,55894002.0,1.0117,0.07,450234906,450234906,445336208.0,0.996,1.019,0.99,1.003,2.89,12.5,1.17,-184433.0,-0.33
516560,养老ETF华宝,0.758,0.8,0.006,10474.0,789287.0,0.7543,-0.49,157101564,157101564,207258000.0,0.749,0.759,0.747,0.752,1.6,0.51,0.53,43256.0,5.48
159689,消费ETF南方,0.633,0.8,0.005,60441.0,3811918.0,0.6329,-0.02,57063549,57063549,90147787.0,0.632,0.633,0.628,0.628,0.8,6.7,3.86,72277.0,1.9
561810,医疗器械ETF华泰柏瑞,1.002,0.8,0.008,22448.0,2245318.0,1.0029,0.09,68775677,68775677,68638400.0,0.989,1.019,0.989,0.994,3.02,3.27,0.55,-447195.0,-19.92
159051,医疗器械ETF易方达,1.023,0.79,0.008,15109.0,1541664.342,1.0242,0.12,92190606,92190606,90117894.0,1.025,1.025,1.01,1.015,1.48,1.68,0.81,89142.0,5.78
588730,科创人工智能ETF易方达,1.397,0.79,0.011,440945.0,61326015.0,1.3967,-0.02,1053891637,1053891637,754396304.0,1.381,1.409,1.37,1.386,2.81,5.85,1.25,-198055.0,-0.32
159526,机器人ETF嘉实,1.396,0.79,0.011,100408.0,13993232.8,1.3969,0.06,822192292,822192292,588962960.0,1.381,1.404,1.372,1.385,2.31,1.7,0.91,728456.0,5.21
513100,纳指ETF国泰,2.183,0.78,0.017,1199438.0,259631223.0,1.9629,-11.21,20662336283,20662336283,9465110528.0,2.159,2.183,2.154,2.166,1.34,1.27,1.87,-13869863.0,-5.34
562600,医疗器械ETF华夏,0.779,0.78,0.006,126830.0,9827231.0,0.779,0.0,353617241,353617241,453937408.0,0.767,0.781,0.767,0.773,1.81,2.79,0.63,244571.0,2.49
159316,港股通创新药ETF易方达,1.162,0.78,0.009,4954273.0,574136754.3,1.1655,0.3,6411144506,6411144506,5517336064.0,1.152,1.17,1.147,1.153,1.99,8.98,1.18,-771402.0,-0.13
159873,医疗设备ETF天弘,0.525,0.77,0.004,59506.0,3109034.1,0.527,0.38,243033000,243033000,462920000.0,0.52,0.527,0.515,0.521,2.3,1.29,0.44,129066.0,4.15
588250,科创医药ETF鹏华,1.05,0.77,0.008,54543.0,5690025.0,1.05,0.0,278958750,278958750,265675000.0,1.036,1.058,1.03,1.042,2.69,2.05,0.64,-932958.0,-16.4
588930,科创人工智能ETF银华,1.465,0.76,0.011,285320.0,41507750.0,1.4651,0.01,921966997,921966997,629329008.0,1.438,1.478,1.438,1.454,2.75,4.53,1.52,-1425660.0,-3.43
159329,沙特ETF南方,0.927,0.76,0.007,221335.0,20511161.8,0.9269,-0.01,1105622874,1105622874,1192689184.0,0.926,0.928,0.926,0.92,0.22,1.86,1.73,4731776.0,23.07
159520,消费龙头ETF工银,0.928,0.76,0.007,28499.0,2642215.9,0.9292,0.13,143076858,143076858,154177649.0,0.921,0.93,0.921,0.921,0.98,1.85,0.71,592919.0,22.44
159928,消费ETF汇添富,0.665,0.76,0.005,2237567.0,148357374.2,0.6645,-0.08,15335318280,15335318280,23060628992.0,0.661,0.665,0.66,0.66,0.76,0.97,1.04,6321371.0,4.26
159797,医疗器械ETF汇添富,0.675,0.75,0.005,23892.0,1603550.6,0.6744,-0.09,262567742,262567742,388989248.0,0.67,0.675,0.665,0.67,1.49,0.61,0.53,-452166.0,-28.2
513400,道琼斯ETF鹏华,1.341,0.75,0.01,905977.0,121160444.0,1.3168,-1.84,3556415142,3556415142,2652062000.0,1.332,1.342,1.331,1.331,0.83,3.42,0.93,-2187089.0,-1.81
562580,可选消费ETF华夏,1.072,0.75,0.008,2641.0,282483.0,1.0742,0.2,40439378,40439378,37723300.0,1.066,1.072,1.066,1.064,0.56,0.7,0.24,18494.0,6.55
516190,传媒ETF华夏,0.964,0.73,0.007,63166.0,6072764.0,0.9647,0.07,99117034,99117034,102818500.0,0.951,0.967,0.951,0.957,1.67,6.14,0.91,444576.0,7.32
159866,日经ETF工银,1.668,0.72,0.012,691969.0,114591958.2,1.6188,-3.04,1826425599,1826425599,1094979376.0,1.645,1.669,1.641,1.656,1.69,6.32,0.99,1126889.0,0.98
589520,科创人工智能ETF华宝,0.562,0.72,0.004,398305.0,22277623.0,0.5622,0.04,478882790,478882790,852104608.0,0.551,0.567,0.551,0.558,2.87,4.67,1.38,1121853.0,5.04
561010,软件ETF华安,0.844,0.72,0.006,52466.0,4402668.0,0.8444,0.05,255188464,255188464,302356000.0,0.832,0.844,0.83,0.838,1.67,1.74,0.56,-50965.0,-1.16
513000,日经225ETF易方达,2.269,0.71,0.016,313758.0,70595899.0,2.1875,-3.73,2268798985,2268798985,999911408.0,2.236,2.269,2.232,2.253,1.64,3.14,0.95,3262358.0,4.62
516610,医疗设备ETF大成,0.428,0.71,0.003,50360.0,2147018.0,0.4293,0.3,100997214,100997214,235974800.0,0.424,0.429,0.422,0.425,1.65,2.13,0.77,53065.0,2.47
589110,科创人工智能ETF国泰,0.867,0.7,0.006,142673.0,12405598.0,0.8673,0.03,458134078,458134078,528413008.0,0.851,0.876,0.851,0.861,2.9,2.7,2.42,-3992273.0,-32.18
512600,消费ETF嘉实,0.572,0.7,0.004,213354.0,12155045.0,0.5715,-0.09,980554487,980554487,1714256096.0,0.568,0.572,0.562,0.568,1.76,1.24,1.36,-150414.0,-1.24
560570,A500红利ETF国联安,1.004,0.7,0.007,148575.0,14864701.0,1.0035,-0.05,1166187365,1166187365,1161541200.0,0.997,1.005,0.997,0.997,0.8,1.28,1.47,-352492.0,-2.37
589010,科创人工智能ETF华夏,1.322,0.69,0.009,477244.0,62648811.0,1.3219,-0.01,1229186357,1229186357,929793008.0,1.3,1.335,1.297,1.313,2.89,5.13,1.58,342153.0,0.55
159883,医疗器械ETF永赢,0.44,0.69,0.003,963778.0,42226477.4,0.4401,0.02,3985536614,3985536614,9058037760.0,0.436,0.441,0.434,0.437,1.6,1.06,0.77,262621.0,0.62
560680,消费ETF广发,0.73,0.69,0.005,102040.0,7425083.0,0.7295,-0.07,247999688,247999688,339725600.0,0.725,0.73,0.724,0.725,0.83,3.0,1.22,-233101.0,-3.14
159586,计算机ETF南方,1.022,0.69,0.007,52716.0,5351865.0,1.0229,0.09,271367493,271367493,265525923.0,1.014,1.023,1.004,1.015,1.87,1.99,0.93,271840.0,5.08
516950,基建ETF银华,1.033,0.68,0.007,95435.0,9803288.0,1.0314,-0.16,112412093,112412093,108821000.0,1.023,1.033,1.023,1.026,0.97,8.77,2.58,-533429.0,-5.44
520690,港股创新药ETF博时,0.744,0.68,0.005,1140522.0,84621548.0,0.7464,0.32,479473776,479473776,644454000.0,0.737,0.749,0.735,0.739,1.89,17.7,1.45,-1119518.0,-1.32
159577,美国50ETF汇添富,1.623,0.68,0.011,219751.0,35518813.1,1.5514,-4.62,1292988580,1292988580,796665792.0,1.609,1.624,1.605,1.612,1.18,2.76,1.12,3892698.0,10.96
588790,科创AIETF博时,0.747,0.67,0.005,1490747.0,110684614.0,0.7475,0.07,2537845848,2537845848,3397384000.0,0.733,0.754,0.73,0.742,3.23,4.39,0.92,5718129.0,5.17
513500,标普500ETF博时,2.69,0.67,0.018,607930.0,163096072.0,2.4551,-9.57,27458547640,27458547640,10207638528.0,2.668,2.693,2.658,2.672,1.31,0.6,0.87,13086932.0,8.02
159657,疫苗ETF鹏华,0.599,0.67,0.004,47470.0,2813365.5,0.5998,0.13,113519377,113519377,189514819.0,0.587,0.602,0.587,0.595,2.52,2.5,0.31,623074.0,22.15
159018,石油ETF广发,0.916,0.66,0.006,49282.0,4511653.1,0.916,0.0,24644250,24644250,26904203.0,0.91,0.919,0.908,0.91,1.21,18.32,1.89,65605.0,1.45
562050,药ETF华宝,0.916,0.66,0.006,21627.0,1976162.0,0.9169,0.1,91112688,91112688,99468000.0,0.906,0.92,0.905,0.91,1.65,2.17,0.44,119480.0,6.05
513880,日经225ETF华安,2.129,0.66,0.014,563161.0,118903177.0,2.0305,-4.85,2782539130,2782539130,1306970000.0,2.099,2.129,2.091,2.115,1.8,4.31,1.15,2845255.0,2.39
159728,在线消费ETF南方,0.76,0.66,0.005,23968.0,1811835.5,0.7606,0.08,36031698,36031698,47410129.0,0.752,0.762,0.752,0.755,1.32,5.06,0.72,-227889.0,-12.58
560220,中证2000ETF广发,1.409,0.64,0.009,27190.0,3807668.0,1.4097,0.05,89777253,89777253,63717000.0,1.389,1.412,1.385,1.4,1.93,4.27,0.74,-157508.0,-4.14
159565,汽车零部件ETF易方达,1.285,0.63,0.008,147603.0,18870461.2,1.2858,0.06,179420992,179420992,139627231.0,1.276,1.289,1.266,1.277,1.8,10.57,1.4,1702939.0,9.02
159531,中证2000ETF南方,1.43,0.63,0.009,955391.0,135414346.434,1.4294,-0.04,1367950012,1367950012,956608400.0,1.404,1.434,1.398,1.421,2.53,9.99,1.25,-8906443.0,-6.58
159936,可选消费ETF广发,1.913,0.63,0.012,4522.0,863463.9,1.9182,0.27,206902608,206902608,108156094.0,1.908,1.917,1.903,1.901,0.74,0.42,1.66,144580.0,16.74
513520,日经ETF华夏,2.263,0.62,0.014,557987.0,125332563.0,2.1659,-4.48,2430206734,2430206734,1073887200.0,2.228,2.264,2.224,2.249,1.78,5.2,0.97,2070964.0,1.65
563590,A500红利低波动ETF国寿,0.983,0.61,0.006,992.0,97195.0,0.9847,0.17,60891345,60891345,61944400.0,0.977,0.983,0.952,0.977,3.17,0.16,0.99,87629.0,90.16
561680,A500红利低波ETF平安,0.998,0.6,0.006,1710.0,170198.0,0.9982,0.02,58052662,58052662,58169000.0,0.994,0.998,0.994,0.992,0.4,0.29,0.25,-60200.0,-35.37
563510,A500红利低波ETF易方达,1.008,0.6,0.006,36468.0,3667644.0,1.0082,0.02,295885304,295885304,293537008.0,1.002,1.009,1.002,1.002,0.7,1.24,0.91,1309826.0,35.71
515730,家居家电ETF永赢,0.84,0.6,0.005,32827.0,2752114.0,0.8434,0.4,30989280,30989280,36892000.0,0.843,0.851,0.834,0.835,2.04,8.9,3.0,577597.0,20.99
159296,A500红利低波ETF华宝,1.009,0.6,0.006,5260.0,530509.445,1.0099,0.09,45448327,45448327,45042941.0,1.005,1.009,1.004,1.003,0.5,1.17,0.54,109711.0,20.68
159696,纳指ETF易方达,2.01,0.6,0.012,212671.0,42480139.2,1.8271,-10.01,5633676304,5633676304,2802824032.0,1.993,2.01,1.989,1.998,1.05,0.76,1.07,-16966.0,-0.04
562700,汽车零部件ETF华夏,1.186,0.59,0.007,106011.0,12539790.0,1.1872,0.1,121861500,121861500,102750000.0,1.175,1.189,1.168,1.179,1.78,10.32,1.23,1571997.0,12.54
516790,医疗ETF华泰柏瑞,0.515,0.59,0.003,31162.0,1600963.0,0.5159,0.17,97428833,97428833,189182200.0,0.51,0.517,0.509,0.512,1.56,1.65,0.71,-10293.0,-0.64
159613,信息安全ETF嘉实,0.851,0.59,0.005,19378.0,1639539.7,0.8522,0.14,94963275,94963275,111590217.0,0.846,0.851,0.838,0.846,1.54,1.74,0.39,380491.0,23.21
159590,软件ETF汇添富,0.863,0.58,0.005,264622.0,22706256.0,0.8623,-0.08,676904185,676904185,784361744.0,0.857,0.864,0.851,0.858,1.52,3.37,0.89,-178089.0,-0.78
159567,港股创新药ETF银华,0.706,0.57,0.004,10295709.0,725256944.1,0.7082,0.31,7503883278,7503883278,10628729856.0,0.702,0.711,0.698,0.702,1.85,9.69,1.2,1022928.0,0.14
588760,科创人工智能ETF广发,0.708,0.57,0.004,1527802.0,107524752.0,0.7085,0.07,1778872656,1778872656,2512532000.0,0.695,0.714,0.695,0.704,2.7,6.08,1.3,2618526.0,2.44
513850,美国50ETF易方达,1.81,0.56,0.01,150657.0,27171374.0,1.7266,-4.83,2240585620,2240585620,1237892608.0,1.796,1.814,1.794,1.8,1.11,1.22,0.74,3629294.0,13.36
159036,软件开发ETF华宝,0.905,0.56,0.005,36170.0,3256478.6,0.9058,0.09,260404845,260404845,287740160.0,0.891,0.905,0.891,0.9,1.56,1.26,0.36,719608.0,22.1
159660,纳指ETF汇添富,2.338,0.56,0.013,219870.0,51053459.19,2.145,-9.0,5267867880,5267867880,2253151360.0,2.317,2.338,2.312,2.325,1.12,0.98,1.09,-1084571.0,-2.12
562920,信息安全ETF易方达,0.902,0.56,0.005,28881.0,2598793.0,0.9037,0.19,82144238,82144238,91069000.0,0.898,0.903,0.89,0.897,1.45,3.17,0.67,-224749.0,-8.65
589560,科创人工智能ETF汇添富,0.891,0.56,0.005,51624.0,4570321.0,0.8918,0.09,233758305,233758305,262355000.0,0.884,0.899,0.876,0.886,2.6,1.97,1.09,-633495.0,-13.86
159195,石油ETF华安,0.91,0.55,0.005,129264.0,11757019.33,0.9107,0.08,69606049,69606049,76490164.0,0.908,0.914,0.903,0.905,1.22,16.9,1.89,293515.0,2.5
513390,纳指100ETF博时,2.393,0.55,0.013,300847.0,71595077.0,2.2032,-8.61,5117141196,5117141196,2138379104.0,2.37,2.4,2.368,2.38,1.34,1.41,1.02,-13774072.0,-19.24
517990,沪港深医药ETF招商,0.908,0.55,0.005,9406.0,850637.0,0.919,1.2,43573013,43573013,47987900.0,0.905,0.913,0.903,0.903,1.11,1.96,0.44,-23064.0,-2.71
560520,红利低波100ETF大成,1.1,0.55,0.006,764.0,83534.0,1.1003,0.03,54726100,54726100,49751000.0,1.093,1.103,1.041,1.094,5.67,0.15,0.22,-4300.0,-5.15
159297,港股通创新药ETF南方,0.741,0.54,0.004,2404754.0,177716786.7,0.7409,-0.01,2842045212,2842045212,3835418640.0,0.737,0.745,0.732,0.737,1.76,6.27,1.32,-726235.0,-0.41
159787,建材ETF易方达,0.585,0.52,0.003,31427.0,1839146.5,0.5849,-0.02,78695155,78695155,134521633.0,0.582,0.586,0.581,0.582,0.86,2.34,1.26,216079.0,11.75
589410,科创人工智能ETF嘉实,0.785,0.51,0.004,78233.0,6090497.0,0.7868,0.23,441613996,441613996,562565600.0,0.773,0.792,0.772,0.781,2.56,1.39,1.39,216411.0,3.55
589090,科创AIETF鹏华,1.0,0.5,0.005,39448.0,3920870.0,1.0005,0.05,189431000,189431000,189431000.0,0.979,1.01,0.979,0.995,3.12,2.08,0.95,-941305.0,-24.01
515100,红利低波100ETF景顺,1.414,0.5,0.007,639646.0,90384008.0,1.414,0.0,5207325787,5207325787,3682691504.0,1.407,1.416,1.405,1.407,0.78,1.74,1.44,15339860.0,16.97
513240,港股通信息技术ETF华安,0.997,0.5,0.005,521555.0,51821391.0,1.0001,0.31,109167512,109167512,109496000.0,0.985,1.004,0.98,0.992,2.42,47.63,1.36,3379656.0,6.52
589230,科创人工智能ETF南方,0.808,0.5,0.004,147380.0,11864187.0,0.8095,0.19,204870824,204870824,253553000.0,0.803,0.816,0.795,0.804,2.61,5.81,1.19,143534.0,1.21
516600,消费服务ETF工银,0.604,0.5,0.003,21797.0,1315561.0,0.6052,0.2,68452588,68452588,113332100.0,0.601,0.605,0.601,0.601,0.67,1.92,2.61,16501.0,1.25
159632,纳斯达克ETF华安,2.42,0.5,0.012,614089.0,147926393.421,2.2292,-8.56,12009784259,12009784259,4962720768.0,2.397,2.421,2.396,2.408,1.04,1.24,1.07,-8104393.0,-5.48
512390,中国低波ETF平安,1.226,0.49,0.006,21.0,2573.0,1.2231,-0.24,19226132,19226132,15682000.0,1.223,1.226,1.223,1.22,0.25,0.01,0.15,-1839.0,-71.47
513110,纳指ETF华泰柏瑞,2.451,0.49,0.012,488350.0,118889640.0,2.2539,-8.74,5383462205,5383462205,2196435008.0,2.428,2.451,2.422,2.439,1.19,2.22,1.33,-3031596.0,-2.55
159533,中证2000ETF博时,1.894,0.48,0.009,7968.0,1493739.8,1.8939,-0.01,27384939,27384939,14458785.0,1.866,1.9,1.857,1.885,2.28,5.51,0.45,180801.0,12.1
513030,德国ETF华安,1.895,0.48,0.009,275773.0,52119413.0,1.8783,-0.89,1917321220,1917321220,1011779008.0,1.885,1.901,1.883,1.886,0.95,2.73,0.36,4926316.0,9.45
159588,石油ETF景顺,1.264,0.48,0.006,104404.0,13198721.7,1.2644,0.03,545144068,545144068,431284864.0,1.251,1.27,1.251,1.258,1.51,2.42,1.68,-226999.0,-1.72
159672,消费ETF博时,0.629,0.48,0.003,13922.0,873591.1,0.6296,0.1,82328180,82328180,130887409.0,0.625,0.629,0.625,0.626,0.64,1.06,0.67,7654.0,0.88
159570,港股通创新药ETF汇添富,1.46,0.48,0.007,7918833.0,1153677465.8,1.4649,0.33,24163871795,24163871795,16550597120.0,1.453,1.471,1.444,1.453,1.86,4.78,0.94,2022828.0,0.18
512690,酒ETF鹏华,0.423,0.48,0.002,4206897.0,177600646.0,0.4221,-0.21,13580055565,13580055565,32104150272.0,0.423,0.425,0.421,0.421,0.95,1.31,1.0,-5826419.0,-3.28
517770,游戏传媒ETF浦银,0.853,0.47,0.004,114373.0,9745270.0,0.8543,0.15,143259473,143259473,167947800.0,0.853,0.857,0.848,0.849,1.06,6.81,2.52,-89726.0,-0.92
526030,港股通信息技术ETF汇添富,0.852,0.47,0.004,148211.0,12537909.0,0.8536,0.19,129900180,129900180,152465000.0,0.839,0.857,0.837,0.848,2.36,9.72,1.04,381304.0,3.04
520750,港股通信息ETF华富,0.878,0.46,0.004,88806.0,7782986.0,0.88,0.23,122379152,122379152,139384000.0,0.864,0.884,0.864,0.874,2.29,6.37,0.72,262229.0,3.37
516970,基建ETF广发,1.1,0.46,0.005,135349.0,14821253.0,1.1005,0.05,1254046746,1254046746,1140042496.0,1.092,1.101,1.089,1.095,1.1,1.19,0.88,624941.0,4.22
515230,软件ETF国泰,0.674,0.45,0.003,959635.0,64295572.0,0.6735,-0.07,5347981610,5347981610,7934690816.0,0.666,0.675,0.665,0.671,1.49,1.21,0.57,-2340278.0,-3.64
516110,汽车ETF国泰,1.107,0.45,0.005,66957.0,7394056.0,1.1071,0.01,230945772,230945772,208623100.0,1.1,1.109,1.1,1.102,0.82,3.21,0.85,629854.0,8.52
159553,中证2000增强ETF海富通,1.796,0.45,0.008,2067.0,369025.2,1.8005,0.25,27526845,27526845,15326751.0,1.771,1.8,1.762,1.788,2.13,1.35,0.63,-42218.0,-11.44
159697,石油ETF鹏华,1.336,0.45,0.006,116480.0,15553393.8,1.3363,0.02,1396149392,1396149392,1045022000.0,1.329,1.342,1.326,1.33,1.2,1.11,0.53,-2062583.0,-13.26
159513,纳斯达克100ETF大成,1.778,0.45,0.008,766456.0,135511455.2,1.6389,-8.49,8035758449,8035758449,4519549184.0,1.763,1.778,1.758,1.77,1.13,1.7,1.56,-557704.0,-0.41
560710,船舶ETF富国,0.894,0.45,0.004,157434.0,14025970.0,0.8942,0.02,1598990520,1598990520,1788580000.0,0.885,0.898,0.885,0.89,1.46,0.88,0.7,1054984.0,7.52
520880,港股通创新药ETF华宝,0.458,0.44,0.002,6122963.0,279875321.0,0.4605,0.54,2209217066,2209217066,4823618048.0,0.455,0.461,0.453,0.456,1.75,12.69,1.16,56124.0,0.02
159197,石油ETF招商,0.91,0.44,0.004,37700.0,3429964.199,0.91,0.0,39483344,39483344,43388290.0,0.905,0.913,0.904,0.906,0.99,8.69,0.98,39288.0,1.15
562930,软件ETF易方达,0.689,0.44,0.003,319863.0,21920579.0,0.6885,-0.07,1192960099,1192960099,1731437008.0,0.684,0.69,0.68,0.686,1.46,1.85,0.53,871959.0,3.98
159617,中证500价值ETF华夏,1.356,0.44,0.006,8677.0,1175897.9,1.3561,0.01,41247326,41247326,30418382.0,1.353,1.358,1.352,1.35,0.44,2.85,0.99,222924.0,18.96
159965,央视50ETF国联,1.623,0.43,0.007,3124.0,504442.8,1.621,-0.12,34775945,34775945,21426953.0,1.615,1.623,1.613,1.616,0.62,1.46,3.03,120197.0,23.83
159019,石油ETF华宝,0.934,0.43,0.004,110650.0,10359469.6,0.9357,0.18,45138082,45138082,48327711.0,0.93,0.94,0.929,0.93,1.18,22.9,1.17,-72933.0,-0.7
526000,港股通信息技术ETF华夏,1.159,0.43,0.005,2509686.0,289419675.0,1.1625,0.3,205307578,205307578,177142000.0,1.148,1.166,1.138,1.154,2.43,141.68,1.26,2043252.0,0.71
159619,基建ETF国泰,0.934,0.43,0.004,24035.0,2240541.7,0.9355,0.16,70966261,70966261,75981007.0,0.931,0.934,0.928,0.93,0.65,3.16,1.35,16447.0,0.73
515170,食品饮料ETF华夏,0.465,0.43,0.002,699234.0,32443756.0,0.4651,0.02,4001677448,4001677448,8605757952.0,0.463,0.466,0.463,0.463,0.65,0.81,1.04,-568747.0,-1.75
159659,纳斯达克100ETF招商,2.317,0.43,0.01,429700.0,99037288.758,2.1201,-9.29,10541757145,10541757145,4549744128.0,2.295,2.317,2.292,2.307,1.08,0.94,1.11,-6789043.0,-6.86
515450,红利低波50ETF南方,1.414,0.43,0.006,1171245.0,165486239.0,1.4148,0.06,20030490701,20030490701,14165835008.0,1.409,1.417,1.407,1.408,0.71,0.83,1.43,-1485140.0,-0.9
159625,绿色电力ETF嘉实,1.195,0.42,0.005,77443.0,9227510.8,1.1947,-0.03,2411645962,2411645962,2018113776.0,1.192,1.195,1.187,1.19,0.67,0.38,0.69,-1216820.0,-13.19
560360,软件ETF万家,1.197,0.42,0.005,13422.0,1596361.0,1.1959,-0.09,267343965,267343965,223345000.0,1.19,1.198,1.182,1.192,1.34,0.6,0.43,-479379.0,-30.03
159196,港股通信息技术ETF易方达,1.205,0.42,0.005,947068.0,113389078.4,1.2041,-0.07,268149040,268149040,222530324.0,1.193,1.211,1.184,1.2,2.25,42.56,1.11,3807823.0,3.36
563980,XD800红利低波ETF鑫元,0.976,0.41,0.004,32893.0,3204348.0,0.9756,-0.04,184431792,184431792,188967000.0,0.976,0.976,0.95,0.972,2.67,1.74,1.28,163604.0,5.11
516900,食品饮料ETF华安,0.494,0.41,0.002,25638.0,1261484.0,0.4935,-0.1,139174130,139174130,281729008.0,0.492,0.494,0.491,0.492,0.61,0.91,0.6,72008.0,5.71
561450,红利低波50ETF华泰柏瑞,0.973,0.41,0.004,14360.0,1393712.0,0.9724,-0.06,86231444,86231444,88624300.0,0.97,0.974,0.968,0.969,0.62,1.62,0.54,588352.0,42.21
159286,港股通创新药ETF鹏华,0.755,0.4,0.003,715874.0,53954248.5,0.7579,0.38,567597983,567597983,751785408.0,0.751,0.76,0.746,0.752,1.86,9.52,1.07,-2793682.0,-5.18
159146,电力ETF华宝,1.001,0.4,0.004,124693.0,12458527.3,1.0015,0.05,733673789,733673789,732940848.0,0.996,1.001,0.993,0.997,0.8,1.7,1.09,810864.0,6.51
159158,电力ETF景顺,0.992,0.4,0.004,162034.0,16054206.691,0.9923,0.03,893827061,893827061,901035344.0,0.986,0.993,0.986,0.988,0.71,1.8,1.18,627402.0,3.91
560190,公用事业ETF鹏华,1.012,0.4,0.004,544.0,54867.0,1.0126,0.06,18554008,18554008,18334000.0,1.008,1.012,1.008,1.008,0.4,0.3,0.23,26844.0,48.93
159159,公用事业ETF国投瑞银,1.007,0.4,0.004,4000.0,402442.0,1.0083,0.13,122167812,122167812,121318582.0,1.008,1.009,1.004,1.003,0.5,0.33,0.26,75066.0,18.65
516840,汽车ETF南方,0.744,0.4,0.003,16375.0,1217839.0,0.7456,0.21,102134088,102134088,137277000.0,0.741,0.746,0.739,0.741,0.94,1.19,0.47,49302.0,4.05
561560,电力ETF华泰柏瑞,1.256,0.4,0.005,180566.0,22632448.0,1.2568,0.06,2472592005,2472592005,1968624208.0,1.251,1.257,1.248,1.251,0.72,0.92,0.74,2577903.0,11.39
159083,红利低波100ETF嘉实,0.998,0.4,0.004,43824.0,4375606.488,1.0003,0.23,243881731,243881731,244370472.0,0.997,1.0,0.995,0.994,0.5,1.79,1.07,1173601.0,26.82
159512,汽车ETF广发,1.032,0.39,0.004,54013.0,5563827.1,1.0327,0.07,106569330,106569330,103264855.0,1.028,1.033,1.025,1.028,0.78,5.23,0.85,271930.0,4.89
513870,纳指ETF富国,2.038,0.39,0.008,253392.0,51400833.0,1.8691,-9.04,2793427514,2793427514,1370671008.0,2.022,2.038,2.02,2.03,0.89,1.85,1.33,-4881793.0,-9.5
563690,红利低波ETF永赢,1.029,0.39,0.004,2891.0,296630.0,1.0279,-0.11,35893578,35893578,34882000.0,1.025,1.03,1.023,1.025,0.68,0.83,0.27,68330.0,23.04
159228,红利低波ETF长城,1.027,0.39,0.004,3059.0,313538.4,1.0272,0.02,112161435,112161435,109212692.0,1.013,1.027,1.013,1.023,1.37,0.28,0.82,-102627.0,-32.73
516330,物联网ETF华泰柏瑞,1.528,0.39,0.006,494.0,74876.0,1.5313,0.22,12944146,12944146,8471300.0,1.511,1.528,1.501,1.522,1.77,0.58,0.3,-30621.0,-40.9
159307,红利低波100ETF博时,1.028,0.39,0.004,500953.0,51454892.7,1.0295,0.15,7356268786,7356268786,7155903488.0,1.024,1.03,1.023,1.024,0.68,0.7,1.26,11147923.0,21.67
159745,建材ETF国泰,0.528,0.38,0.002,352037.0,18550054.1,0.5275,-0.09,694683408,694683408,1315688272.0,0.524,0.53,0.524,0.526,1.14,2.68,0.93,1116360.0,6.02
515480,红利低波100ETF南方,1.065,0.38,0.004,7411.0,788885.0,1.0658,0.08,26987846,26987846,25340700.0,1.06,1.067,1.06,1.061,0.66,2.92,0.33,61223.0,7.76
517090,央企共赢ETF国泰,1.603,0.38,0.006,13787.0,2205302.0,1.604,0.06,88285225,88285225,55075000.0,1.599,1.603,1.596,1.597,0.44,2.5,1.15,-34224.0,-1.55
159616,农牧ETF建信,0.784,0.38,0.003,137644.0,10802780.2,0.7842,0.03,53751912,53751912,68561112.0,0.781,0.79,0.781,0.781,1.15,20.08,1.77,-177367.0,-1.64
526050,港股通信息技术ETF招商,1.048,0.38,0.004,176324.0,18415332.0,1.051,0.29,56204240,56204240,53630000.0,1.038,1.055,1.032,1.044,2.2,32.88,0.84,694274.0,3.77
159185,港股通信息技术ETF鹏华,1.073,0.37,0.004,823575.0,87940281.2,1.075,0.19,209341265,209341265,195099035.0,1.061,1.081,1.055,1.069,2.43,42.21,1.26,1193267.0,1.36
561700,电力ETF博时,1.094,0.37,0.004,12773.0,1395049.0,1.0949,0.08,386525078,386525078,353313600.0,1.088,1.095,1.086,1.09,0.83,0.36,0.39,-28873.0,-2.07
562550,绿电ETF华夏,1.126,0.36,0.004,381868.0,42921594.0,1.1259,-0.01,1751965127,1751965127,1555919296.0,1.122,1.126,1.119,1.122,0.62,2.45,1.07,2207121.0,5.14
159945,能源ETF广发,1.411,0.36,0.005,19837.0,2802233.1,1.4108,-0.01,90406053,90406053,64072327.0,1.405,1.422,1.4,1.406,1.56,3.1,0.93,498992.0,17.81
560150,红利低波ETF泰康,1.139,0.35,0.004,23333.0,2650460.0,1.1387,-0.03,779394118,779394118,684279296.0,1.139,1.14,1.131,1.135,0.79,0.34,0.77,660395.0,24.92
159889,智能汽车ETF国泰,0.866,0.35,0.003,13124.0,1124493.6,0.8635,-0.29,24595089,24595089,28400796.0,0.855,0.866,0.85,0.863,1.85,4.62,1.82,-85407.0,-7.6
561170,绿色电力ETF富国,1.132,0.35,0.004,180193.0,20363117.0,1.1327,0.06,618109021,618109021,546032704.0,1.129,1.133,1.126,1.128,0.62,3.3,1.09,-887087.0,-4.36
159207,高股息ETF广发,1.15,0.35,0.004,339058.0,38910584.8,1.1509,0.08,2523655846,2523655846,2194483344.0,1.146,1.151,1.144,1.146,0.61,1.55,0.65,2048476.0,5.26
516750,建材ETF富国,0.575,0.35,0.002,27034.0,1553050.0,0.5753,0.05,80308698,80308698,139667300.0,0.571,0.577,0.571,0.573,1.05,1.94,0.41,64566.0,4.16
560930,电力ETF易方达,0.875,0.34,0.003,30876.0,2698430.0,0.8764,0.16,187708500,187708500,214524000.0,0.873,0.876,0.871,0.872,0.57,1.44,0.95,199022.0,7.38
159736,食品饮料ETF天弘,0.588,0.34,0.002,87415.0,5127927.3,0.5885,0.08,4414935964,4414935964,7508394496.0,0.586,0.589,0.585,0.586,0.68,0.12,0.62,46015.0,0.9
159181,石油ETF易方达,0.893,0.34,0.003,33981.0,3029009.1,0.893,0.0,116451964,116451964,130405335.0,0.883,0.897,0.882,0.89,1.69,2.61,1.0,378812.0,12.51
159549,红利低波ETF天弘,1.189,0.34,0.004,99285.0,11798411.9,1.1896,0.05,5755382770,5755382770,4840523776.0,1.186,1.191,1.184,1.185,0.59,0.21,3.92,815630.0,6.91
159501,纳指ETF嘉实,2.065,0.34,0.007,131177.0,27032410.1,1.8434,-12.02,13975892511,13975892511,6767986688.0,2.058,2.067,2.055,2.058,0.58,0.19,0.67,-5570379.0,-20.61
159189,石油ETF华夏,0.896,0.34,0.003,122386.0,10961987.6,0.8967,0.08,98634536,98634536,110083187.0,0.89,0.9,0.89,0.893,1.12,11.12,1.62,-126622.0,-1.16
520710,港股通信息技术ETF广发,0.884,0.34,0.003,134833.0,11874387.0,0.8874,0.38,85773636,85773636,97029000.0,0.876,0.89,0.87,0.881,2.27,13.9,0.6,1400944.0,11.8
516370,电力ETF汇添富,0.911,0.33,0.003,33466.0,3045285.0,0.9124,0.15,279137688,279137688,306408000.0,0.908,0.912,0.906,0.908,0.66,1.09,0.63,662764.0,21.76
159332,央企红利ETF富国,1.231,0.33,0.004,16418.0,2019777.8,1.2312,0.02,110200938,110200938,89521477.0,1.231,1.234,1.226,1.227,0.65,1.83,1.89,560796.0,27.77
562060,标普A股红利ETF华宝,0.613,0.33,0.002,249473.0,15283694.0,0.6141,0.18,3143336888,3143336888,5127792640.0,0.611,0.614,0.61,0.611,0.65,0.49,0.89,3748379.0,24.53
159198,港股通信息技术ETF富国,1.208,0.33,0.004,473623.0,56892329.2,1.2094,0.12,107927971,107927971,89344347.0,1.198,1.215,1.187,1.204,2.33,53.01,0.96,2279223.0,4.01
562660,中证2000ETF华夏,1.844,0.33,0.006,126611.0,23174604.0,1.8484,0.24,599067656,599067656,324874000.0,1.822,1.849,1.812,1.838,2.01,3.9,0.82,2034170.0,8.78
159131,港股通信息技术ETF华宝,0.942,0.32,0.003,8094297.0,758841218.776,0.9448,0.3,2196668550,2196668550,2331919904.0,0.932,0.948,0.926,0.939,2.34,34.71,1.1,23180880.0,3.05
560270,电力ETF工银,0.938,0.32,0.003,20558.0,1925637.0,0.9388,0.09,157057782,157057782,167439000.0,0.935,0.939,0.934,0.935,0.53,1.23,0.47,12767.0,0.66
159017,石油ETF工银,0.931,0.32,0.003,51892.0,4830135.1,0.9322,0.13,141751093,141751093,152256813.0,0.921,0.935,0.921,0.928,1.51,3.41,1.64,-21289.0,-0.44
159896,物联网ETF南方,1.255,0.32,0.004,26713.0,3326541.3,1.258,0.24,49015230,49015230,39055960.0,1.239,1.26,1.232,1.251,2.24,6.84,0.49,-21642.0,-0.65
515300,300红利低波ETF嘉实,1.31,0.31,0.004,614346.0,80461231.0,1.3112,0.09,4454229512,4454229512,3400175200.0,1.308,1.313,1.304,1.306,0.69,1.81,1.47,-6023198.0,-7.49
159719,国企ETF平安,1.608,0.31,0.005,1047.0,168338.1,1.6123,0.27,42123145,42123145,26195986.0,1.603,1.609,1.603,1.603,0.37,0.4,0.11,65602.0,38.97
159068,软件ETF华夏,0.973,0.31,0.003,14114.0,1368077.483,0.9741,0.11,63572483,63572483,65336570.0,0.972,0.974,0.962,0.97,1.24,2.16,0.45,382141.0,27.93
589550,科创价值ETF华夏,1.294,0.31,0.004,54594.0,7055036.0,1.2976,0.28,32732377,32732377,25295500.0,1.285,1.301,1.283,1.29,1.4,21.58,5.51,-286222.0,-4.06
159301,公用事业ETF华夏,0.962,0.31,0.003,60643.0,5824294.9,0.9624,0.04,117323939,117323939,121958357.0,0.957,0.963,0.957,0.959,0.63,4.97,0.51,-930048.0,-15.97
159635,基建ETF华夏,0.991,0.3,0.003,133912.0,13245491.5,0.993,0.2,129669357,129669357,130846980.0,0.986,0.991,0.985,0.988,0.61,10.23,1.0,-74620.0,-0.56
589380,科创人工智能ETF富国,1.33,0.3,0.004,11577.0,1544943.0,1.3369,0.52,129933419,129933419,97694300.0,1.326,1.347,1.315,1.326,2.41,1.19,0.69,-405802.0,-26.27
561920,疫苗ETF招商,0.663,0.3,0.002,70277.0,4621864.0,0.6639,0.14,43553796,43553796,65692000.0,0.655,0.669,0.649,0.661,3.03,10.7,0.87,12434.0,0.27
159852,软件ETF嘉实,0.661,0.3,0.002,2702520.0,177661235.77,0.6607,-0.05,9216074464,9216074464,13942624000.0,0.654,0.662,0.653,0.659,1.37,1.94,0.65,-10664712.0,-6.0
159059,电力ETF大成,1.013,0.3,0.003,23007.0,2331354.904,1.014,0.1,59594854,59594854,58830063.0,1.006,1.015,1.006,1.01,0.89,3.91,0.59,554690.0,23.79
562860,疫苗ETF嘉实,0.658,0.3,0.002,158902.0,10388311.0,0.6586,0.09,229572915,229572915,348895008.0,0.648,0.664,0.645,0.656,2.9,4.55,0.56,270972.0,2.61
159355,800红利低波ETF华宝,1.045,0.29,0.003,5283.0,552050.2,1.0467,0.16,90114819,90114819,86234277.0,1.046,1.047,1.042,1.042,0.48,0.61,1.47,389642.0,70.58
561310,消电ETF国泰,0.684,0.29,0.002,99043.0,6640026.0,0.6835,-0.07,73757840,73757840,107833100.0,0.677,0.686,0.661,0.682,3.67,9.18,1.62,-112211.0,-1.69
159899,软件ETF招商,0.69,0.29,0.002,107650.0,7387298.4,0.69,0.0,665834632,665834632,964977728.0,0.684,0.691,0.68,0.688,1.6,1.12,0.53,-544025.0,-7.36
561760,油气ETF博时,1.364,0.29,0.004,17144.0,2337307.0,1.3662,0.16,211003980,211003980,154695000.0,1.361,1.372,1.353,1.36,1.4,1.11,0.72,188385.0,8.06
563300,中证2000ETF华泰柏瑞,1.398,0.29,0.004,2582340.0,358156564.0,1.3969,-0.08,5806836252,5806836252,4153674000.0,1.375,1.402,1.37,1.394,2.3,6.22,1.01,-71535128.0,-19.97
159309,油气ETF汇添富,1.415,0.28,0.004,195774.0,27742481.9,1.4162,0.08,757551018,757551018,535371744.0,1.405,1.423,1.405,1.411,1.28,3.66,1.21,-580099.0,-2.09
159930,能源ETF汇添富,1.76,0.28,0.005,307163.0,54238054.9,1.7613,0.07,916780733,916780733,520898144.0,1.746,1.777,1.746,1.755,1.77,5.9,1.29,-400877.0,-0.74
560580,电力ETF南方,1.091,0.28,0.003,50512.0,5504061.0,1.0925,0.14,504045282,504045282,462003008.0,1.088,1.093,1.083,1.088,0.92,1.09,1.05,526947.0,9.57
563200,中证2000ETF富国,1.486,0.27,0.004,36516.0,5390351.0,1.4903,0.29,82411777,82411777,55458800.0,1.469,1.492,1.46,1.482,2.16,6.58,0.76,1401244.0,26.0
562960,绿色电力ETF易方达,1.127,0.27,0.003,111034.0,12511177.0,1.1289,0.17,1415952666,1415952666,1256391008.0,1.127,1.129,1.122,1.124,0.62,0.88,0.76,1806803.0,14.44
159535,中证2000ETF嘉实,1.463,0.27,0.004,36173.0,5240964.7,1.4671,0.28,38010332,38010332,25981088.0,1.443,1.466,1.436,1.459,2.06,13.92,0.95,-1744568.0,-33.29
513290,纳指生物科技ETF汇添富,1.828,0.27,0.005,892322.0,162167813.0,1.772,-3.16,1889369791,1889369791,1033572096.0,1.821,1.832,1.803,1.823,1.59,8.63,0.8,7495329.0,4.62
159221,现金流ETF嘉实,1.172,0.26,0.003,140342.0,16450995.7,1.1721,0.01,1336095508,1336095508,1140013232.0,1.171,1.175,1.168,1.169,0.6,1.23,0.92,-210997.0,-1.28
517180,中国国企ETF南方,1.516,0.26,0.004,18954.0,2874326.0,1.5182,0.14,152352391,152352391,100496300.0,1.512,1.519,1.512,1.512,0.46,1.89,0.75,636608.0,22.15
589310,科创人工智能ETF鑫元,0.769,0.26,0.002,17312.0,1327449.0,0.7711,0.27,234154200,234154200,304491808.0,0.76,0.778,0.759,0.767,2.48,0.57,0.61,30161.0,2.27
159035,软件ETF天弘,0.802,0.25,0.002,20404.0,1629052.0,0.8015,-0.06,473067502,473067502,589859728.0,0.792,0.803,0.792,0.8,1.38,0.35,0.27,-252814.0,-15.52
510630,消费ETF华夏,0.814,0.25,0.002,330455.0,26884142.0,0.8146,0.07,452064264,452064264,555361504.0,0.813,0.817,0.81,0.812,0.86,5.95,1.5,1170461.0,4.35
563020,红利低波ETF易方达,1.182,0.25,0.003,1046451.0,123636267.0,1.1832,0.1,12915607563,12915607563,10926909952.0,1.18,1.185,1.178,1.179,0.59,0.96,0.86,5961563.0,4.82
560700,央企红利ETF广发,1.206,0.25,0.003,50725.0,6114707.0,1.2063,0.02,543950497,543950497,451036896.0,1.204,1.209,1.202,1.203,0.58,1.12,1.53,299650.0,4.9
563320,通用航空ETF华泰柏瑞,0.814,0.25,0.002,40628.0,3289781.0,0.814,0.0,187946088,187946088,230892000.0,0.807,0.816,0.803,0.812,1.6,1.76,0.36,-263282.0,-8.0
159547,红利低波ETF华夏,1.217,0.25,0.003,837576.0,101870255.4,1.2171,0.01,1552023159,1552023159,1275286080.0,1.213,1.22,1.211,1.214,0.74,6.57,1.51,1488608.0,1.46
515680,央企创新ETF嘉实,1.658,0.24,0.004,7429.0,1230251.0,1.6607,0.16,1822580879,1822580879,1099264704.0,1.65,1.66,1.65,1.654,0.6,0.07,0.78,102569.0,8.34
561580,央企红利ETF华泰柏瑞,1.256,0.24,0.003,394562.0,49616482.0,1.2581,0.17,2543865604,2543865604,2025370704.0,1.252,1.261,1.252,1.253,0.72,1.95,1.17,6918454.0,13.94
561960,央企回报ETF招商,1.279,0.24,0.003,1123.0,143491.0,1.2781,-0.07,73395671,73395671,57385200.0,1.274,1.279,1.264,1.276,1.18,0.2,0.52,-4220.0,-2.94
560390,电网设备ETF易方达,0.871,0.23,0.002,705949.0,61149153.0,0.8705,-0.06,1783161718,1783161718,2047258000.0,0.861,0.878,0.851,0.869,3.11,3.45,1.19,6508604.0,10.64
561030,工程机械ETF华泰柏瑞,0.869,0.23,0.002,24883.0,2163157.0,0.8696,0.07,162111950,162111950,186550000.0,0.865,0.872,0.865,0.867,0.81,1.33,1.11,212710.0,9.83
560480,电力ETF招商,0.888,0.23,0.002,16436.0,1455804.0,0.8889,0.1,128585064,128585064,144803000.0,0.886,0.888,0.883,0.886,0.56,1.14,0.52,145794.0,10.01
560830,电力ETF华夏,0.892,0.22,0.002,63657.0,5677058.0,0.8943,0.26,643148955,643148955,721019008.0,0.89,0.894,0.889,0.89,0.56,0.88,0.74,528575.0,9.31
159065,工程机械ETF景顺,0.913,0.22,0.002,1792.0,163757.1,0.9135,0.05,99837297,99837297,109350818.0,0.915,0.916,0.911,0.911,0.55,0.16,0.21,93292.0,56.97
515250,智能汽车ETF富国,0.911,0.22,0.002,105379.0,9505978.0,0.9107,-0.03,310600436,310600436,340944496.0,0.906,0.912,0.895,0.909,1.87,3.09,1.15,150101.0,1.58
159061,绿色电力ETF南方,0.916,0.22,0.002,45339.0,4152626.224,0.9175,0.16,201190451,201190451,219640230.0,0.913,0.917,0.912,0.914,0.55,2.06,1.67,67565.0,1.63
159998,计算机ETF天弘,0.944,0.21,0.002,315387.0,29569849.3,0.9446,0.06,1515549860,1515549860,1605455360.0,0.933,0.945,0.929,0.942,1.7,1.96,0.66,3093362.0,10.46
560620,公用事业ETF万家,0.948,0.21,0.002,18879.0,1786969.0,0.949,0.11,25943916,25943916,27367000.0,0.946,0.948,0.944,0.946,0.42,6.9,4.84,-10098.0,-0.57
159231,通用航空ETF华宝,0.478,0.21,0.001,46388.0,2203501.2,0.4778,-0.04,162563907,162563907,340091856.0,0.475,0.48,0.471,0.477,1.89,1.36,0.5,67703.0,3.07
159227,航空航天ETF华夏,0.969,0.21,0.002,799944.0,77203337.1,0.9698,0.08,4735416984,4735416984,4886911232.0,0.961,0.975,0.957,0.967,1.86,1.64,0.72,6983134.0,9.05
159026,石油ETF南方,0.933,0.21,0.002,67433.0,6287685.128,0.9342,0.13,42464045,42464045,45513446.0,0.927,0.937,0.927,0.931,1.07,14.82,1.69,76582.0,1.22
159662,交运ETF南方,0.985,0.2,0.002,92203.0,9093584.9,0.9856,0.06,80882237,80882237,82113946.0,0.983,0.988,0.983,0.983,0.51,11.23,4.12,74335.0,0.82
159666,交通运输ETF华夏,0.985,0.2,0.002,87771.0,8645226.9,0.9845,-0.05,132810411,132810411,134832905.0,0.982,0.988,0.982,0.983,0.61,6.51,0.88,-406615.0,-4.7
515710,食品饮料ETF华宝,0.497,0.2,0.001,190330.0,9437467.0,0.4968,-0.04,1153835105,1153835105,2321599808.0,0.495,0.498,0.494,0.496,0.81,0.82,1.08,73577.0,0.78
159067,绿色电力ETF鹏华,1.007,0.2,0.002,2421.0,243615.021,1.0094,0.24,21055098,21055098,20908737.0,1.006,1.009,1.005,1.005,0.4,1.16,0.61,92343.0,37.91
159037,价值ETF鹏华,1.004,0.2,0.002,25201.0,2530191.42,1.0043,0.03,76554831,76554831,76249832.0,1.003,1.006,1.0,1.002,0.6,3.31,2.5,92270.0,3.65
159079,价值ETF兴全,1.006,0.2,0.002,61088.0,6146120.21,1.0072,0.12,109459671,109459671,108806830.0,1.004,1.008,1.004,1.004,0.4,5.61,1.52,868592.0,14.13
159378,通用航空ETF永赢,0.984,0.2,0.002,115746.0,11334316.386,0.9834,-0.06,549338735,549338735,558271072.0,0.979,0.988,0.969,0.982,1.93,2.07,0.9,-95363.0,-0.84
159399,现金流ETF国泰,1.012,0.2,0.002,634332.0,64213491.6,1.0119,-0.01,4486393089,4486393089,4433194752.0,1.009,1.014,1.009,1.01,0.5,1.43,0.98,-377915.0,-0.59
159888,智能汽车ETF华夏,1.0,0.2,0.002,64617.0,6422220.0,0.9999,-0.01,70446068,70446068,70446068.0,0.996,1.0,0.983,0.998,1.7,9.17,0.6,-276179.0,-4.3
516520,智能驾驶ETF华泰柏瑞,1.026,0.2,0.002,123103.0,12530016.0,1.0263,0.03,845183407,845183407,823765504.0,1.011,1.027,1.008,1.024,1.86,1.49,0.56,1821114.0,14.53
560730,红利低波ETF国泰海通,1.047,0.19,0.002,7290.0,762530.0,1.0476,0.06,96152606,96152606,91836300.0,1.045,1.049,1.042,1.045,0.67,0.79,0.31,113704.0,14.91
159758,红利质量ETF华夏,1.126,0.18,0.002,196555.0,22092170.8,1.1266,0.05,1493403423,1493403423,1326290784.0,1.123,1.13,1.118,1.124,1.07,1.48,0.97,604764.0,2.74
530880,红利国企ETF银河,1.132,0.18,0.002,11101.0,1260533.0,1.1279,-0.36,43396352,43396352,38336000.0,1.13,1.141,1.128,1.13,1.15,2.9,1.92,-245713.0,-19.49
159391,大盘价值ETF博时,1.114,0.18,0.002,2872.0,319610.8,1.113,-0.09,94775107,94775107,85076398.0,1.113,1.114,1.11,1.112,0.36,0.34,0.46,79763.0,24.96
159306,汽车零部件ETF平安,1.13,0.18,0.002,9712.0,1094658.2,1.1349,0.43,25136416,25136416,22244616.0,1.118,1.137,1.117,1.128,1.77,4.37,1.6,65659.0,6.0
560120,中证500现金流ETF华夏,1.211,0.17,0.002,94734.0,11494530.0,1.2111,0.01,700792389,700792389,578689008.0,1.209,1.216,1.209,1.209,0.58,1.64,1.15,1621369.0,14.11
159220,港股通红利低波ETF华宝,0.589,0.17,0.001,399990.0,23562043.0,0.5871,-0.32,287178447,287178447,487569520.0,0.587,0.59,0.587,0.588,0.51,8.2,2.86,1129611.0,4.79
159201,自由现金流ETF华夏,1.181,0.17,0.002,1133307.0,133786176.4,1.1806,-0.03,16321745918,16321745918,13820275968.0,1.178,1.183,1.177,1.179,0.51,0.82,1.11,-2805374.0,-2.1
159578,深证主板50ETF南方,1.18,0.17,0.002,5149.0,606078.8,1.1801,0.01,23598621,23598621,19998831.0,1.178,1.18,1.17,1.178,0.85,2.57,4.17,102354.0,16.89
159225,现金流ETF银华,1.242,0.16,0.002,20571.0,2551788.8,1.2402,-0.15,328813047,328813047,264744804.0,1.24,1.243,1.237,1.24,0.48,0.78,1.59,179347.0,7.03
513800,日本东证指数ETF南方,1.864,0.16,0.003,213719.0,39774527.0,1.8678,0.2,1933796362,1933796362,1037444400.0,1.856,1.866,1.852,1.861,0.75,2.06,1.2,-1723643.0,-4.33
159222,自由现金流ETF易方达,1.265,0.16,0.002,404876.0,51207661.5,1.2639,-0.09,2240783556,2240783556,1771370400.0,1.264,1.267,1.26,1.263,0.55,2.29,1.1,-2774171.0,-5.42
560030,800价值ETF汇添富,1.302,0.15,0.002,1584.0,206079.0,1.3004,-0.12,30508464,30508464,23432000.0,1.301,1.302,1.301,1.3,0.08,0.68,0.51,-205818.0,-99.87
561380,电网设备ETF国泰,0.735,0.14,0.001,575789.0,42070815.0,0.7359,0.12,5015297549,5015297549,6823534080.0,0.723,0.742,0.719,0.734,3.13,0.84,1.11,5535915.0,13.16
159107,创业板软件ETF富国,0.72,0.14,0.001,284792.0,20357821.848,0.7199,-0.01,559312566,559312566,776823008.0,0.714,0.722,0.709,0.719,1.81,3.67,0.56,-919262.0,-4.52
560280,工程机械ETF广发,1.497,0.13,0.002,356068.0,53203520.0,1.4968,-0.01,2403810744,2403810744,1605752000.0,1.493,1.505,1.486,1.495,1.27,2.22,1.09,9499543.0,17.86
563790,卫星ETF鹏华,0.796,0.13,0.001,307012.0,24248021.0,0.7957,-0.04,981823818,981823818,1233447008.0,0.792,0.801,0.778,0.795,2.89,2.49,0.71,-201887.0,-0.83
515900,央企创新ETF博时,1.628,0.12,0.002,17617.0,2864584.0,1.6328,0.29,3631818095,3631818095,2230846496.0,1.61,1.631,1.61,1.626,1.29,0.08,0.68,1448121.0,50.55
159532,中证2000ETF易方达,1.615,0.12,0.002,165260.0,26523342.9,1.6183,0.2,273847137,273847137,169564791.0,1.596,1.621,1.585,1.613,2.23,9.75,1.21,935537.0,3.53
159305,储能电池ETF广发,0.829,0.12,0.001,420434.0,34726751.5,0.8285,-0.06,992014812,992014812,1196640304.0,0.819,0.834,0.813,0.828,2.54,3.51,1.83,-69986.0,-0.2
159326,电网设备ETF华夏,1.658,0.12,0.002,1936021.0,318581013.139,1.6587,0.04,20465134259,20465134259,12343265536.0,1.639,1.671,1.62,1.656,3.08,1.57,0.98,33187111.0,10.42
510810,上海国企ETF汇添富,0.834,0.12,0.001,13800.0,1149873.0,0.8341,0.01,4974054142,4974054142,5964093696.0,0.833,0.834,0.83,0.833,0.48,0.02,0.51,57373.0,4.99
513630,港股低波红利ETF摩根,1.607,0.12,0.002,793817.0,127575897.0,1.5977,-0.58,11959870977,11959870977,7442359040.0,1.609,1.613,1.603,1.605,0.62,1.07,1.03,15659743.0,12.27
517360,沪港深科技ETF华安,0.929,0.11,0.001,3323.0,308670.0,0.9373,0.89,24695607,24695607,26583000.0,0.922,0.929,0.922,0.928,0.75,1.25,3.28,2129.0,0.69
159046,绿电ETF天弘,0.907,0.11,0.001,46540.0,4222412.27,0.9073,0.03,414931501,414931501,457476848.0,0.906,0.909,0.9,0.906,0.99,1.02,0.74,76537.0,1.81
159199,石油ETF平安,0.903,0.11,0.001,206.0,18591.3,0.9063,0.36,59737909,59737909,66154938.0,0.893,0.911,0.893,0.902,2.0,0.03,0.08,2974.0,16.0
159392,航空ETF富国,0.909,0.11,0.001,19759.0,1789401.8,0.9096,0.07,169333520,169333520,186285500.0,0.9,0.916,0.895,0.908,2.31,1.06,0.74,-91005.0,-5.09
159230,通用航空ETF华夏,0.928,0.11,0.001,83450.0,7713670.8,0.9283,0.03,288890320,288890320,311304224.0,0.927,0.931,0.914,0.927,1.83,2.68,1.06,231309.0,3.0
159161,工程机械ETF东财,0.927,0.11,0.001,4415.0,408615.748,0.9291,0.23,63343078,63343078,68331260.0,0.926,0.932,0.923,0.926,0.97,0.65,2.03,72926.0,17.85
516000,大数据ETF华夏,0.917,0.11,0.001,131861.0,12049752.0,0.9179,0.1,403347042,403347042,439855008.0,0.905,0.92,0.905,0.916,1.64,3.0,0.66,30808.0,0.26
159188,红利100ETF景顺,0.943,0.11,0.001,224.0,21142.9,0.9452,0.23,62805575,62805575,66601882.0,0.944,0.946,0.941,0.942,0.53,0.03,0.1,2431.0,11.5
159042,价值ETF汇添富,1.006,0.1,0.001,43347.0,4361576.43,1.006,0.0,104423912,104423912,103801105.0,1.003,1.008,1.003,1.005,0.5,4.18,2.57,540512.0,12.39
159085,价值ETF永赢,1.04,0.1,0.001,5019.0,522191.74,1.0408,0.08,35916872,35916872,34535454.0,1.041,1.041,1.039,1.039,0.19,1.45,0.47,18171.0,3.48
515860,科技ETF嘉实,2.051,0.1,0.002,16737.0,3436743.0,2.0566,0.27,208953624,208953624,101878900.0,2.034,2.064,2.028,2.049,1.76,1.64,0.92,225095.0,6.55
159148,石油ETF富国,0.995,0.1,0.001,51741.0,5142626.0,0.9952,0.02,239264268,239264268,240466601.0,0.99,0.999,0.986,0.994,1.31,2.15,0.6,75457.0,1.47
158005,工程机械ETF博时,0.973,0.1,0.001,30792.0,2988897.238,0.9741,0.11,218984719,218984719,225061376.0,0.965,0.979,0.965,0.972,1.44,1.37,0.17,910604.0,30.47
159611,电力ETF广发,1.034,0.1,0.001,1078058.0,111335017.593,1.0347,0.07,9849432018,9849432018,9525562880.0,1.032,1.035,1.029,1.033,0.58,1.13,0.64,-1781215.0,-1.6
159100,巴西ETF华夏,1.072,0.09,0.001,184655.0,19835658.148,1.0723,0.03,501746307,501746307,468046928.0,1.078,1.079,1.071,1.071,0.75,3.95,1.01,-1359137.0,-6.85
159669,绿色电力ETF国泰,1.098,0.09,0.001,11982.0,1315518.0,1.1002,0.2,221526750,221526750,201754781.0,1.095,1.1,1.094,1.097,0.55,0.59,0.78,14514.0,1.1
159276,现金流ETF汇添富,1.101,0.09,0.001,28100.0,3089842.6,1.1005,-0.05,615125018,615125018,558696656.0,1.1,1.102,1.096,1.1,0.55,0.5,0.13,238420.0,7.72
512720,计算机ETF国泰,1.134,0.09,0.001,91971.0,10346677.0,1.1352,0.11,414424165,414424165,365453408.0,1.121,1.136,1.118,1.133,1.59,2.52,0.67,3309.0,0.03
159525,红利低波ETF富国,1.109,0.09,0.001,120416.0,13355212.7,1.1099,0.08,505419812,505419812,455743744.0,1.108,1.112,1.104,1.108,0.72,2.64,1.13,-89670.0,-0.67
512130,全指现金流ETF鹏华,1.17,0.09,0.001,751.0,87954.0,1.1695,-0.04,16257150,16257150,13895000.0,1.176,1.176,1.169,1.169,0.6,0.54,0.07,-87719.0,-99.73
562350,电力ETF银华,1.086,0.09,0.001,49550.0,5379611.0,1.088,0.18,150314237,150314237,138410900.0,1.081,1.088,1.081,1.085,0.65,3.58,0.9,480150.0,8.93
563580,自由现金流800ETF万家,1.127,0.09,0.001,49314.0,5554297.0,1.1257,-0.12,276845296,276845296,245648000.0,1.13,1.132,1.109,1.126,2.04,2.01,1.55,-249977.0,-4.5
563890,国企红利ETF创金合信,1.075,0.09,0.001,91.0,9787.0,1.0731,-0.18,24548700,24548700,22836000.0,1.075,1.076,1.075,1.074,0.09,0.04,0.04,9786.0,99.99
520870,巴西ETF易方达,1.071,0.09,0.001,190637.0,20440955.0,1.0685,-0.23,544579081,544579081,508477200.0,1.075,1.076,1.07,1.07,0.56,3.75,0.75,567306.0,2.78
512890,红利低波ETF华泰柏瑞,1.19,0.08,0.001,4742485.0,564058478.0,1.1888,-0.1,33398671757,33398671757,28066110720.0,1.189,1.193,1.185,1.189,0.67,1.69,1.41,13561740.0,2.4
159510,沪深300价值ETF华夏,1.253,0.08,0.001,7755.0,970610.3,1.2542,0.1,82858813,82858813,66128342.0,1.252,1.254,1.25,1.252,0.32,1.17,0.67,190253.0,19.6
159940,金融地产ETF广发,1.21,0.08,0.001,6225.0,754167.0,1.2096,-0.03,347342581,347342581,287059984.0,1.21,1.216,1.204,1.209,0.99,0.22,1.12,255305.0,33.85
561080,全指现金流ETF华安,1.185,0.08,0.001,1877.0,222376.0,1.1866,0.13,28736250,28736250,24250000.0,1.192,1.192,1.182,1.184,0.84,0.77,0.25,118477.0,53.28
510020,超大盘ETF博时,3.866,0.08,0.003,1337.0,517174.0,3.8681,0.05,134722368,134722368,34848000.0,3.9,3.9,3.859,3.863,1.06,0.38,0.27,-44422.0,-8.59
560070,央企红利ETF汇添富,1.178,0.08,0.001,5865.0,690820.0,1.1788,0.07,98200789,98200789,83362300.0,1.176,1.18,1.174,1.177,0.51,0.7,0.74,-11605.0,-1.68
562330,中证500价值ETF银华,1.234,0.08,0.001,2109.0,259832.0,1.2342,0.02,13597323,13597323,11018900.0,1.232,1.234,1.232,1.233,0.16,1.91,0.24,8258.0,3.18
515760,浙江国资ETF华夏,1.344,0.07,0.001,3750.0,502304.0,1.3441,0.01,128201606,128201606,95388100.0,1.339,1.345,1.338,1.343,0.52,0.39,0.32,287595.0,57.26
561570,油气ETF华泰柏瑞,1.391,0.07,0.001,137846.0,19222514.0,1.3918,0.06,103138477,103138477,74147000.0,1.384,1.401,1.384,1.39,1.22,18.59,1.79,1374725.0,7.15
563150,油气ETF银华,1.348,0.07,0.001,18266.0,2469000.0,1.3507,0.2,45021852,45021852,33399000.0,1.342,1.358,1.342,1.347,1.19,5.47,2.04,-321951.0,-13.04
513080,法国ETF华安,1.792,0.06,0.001,108143.0,19347889.0,1.7867,-0.3,1173609472,1173609472,654916000.0,1.785,1.792,1.785,1.791,0.39,1.65,0.83,-3022922.0,-15.62
510130,上证中盘ETF易方达,7.272,0.03,0.002,783.0,568630.0,7.2763,0.06,228959647,228959647,31485100.0,7.271,7.274,7.24,7.27,0.47,0.25,0.61,284343.0,50.0
510850,上证50ETF工银,3.531,0.03,0.001,5358.0,1890352.0,3.5305,-0.01,162775216,162775216,46098900.0,3.534,3.543,3.519,3.53,0.68,1.16,0.27,476171.0,25.19
511800,易方达货币ETF,100.015,0.01,0.008,74.0,740811.0,nan,-0.02,166624990,166624990,1666000.0,100.015,100.016,100.015,100.007,0.0,0.44,0.36,730809.0,98.65
511880,银华日利ETF,100.756,0.01,0.011,616115.0,6207167914.0,nan,-0.03,105390000582,105390000582,1045992304.0,100.739,100.758,100.739,100.745,0.02,5.89,0.76,-73506144.0,-1.18
511910,融通货币ETF,99.999,0.0,-0.002,7.0,70000.0,nan,0.0,7849922,7849922,78500.0,100.0,100.0,99.999,100.001,0.0,0.89,1.05,0.0,0.0
159241,航空航天ETF天弘,0.997,0.0,0.0,442051.0,43900908.9,0.9975,0.05,1378925049,1378925049,1383074272.0,0.989,1.004,0.984,0.997,2.01,3.2,0.97,590552.0,1.35
159907,国证2000ETF广发,1.049,0.0,0.0,42898.0,4475789.7,1.0512,0.21,181684381,181684381,173197694.0,1.033,1.053,1.033,1.049,1.91,2.48,1.1,-506674.0,-11.32
159098,价值ETF招商,1.005,0.0,0.0,80106.0,8064296.213,1.007,0.2,167726047,167726047,166891589.0,1.008,1.008,1.002,1.005,0.6,4.8,1.25,1393028.0,17.27
512140,电力ETF华安,0.906,0.0,0.0,30929.0,2806568.0,0.9097,0.41,131414394,131414394,145049000.0,0.905,0.91,0.902,0.906,0.88,2.13,0.65,181318.0,6.46
159862,食品饮料ETF银华,0.543,0.0,0.0,3617.0,196302.6,0.5436,0.11,166972839,166972839,307500624.0,0.544,0.544,0.542,0.543,0.37,0.12,0.28,9248.0,4.71
511930,货币ETF国联,100.0,0.0,0.0,22.0,222798.0,nan,0.0,18760000,18760000,187600.0,99.999,100.0,99.999,100.0,0.0,1.19,5.7,0.0,0.0
511950,添利货币ETF广发,100.0,0.0,-0.003,8.0,79899.0,nan,0.0,32220000,32220000,322200.0,99.999,100.0,99.997,100.003,0.0,0.25,1.13,0.0,0.0
515400,大数据ETF富国,0.834,0.0,0.0,304291.0,25275773.0,0.8354,0.17,1355776594,1355776594,1625631408.0,0.826,0.838,0.824,0.834,1.68,1.87,0.5,-971087.0,-3.84
159257,航空ETF汇添富,0.826,0.0,0.0,16437.0,1352665.4,0.8257,-0.04,123418400,123418400,149416949.0,0.835,0.835,0.815,0.826,2.42,1.1,0.4,-95927.0,-7.09
159256,创业板软件ETF华夏,0.791,0.0,0.0,417294.0,32819343.8,0.7914,0.05,474745354,474745354,600183760.0,0.785,0.794,0.781,0.791,1.64,6.95,0.79,242915.0,0.74
511990,华宝添益ETF,100.0,0.0,-0.003,398461.0,3984595303.0,nan,0.0,85536300800,85536300800,855363008.0,99.999,100.002,99.998,100.003,0.0,4.66,0.92,-12527904.0,-0.31
511960,货币ETF嘉实,100.0,0.0,0.0,2.0,20000.0,nan,0.0,26090000,26090000,260900.0,100.0,100.0,100.0,100.0,0.0,0.08,0.02,20000.0,100.0
511980,货币ETF汇添富,100.049,0.0,0.004,23.0,233416.0,nan,-0.05,24111809,24111809,241000.0,100.046,100.05,100.046,100.045,0.0,0.97,4.18,0.0,0.0
561660,通用航空ETF平安,0.855,0.0,0.0,9190.0,781925.0,0.8557,0.08,59602050,59602050,69710000.0,0.857,0.859,0.844,0.855,1.75,1.32,0.34,108246.0,13.84
516700,大数据ETF华宝,0.869,0.0,0.0,132105.0,11417067.0,0.8701,0.13,166519518,166519518,191622000.0,0.861,0.872,0.858,0.869,1.61,6.89,1.31,211502.0,1.85
511970,国寿货币ETF,100.0,0.0,0.003,1.0,10000.0,nan,0.0,41040000,41040000,410400.0,100.0,100.0,100.0,99.997,0.0,0.02,0.02,0.0,0.0
516720,ESGETF浦银,1.141,0.0,0.0,2100.0,239580.0,1.1403,-0.06,14077430,14077430,12337800.0,1.137,1.141,1.137,1.141,0.35,1.7,28.65,11380.0,4.75
511920,货币ETF广发,100.0,0.0,-0.001,3.0,30001.0,nan,0.0,31800000,31800000,318000.0,100.007,100.007,99.999,100.001,0.01,0.09,0.07,0.0,0.0
159976,湾创ETF工银,1.28,0.0,0.0,94.0,12032.0,1.2876,0.59,81773916,81773916,63885872.0,1.28,1.28,1.28,1.28,0.0,0.01,0.23,-9344.0,-77.66
516550,农业ETF嘉实,0.7,0.0,0.0,35368.0,2480010.0,0.7,0.0,183690080,183690080,262414400.0,0.699,0.703,0.697,0.7,0.86,1.35,0.68,-198365.0,-8.0
511770,金鹰增益货币ETF,100.002,0.0,-0.001,1.0,10000.0,nan,0.0,40390808,40390808,403900.0,100.002,100.002,100.002,100.003,0.0,0.02,0.03,10000.0,100.0
561260,能源ETF工银,1.24,0.0,0.0,29161.0,3618863.0,1.2419,0.15,29630048,29630048,23895200.0,1.24,1.243,1.238,1.24,0.4,12.2,1.36,-38938.0,-1.08
510210,上证指数ETF富国,0.993,0.0,0.0,6401043.0,634930747.0,0.9946,0.16,15507872355,15507872355,15617192704.0,0.989,0.996,0.986,0.993,1.01,4.1,1.21,9577246.0,1.51
515970,工程机械ETF华夏,0.834,0.0,0.0,733190.0,61175292.0,0.8351,0.13,604723392,604723392,725088000.0,0.834,0.84,0.83,0.834,1.2,10.11,1.52,7270986.0,11.89
511600,华安日日鑫ETF,100.0,0.0,0.001,9.0,90099.0,nan,0.0,78240000,78240000,782400.0,99.999,100.0,99.999,99.999,0.0,0.12,0.04,-19800.0,-21.98
511620,货币ETF国泰,100.006,0.0,0.0,364.0,3640103.0,nan,-0.01,428565712,428565712,4285400.0,100.005,100.007,100.004,100.006,0.0,0.85,0.46,732638.0,20.13
511650,货币ETF华夏,100.0,0.0,-0.001,219.0,2190122.0,nan,0.0,120450000,120450000,1204500.0,100.001,100.001,100.0,100.001,0.0,1.82,0.62,90101.0,4.11
511670,华泰天天金ETF,100.0,0.0,-0.001,2.0,20000.0,nan,0.0,13310000,13310000,133100.0,99.999,100.0,99.999,100.001,0.0,0.15,0.11,0.0,0.0
511690,交易货币ETF大成,100.001,0.0,0.0,143.0,1430021.0,nan,0.0,604606046,604606046,6046000.0,100.001,100.002,100.001,100.001,0.0,0.24,0.24,260002.0,18.18
511700,货币ETF平安,100.007,0.0,0.0,1263.0,12627721.0,nan,-0.01,1770793947,1770793947,17706700.0,100.005,100.007,100.005,100.007,0.0,0.71,0.34,-3616.0,-0.03
510030,价值ETF华宝,1.066,0.0,0.0,24520.0,2613664.0,1.0663,0.03,159078967,159078967,149229800.0,1.067,1.073,1.062,1.066,1.03,1.64,1.8,557326.0,21.32
510010,180治理ETF交银,1.756,0.0,0.0,2.0,351.0,1.7556,-0.02,229200846,229200846,130524400.0,1.756,1.756,1.756,1.756,0.0,0.0,0.03,0.0,0.0
511900,富国货币ETF,99.999,0.0,0.0,376.0,3759978.0,nan,0.0,183608164,183608164,1836100.0,99.999,100.0,99.999,99.999,0.0,2.05,0.54,40399.0,1.07
511810,货币ETF南方,100.005,0.0,-0.001,243.0,2430583.0,nan,-0.01,364368218,364368218,3643500.0,100.005,100.006,100.002,100.006,0.0,0.67,0.6,340112.0,13.99
511830,货币ETF华泰柏瑞,100.0,0.0,0.0,3.0,30000.0,nan,0.0,31350000,31350000,313500.0,100.0,100.0,99.999,100.0,0.0,0.1,0.1,0.0,0.0
561360,石油ETF国泰,1.474,0.0,0.0,169869.0,25105487.0,1.4747,0.05,1947372152,1947372152,1321148000.0,1.472,1.485,1.468,1.474,1.15,1.29,0.7,642638.0,2.56
159218,卫星ETF招商,1.29,0.0,0.0,373447.0,47793875.304,1.2905,0.04,2698185135,2698185135,2091616384.0,1.277,1.3,1.262,1.29,2.95,1.79,0.66,1778343.0,3.72
159223,现金流ETF永赢,1.138,0.0,0.0,58681.0,6680381.5,1.1384,0.04,205801331,205801331,180844755.0,1.137,1.139,1.135,1.138,0.35,3.24,2.09,260135.0,3.89
516440,工程机械ETF南方,0.935,0.0,0.0,10766.0,1006083.0,0.9358,0.09,131018371,131018371,140126600.0,0.934,0.937,0.93,0.935,0.75,0.77,0.25,121699.0,12.1
511850,招商财富宝ETF,100.006,0.0,0.0,1215.0,12149868.0,nan,-0.01,884913092,884913092,8848600.0,100.005,100.008,100.003,100.006,0.01,1.37,0.39,-48003.0,-0.4
511860,货币ETF博时,99.999,0.0,-0.001,4.0,40000.0,nan,0.0,44609554,44609554,446100.0,99.999,99.999,99.999,100.0,0.0,0.09,0.01,0.0,0.0
515990,一带一路ETF汇添富,1.52,0.0,0.0,1565.0,237238.0,1.5158,-0.28,79572304,79572304,52350200.0,1.516,1.52,1.512,1.52,0.53,0.3,0.24,7102.0,2.99
159916,基本面ETF建信,5.112,0.0,0.0,28.0,14267.3,5.1199,0.15,217597591,217597591,42566039.0,5.076,5.112,5.076,5.112,0.7,0.01,0.62,0.0,0.0
159021,大盘价值ETF华夏,1.009,0.0,0.0,13622.0,1374460.662,1.01,0.1,97779881,97779881,96907712.0,1.009,1.011,1.006,1.009,0.5,1.41,0.81,67822.0,4.93
159177,工程机械ETF鹏华,0.925,0.0,0.0,5801.0,537880.724,0.9284,0.37,44047833,44047833,47619279.0,0.924,0.933,0.924,0.925,0.97,1.22,0.17,74043.0,13.77
159263,价值ETF易方达,1.154,0.0,0.0,780000.0,90086996.9,1.1544,0.03,6914889419,6914889419,5992105216.0,1.155,1.159,1.152,1.154,0.61,1.3,0.69,-4375858.0,-4.86
158009,航空航天ETF南方,0.979,0.0,0.0,21190.0,2072735.3,0.9811,0.21,45399969,45399969,46373819.0,0.977,0.986,0.97,0.979,1.63,4.57,0.47,35755.0,1.73
159630,A100ETF汇添富,1.357,0.0,0.0,83.0,11263.1,1.3516,-0.4,20509351,20509351,15113744.0,1.357,1.357,1.357,1.357,0.0,0.05,0.07,-11263.0,-100.0
159843,食品饮料ETF招商,0.539,0.0,0.0,34446.0,1856666.976,0.5403,0.24,328226818,328226818,608955136.0,0.538,0.541,0.538,0.539,0.56,0.57,0.59,-171705.0,-9.25
517550,沪港深消费龙头ETF招商,0.664,0.0,0.0,21029.0,1395470.0,0.6677,0.55,55389154,55389154,83417400.0,0.664,0.665,0.66,0.664,0.75,2.52,0.56,53618.0,3.84
159001,货币ETF易方达,99.999,0.0,-0.001,22161.0,221604594.551,nan,0.0,3109166108,3109166108,31091972.0,100.0,100.0,99.999,100.0,0.0,7.13,0.56,-2075031.0,-0.94
563230,卫星ETF富国,1.052,0.0,0.0,874466.0,91377659.0,1.0527,0.07,3670677332,3670677332,3489237008.0,1.038,1.06,1.03,1.052,2.85,2.51,0.64,4718633.0,5.16
159138,工程机械ETF易方达,0.895,0.0,0.0,28109.0,2517507.0,0.8951,0.01,263369788,263369788,294267920.0,0.898,0.9,0.89,0.895,1.12,0.96,0.64,10606.0,0.42
560460,电力ETF平安,0.893,0.0,0.0,29456.0,2629491.0,0.8953,0.26,260342548,260342548,291537008.0,0.893,0.895,0.887,0.893,0.9,1.01,1.58,296525.0,11.28
159142,科创创业人工智能ETF景顺,1.135,0.0,0.0,489013.0,55197743.0,1.1295,-0.49,1322570263,1322570263,1165260144.0,1.111,1.144,1.107,1.135,3.26,4.2,1.13,-7481675.0,-13.55
159003,招商快线ETF,100.0,0.0,0.0,1257.0,12570320.297,nan,0.0,204509700,204509700,2045097.0,100.0,100.001,99.999,100.0,0.0,6.15,0.54,378891.0,3.01
560790,软件ETF鹏华,0.806,0.0,0.0,11443.0,922538.0,0.8068,0.1,184135455,184135455,228455900.0,0.805,0.812,0.797,0.806,1.86,0.5,0.34,-94475.0,-10.24
560670,银行ETF华泰柏瑞,1.069,0.0,0.0,133762.0,14258507.0,1.0682,-0.07,60905206,60905206,56974000.0,1.072,1.075,1.062,1.069,1.22,23.48,1.46,485315.0,3.4
560450,电力ETF天弘,0.93,0.0,0.0,28733.0,2669711.0,0.931,0.11,234889170,234889170,252569000.0,0.931,0.931,0.926,0.93,0.54,1.14,0.45,278300.0,10.42
562850,央企能源ETF嘉实,1.256,0.0,0.0,49207.0,6177848.0,1.2576,0.13,239872764,239872764,190981500.0,1.256,1.259,1.253,1.256,0.48,2.58,1.47,187550.0,3.04
517800,人工智能50ETF方正富邦,0.948,0.0,0.0,23107.0,2180844.0,0.9477,-0.03,200539636,200539636,211539700.0,0.94,0.954,0.937,0.948,1.79,1.09,0.67,-408506.0,-18.73
159536,中证2000ETF汇添富,1.366,0.0,0.0,28672.0,3883500.1,1.3663,0.02,61827331,61827331,45261589.0,1.345,1.372,1.341,1.366,2.27,6.33,0.56,-360401.0,-9.28
159555,中证2000增强ETF银华,1.72,0.0,0.0,10645.0,1817655.6,1.7265,0.38,64435853,64435853,37462705.0,1.706,1.725,1.69,1.72,2.03,2.84,0.63,-59212.0,-3.26
159283,通用航空ETF南方,0.831,0.0,0.0,115799.0,9572287.1,0.8301,-0.11,249663965,249663965,300437984.0,0.83,0.833,0.818,0.831,1.81,3.85,1.91,440034.0,4.6
159166,现金流ETF长城,0.857,0.0,0.0,5086.0,435941.013,0.859,0.23,485761367,485761367,566816064.0,0.857,0.86,0.856,0.857,0.47,0.09,0.98,36908.0,8.47
159117,港股通红利低波ETF鹏华,1.018,0.0,0.0,29368.0,2992924.898,1.018,0.0,62506374,62506374,61401153.0,1.015,1.024,1.015,1.018,0.88,4.78,2.02,230883.0,7.71
159267,航天ETF华安,0.823,0.0,0.0,543548.0,44576330.496,0.823,0.0,2237330543,2237330543,2718506128.0,0.818,0.827,0.811,0.823,1.94,2.0,0.79,2006370.0,4.5
159561,德国ETF嘉实,1.372,0.0,0.0,228187.0,31291645.2,1.3752,0.23,1808981298,1808981298,1318499488.0,1.373,1.373,1.37,1.372,0.22,1.73,0.77,-532705.0,-1.7
561100,消费电子ETF富国,1.556,0.0,0.0,183367.0,28235401.0,1.5565,0.03,916090170,916090170,588746896.0,1.521,1.565,1.514,1.556,3.28,3.11,1.07,-3015960.0,-10.68
512630,卫星ETF广发,1.058,0.0,0.0,538755.0,56665598.0,1.0589,0.08,1824442708,1824442708,1724426000.0,1.045,1.066,1.036,1.058,2.84,3.12,0.69,1518255.0,2.68
159515,国企红利ETF鹏扬,1.21,0.0,0.0,4662.0,564743.7,1.2103,0.02,40397824,40397824,33386631.0,1.212,1.215,1.209,1.21,0.5,1.4,0.59,-314955.0,-55.77
562340,中证500成长ETF银华,1.41,0.0,0.0,50.0,7050.0,1.4045,-0.39,11483463,11483463,8144300.0,1.41,1.41,1.41,1.41,0.0,0.06,0.04,0.0,0.0
563680,800现金流ETF汇添富,1.197,0.0,0.0,21380.0,2557798.0,1.1962,-0.07,126832923,126832923,105959000.0,1.2,1.2,1.194,1.197,0.5,2.02,1.11,304647.0,11.91
520610,港股红利低波ETF银华,0.955,0.0,0.0,62418.0,5968920.0,0.95,-0.53,314159673,314159673,328963008.0,0.955,0.958,0.949,0.955,0.94,1.9,0.77,-924014.0,-15.48
159795,智能汽车ETF汇添富,0.852,0.0,0.0,21670.0,1836760.6,0.8525,0.06,24000391,24000391,28169473.0,0.847,0.852,0.839,0.852,1.53,7.69,1.98,23421.0,1.28
159005,快钱ETF汇添富,100.0,0.0,0.0,122.0,1222006.9,nan,0.0,113379000,113379000,1133790.0,100.0,100.001,100.0,100.0,0.0,1.08,0.32,629705.0,51.53
563530,卫星ETF易方达,1.058,0.0,0.0,443667.0,46546969.0,1.0574,-0.06,1724273384,1724273384,1629748000.0,1.04,1.066,1.035,1.058,2.93,2.72,0.69,607743.0,1.31
511660,货币ETF建信,100.012,-0.01,-0.009,10986.0,109871953.0,nan,-0.01,7484087983,7484087983,74831900.0,100.007,100.021,100.007,100.021,0.01,1.47,0.81,5268425.0,4.8
159552,中证2000增强ETF招商,2.215,-0.05,-0.001,449317.0,98902949.6,2.2121,-0.13,1346255559,1346255559,607790320.0,2.19,2.228,2.175,2.216,2.39,7.39,1.13,-7649665.0,-7.73
159566,储能电池ETF易方达,1.856,-0.05,-0.001,1154253.0,213156845.3,1.8549,-0.06,5081245024,5081245024,2737739776.0,1.831,1.868,1.824,1.857,2.37,4.22,1.34,-2270829.0,-1.07
159974,央企创新ETF富国,1.759,-0.06,-0.001,5219.0,913792.8,1.7624,0.19,69361630,69361630,39432422.0,1.752,1.759,1.749,1.76,0.57,1.32,1.41,493158.0,53.97
513170,恒生央企ETF鹏华,1.595,-0.06,-0.001,7641.0,1221047.0,1.6006,0.35,310343935,310343935,194573000.0,1.599,1.604,1.594,1.596,0.63,0.39,0.51,-217932.0,-17.85
516210,银行ETF华安,1.407,-0.07,-0.001,35573.0,5004592.0,1.4073,0.02,114151317,114151317,81131000.0,1.401,1.415,1.4,1.408,1.07,4.38,0.74,346582.0,6.93
159726,港股通高股息ETF华夏,1.377,-0.07,-0.001,47188.0,6510793.5,1.3786,0.12,355143970,355143970,257911380.0,1.378,1.386,1.372,1.378,1.02,1.83,1.5,-861143.0,-13.23
515580,科技100ETF华泰柏瑞,1.36,-0.07,-0.001,12097.0,1631340.0,1.3606,0.04,413482715,413482715,304031408.0,1.348,1.362,1.337,1.361,1.84,0.4,0.69,-243547.0,-14.93
512750,基本面50ETF嘉实,1.452,-0.07,-0.001,13267.0,1926528.0,1.452,0.0,67597715,67597715,46554900.0,1.453,1.456,1.447,1.453,0.62,2.85,1.25,2682.0,0.14
515290,银行ETF天弘,1.484,-0.07,-0.001,378442.0,56191288.0,1.4833,-0.05,3958529778,3958529778,2667472896.0,1.488,1.493,1.475,1.485,1.21,1.42,1.15,2957744.0,5.26
159572,创业板200ETF易方达,1.41,-0.07,-0.001,65934.0,9228561.5,1.4101,0.01,264726241,264726241,187749107.0,1.396,1.415,1.383,1.411,2.27,3.51,1.08,727836.0,7.89
562950,消费电子ETF易方达,1.499,-0.07,-0.001,346927.0,51532966.0,1.4993,0.02,1514377198,1514377198,1010258304.0,1.461,1.508,1.46,1.5,3.2,3.43,0.96,3281409.0,6.37
530800,上证180ETF银华,1.188,-0.08,-0.001,706.0,83734.0,1.1868,-0.1,21623738,21623738,18201800.0,1.187,1.188,1.183,1.189,0.42,0.39,0.12,50727.0,60.58
510230,金融ETF国泰,1.32,-0.08,-0.001,326369.0,43031435.0,1.3182,-0.14,818146560,818146560,619808000.0,1.32,1.328,1.312,1.321,1.21,5.27,1.02,11649290.0,27.07
563390,全指现金流ETF华泰柏瑞,1.218,-0.08,-0.001,110047.0,13387306.0,1.217,-0.08,2659921992,2659921992,2183844000.0,1.219,1.223,1.214,1.219,0.74,0.5,0.29,-68146.0,-0.51
560330,沪深300价值ETF申万菱信,1.235,-0.08,-0.001,2087.0,257518.0,1.2358,0.06,21155550,21155550,17130000.0,1.236,1.237,1.233,1.236,0.32,1.22,1.51,147759.0,57.38
512640,金融地产ETF嘉实,2.379,-0.08,-0.002,5871.0,1396331.0,2.3783,-0.03,48153101,48153101,20240900.0,2.389,2.389,2.369,2.381,0.84,2.9,1.03,216196.0,15.48
159653,ESG300ETF国联安,1.179,-0.08,-0.001,80.0,9419.3,1.1793,0.03,62454068,62454068,52972068.0,1.175,1.179,1.175,1.18,0.34,0.02,0.98,9419.0,100.0
159235,中证现金流ETF大成,1.22,-0.08,-0.001,484532.0,59229894.7,1.2219,0.16,2349390053,2349390053,1925729552.0,1.225,1.225,1.219,1.221,0.49,2.52,1.73,8428676.0,14.23
561790,央企能源ETF博时,1.252,-0.08,-0.001,4247.0,531519.0,1.2527,0.06,72408168,72408168,57834000.0,1.253,1.253,1.249,1.253,0.32,0.73,0.53,82510.0,15.52
513990,港股通ETF招商,1.116,-0.09,-0.001,33572.0,3744894.0,1.1226,0.59,49104000,49104000,44000000.0,1.107,1.119,1.107,1.117,1.07,7.63,0.54,332477.0,8.88
560300,电信ETF汇添富,2.237,-0.09,-0.002,4472.0,998304.0,2.2332,-0.17,59959206,59959206,26803400.0,2.24,2.241,2.212,2.239,1.3,1.67,0.89,201731.0,20.21
159091,港股通金融ETF易方达,1.069,-0.09,-0.001,29865.0,3186607.7,1.0667,-0.22,30332016,30332016,28374196.0,1.07,1.073,1.063,1.07,0.93,10.53,1.27,-83222.0,-2.61
159778,工业互联网ETF鹏华,1.168,-0.09,-0.001,4925.0,572166.5,1.1704,0.21,47018286,47018286,40255382.0,1.146,1.173,1.146,1.169,2.31,1.22,0.6,-25244.0,-4.41
562810,上证指数增强ETF嘉实,1.147,-0.09,-0.001,16743.0,1914306.0,1.1478,0.07,60734797,60734797,52951000.0,1.148,1.148,1.14,1.148,0.7,3.16,0.69,-345159.0,-18.03
560690,电信ETF鹏华,2.144,-0.09,-0.002,8941.0,1911603.0,2.1488,0.22,43714016,43714016,20389000.0,2.144,2.153,2.127,2.146,1.21,4.39,0.54,-97593.0,-5.11
517950,沪深港科技50ETF交银,1.147,-0.09,-0.001,6190.0,705845.0,1.1436,-0.3,59211810,59211810,51623200.0,1.137,1.147,1.13,1.148,1.48,1.2,0.2,39284.0,5.57
512900,证券ETF南方,1.054,-0.09,-0.001,323593.0,34096624.0,1.0531,-0.09,7892252975,7892252975,7487906048.0,1.053,1.06,1.051,1.055,0.85,0.43,0.95,-10707842.0,-31.4
520550,港股红利低波ETF招商,1.109,-0.09,-0.001,156149.0,17354216.0,1.1049,-0.37,1275931116,1275931116,1150524000.0,1.111,1.115,1.109,1.11,0.54,1.36,1.05,-1043408.0,-6.01
563010,电信ETF易方达,2.124,-0.09,-0.002,44201.0,9384906.0,2.124,0.0,200058073,200058073,94189300.0,2.126,2.132,2.103,2.126,1.36,4.69,1.84,1261727.0,13.44
561420,300现金流ETF汇添富,1.094,-0.09,-0.001,30930.0,3387257.0,1.0947,0.06,1115045287,1115045287,1019237008.0,1.098,1.098,1.093,1.095,0.46,0.3,0.89,687091.0,20.28
159621,ESGETF国泰,1.152,-0.09,-0.001,21968.0,2526713.0,1.1526,0.05,16628794,16628794,14434717.0,1.15,1.152,1.148,1.153,0.35,15.22,1.36,153727.0,6.08
512420,工程机械ETF华安,0.953,-0.1,-0.001,44330.0,4227134.0,0.9568,0.4,73608672,73608672,77238900.0,0.955,0.962,0.95,0.954,1.26,5.74,1.67,-150599.0,-3.56
515980,人工智能ETF华富,0.979,-0.1,-0.001,913733.0,89150908.0,0.9784,-0.06,6140414314,6140414314,6272129024.0,0.965,0.989,0.954,0.98,3.57,1.46,0.74,-5934580.0,-6.66
159118,港股通红利低波ETF华夏,0.971,-0.1,-0.001,13973.0,1357100.6,0.9712,0.02,67656386,67656386,69677020.0,0.97,0.974,0.97,0.972,0.41,2.01,0.96,43866.0,3.23
516980,证券先锋ETF华富,1.045,-0.1,-0.001,4074.0,425754.0,1.0462,0.11,61671720,61671720,59016000.0,1.047,1.05,1.042,1.046,0.76,0.69,0.65,20057.0,4.71
510180,上证180ETF华安,3.91,-0.1,-0.004,64767.0,25282043.0,3.9086,-0.04,17274605716,17274605716,4418057728.0,3.901,3.915,3.89,3.914,0.64,0.15,0.87,-1930691.0,-7.64
510050,上证50ETF华夏,2.976,-0.1,-0.003,2520777.0,749812629.0,2.977,0.03,21801482330,21801482330,7325766912.0,2.968,2.981,2.968,2.979,0.44,3.44,0.89,-111080775.0,-14.81
520940,港股通恒生ETF华安,1.006,-0.1,-0.001,52100.0,5249815.0,1.0067,0.07,22430782,22430782,22297000.0,1.011,1.011,1.005,1.007,0.6,23.37,1.55,-88098.0,-1.68
510160,产业升级ETF南方,0.9,-0.11,-0.001,801.0,72340.0,0.9019,0.21,172851660,172851660,192057400.0,0.903,0.904,0.9,0.901,0.44,0.04,0.39,-11466.0,-15.85
159126,港股通50ETF南方,0.943,-0.11,-0.001,24538.0,2318647.3,0.9422,-0.08,214642403,214642403,227616546.0,0.945,0.951,0.943,0.944,0.85,1.08,0.76,-55027.0,-2.37
159071,新能源电池ETF华宝,0.841,-0.12,-0.001,77198.0,6504172.0,0.8422,0.14,100845772,100845772,119911738.0,0.837,0.847,0.83,0.842,2.02,6.44,1.38,-44080.0,-0.68
512800,银行ETF华宝,0.826,-0.12,-0.001,6226093.0,514124353.0,0.8257,-0.04,10374625974,10374625974,12560079872.0,0.829,0.832,0.821,0.827,1.33,4.96,0.97,4210127.0,0.82
513140,港股通金融ETF华泰柏瑞,1.698,-0.12,-0.002,96262.0,16373339.0,1.7008,0.16,133917864,133917864,78868000.0,1.704,1.715,1.694,1.7,1.24,12.21,0.94,-273386.0,-1.67
159739,云计算ETF鹏华,0.767,-0.13,-0.001,61618.0,4707060.5,0.7658,-0.16,316281065,316281065,412361232.0,0.755,0.77,0.755,0.768,1.95,1.49,0.5,-995298.0,-21.14
561280,中证1000增强ETF工银,1.57,-0.13,-0.002,24496.0,3823387.0,1.5701,0.01,133210889,133210889,84847700.0,1.571,1.577,1.548,1.572,1.84,2.89,1.15,154460.0,4.04
512700,银行ETF南方,1.523,-0.13,-0.002,510202.0,77781318.0,1.5233,0.02,1017487375,1017487375,668081008.0,1.528,1.534,1.516,1.525,1.18,7.64,1.37,1176086.0,1.51
159933,金融地产ETF国投瑞银,2.894,-0.14,-0.004,1421.0,411146.1,2.8961,0.07,105280661,105280661,36378943.0,2.898,2.898,2.885,2.898,0.45,0.39,2.22,35295.0,8.58
561600,消费电子ETF平安,0.708,-0.14,-0.001,151099.0,10649494.0,0.7093,0.18,201459984,201459984,284548000.0,0.695,0.713,0.69,0.709,3.24,5.31,1.14,-87252.0,-0.82
159527,云计算ETF广发,0.686,-0.15,-0.001,81792.0,5587183.5,0.6863,0.04,311650722,311650722,454301344.0,0.678,0.69,0.676,0.687,2.04,1.8,0.58,31227.0,0.56
562320,沪深300价值ETF银华,1.336,-0.15,-0.002,9908.0,1323027.0,1.3366,0.04,77882788,77882788,58295500.0,1.338,1.341,1.331,1.338,0.75,1.7,0.41,228617.0,17.28
159735,港股消费ETF银华,0.677,-0.15,-0.001,83523.0,5667168.9,0.6772,0.03,424859052,424859052,627561376.0,0.683,0.683,0.676,0.678,1.03,1.33,0.67,-271612.0,-4.79
516260,物联网ETF华夏,1.321,-0.15,-0.002,756.0,99702.0,1.3254,0.33,57968915,57968915,43882600.0,1.308,1.329,1.303,1.323,1.97,0.17,0.16,-15792.0,-15.84
562080,300现金流ETF华宝,0.623,-0.16,-0.001,266102.0,16573337.0,0.6223,-0.11,374271736,374271736,600757200.0,0.626,0.626,0.621,0.624,0.8,4.43,1.09,466845.0,2.82
159701,物联网ETF招商,1.218,-0.16,-0.002,42.0,5113.6,1.228,0.81,6949422,6949422,5705601.0,1.208,1.218,1.208,1.22,0.82,0.07,0.01,-241.0,-4.71
159320,电网设备ETF广发,0.621,-0.16,-0.001,390415.0,24041369.2,0.6207,-0.05,1108010258,1108010258,1784235520.0,0.612,0.625,0.606,0.622,3.05,2.19,0.97,2396466.0,9.97
512250,A50ETF招商,1.212,-0.16,-0.002,363.0,44004.0,1.2105,-0.12,144955321,144955321,119600100.0,1.212,1.213,1.212,1.214,0.08,0.03,0.15,-10189.0,-23.15
512040,价值ETF富国,1.212,-0.16,-0.002,794643.0,96330159.0,1.2126,0.05,5308215598,5308215598,4379715840.0,1.212,1.216,1.209,1.214,0.58,1.81,0.82,1545019.0,1.6
159788,港股通100ETF易方达,1.219,-0.16,-0.002,11529.0,1406890.9,1.2188,-0.02,85848032,85848032,70424965.0,1.223,1.227,1.217,1.221,0.82,1.64,0.4,-225993.0,-16.06
159336,央企红利ETF融通,1.215,-0.16,-0.002,8455.0,1028612.4,1.217,0.16,374104682,374104682,307905088.0,1.221,1.223,1.213,1.217,0.82,0.27,0.42,-27648.0,-2.69
515590,500等权ETF前海开源,1.884,-0.16,-0.003,7245.0,1367572.0,1.8919,0.42,68038211,68038211,36113700.0,1.861,1.893,1.861,1.887,1.7,2.01,1.45,74227.0,5.43
561870,现金流全指ETF华富,1.173,-0.17,-0.002,2105.0,246987.0,1.1736,0.05,109986345,109986345,93765000.0,1.181,1.181,1.172,1.175,0.77,0.22,0.28,97305.0,39.4
159139,科创创业人工智能ETF华泰柏瑞,1.181,-0.17,-0.002,122021.0,14355486.5,1.1798,-0.1,222156977,222156977,188109210.0,1.159,1.193,1.159,1.183,2.87,6.49,0.55,-256065.0,-1.78
563900,300自由现金流ETF摩根,1.17,-0.17,-0.002,165921.0,19437406.0,1.1706,0.05,551029864,551029864,470965696.0,1.171,1.176,1.169,1.172,0.6,3.52,1.43,-300456.0,-1.55
563760,全指现金流ETF中银,1.169,-0.17,-0.002,612243.0,71660143.0,1.1703,0.11,874310531,874310531,747913200.0,1.172,1.175,1.167,1.171,0.68,8.19,1.49,9367518.0,13.07
563830,全指现金流ETF博时,1.166,-0.17,-0.002,491.0,57269.0,1.1677,0.15,160786736,160786736,137896000.0,1.174,1.174,1.166,1.168,0.68,0.04,0.02,-37180.0,-64.92
159910,基本面120ETF嘉实,2.354,-0.17,-0.004,827.0,194581.2,2.3588,0.2,195161061,195161061,82906143.0,2.356,2.356,2.348,2.358,0.34,0.1,0.89,0.0,0.0
563180,高股息ETF银华,1.167,-0.17,-0.002,16554.0,1935511.0,1.1679,0.08,118357140,118357140,101420000.0,1.169,1.173,1.166,1.169,0.6,1.63,1.0,212886.0,11.0
159233,自由现金流ETF平安,1.193,-0.17,-0.002,186883.0,22309319.1,1.1931,0.01,746368745,746368745,625623424.0,1.194,1.196,1.19,1.195,0.5,2.99,1.2,340766.0,1.53
159312,恒指港股通ETF广发,1.184,-0.17,-0.002,3600.0,427668.1,1.1848,0.07,38153634,38153634,32224353.0,1.188,1.192,1.183,1.186,0.76,1.12,0.44,-50174.0,-11.73
159232,自由现金流ETF南方,1.195,-0.17,-0.002,915745.0,109499039.6,1.1958,0.07,2536923529,2536923529,2122948560.0,1.199,1.199,1.192,1.197,0.58,4.31,1.22,11403035.0,10.41
510100,上证50ETF易方达,2.93,-0.17,-0.005,419384.0,122886411.0,2.9323,0.08,2754512924,2754512924,940106800.0,2.928,2.936,2.924,2.935,0.41,4.46,0.92,9511509.0,7.74
561060,国企红利ETF华安,1.175,-0.17,-0.002,2466.0,290023.0,1.175,0.0,64113875,64113875,54565000.0,1.177,1.18,1.173,1.177,0.59,0.45,0.43,-52129.0,-17.97
530050,上证50ETF东财,1.169,-0.17,-0.002,31599.0,3694252.0,1.1684,-0.05,154089397,154089397,131813000.0,1.168,1.172,1.167,1.171,0.43,2.4,1.27,430539.0,11.65
588420,科创创业人工智能ETF摩根,1.116,-0.18,-0.002,58651.0,6529085.0,1.1157,-0.03,383511168,383511168,343648000.0,1.098,1.127,1.098,1.118,2.59,1.71,0.61,531075.0,8.13
516510,云计算ETF易方达,1.619,-0.18,-0.003,348843.0,56206095.0,1.6185,-0.03,2480129910,2480129910,1531890000.0,1.598,1.627,1.598,1.622,1.79,2.28,0.66,661875.0,1.18
513050,中概互联网ETF易方达,1.069,-0.19,-0.002,7568228.0,809663617.0,1.0805,1.06,36713129561,36713129561,34343432704.0,1.077,1.079,1.065,1.071,1.31,2.2,0.76,-38020042.0,-4.7
561430,红利质量ETF博时,1.044,-0.19,-0.002,6401.0,669328.0,1.0459,0.18,41993021,41993021,40223200.0,1.048,1.048,1.044,1.046,0.38,1.59,1.09,142176.0,21.24
512880,证券ETF国泰,1.065,-0.19,-0.002,5564607.0,592249040.0,1.064,-0.09,62481730537,62481730537,58668291584.0,1.066,1.07,1.061,1.067,0.84,0.95,0.72,-65932363.0,-11.13
512950,央企改革ETF华夏,1.485,-0.2,-0.003,14832.0,2198383.0,1.4869,0.13,6003188247,6003188247,4042551008.0,1.484,1.488,1.475,1.488,0.87,0.04,0.35,103846.0,4.72
510670,上证180ETF华夏,0.983,-0.2,-0.002,2738.0,268531.0,0.982,-0.1,174967119,174967119,177993000.0,0.985,0.985,0.978,0.985,0.71,0.15,0.58,-30477.0,-11.35
512000,券商ETF华宝,0.509,-0.2,-0.001,7233996.0,368192791.0,0.5088,-0.04,38231516754,38231516754,75111034880.0,0.51,0.512,0.507,0.51,0.98,0.96,0.72,-23407049.0,-6.36
512970,大湾区ETF平安,1.461,-0.2,-0.003,1981.0,287821.0,1.4624,0.1,8747884,8747884,5987600.0,1.445,1.461,1.445,1.464,1.09,3.31,0.74,145112.0,50.42
159253,银行ETF博时,0.987,-0.2,-0.002,49734.0,4908166.5,0.9866,-0.04,539992611,539992611,547104976.0,0.99,0.994,0.981,0.989,1.31,0.91,1.06,426654.0,8.69
526070,恒指港股通ETF博时,0.994,-0.2,-0.002,17016.0,1693068.0,0.995,0.1,52062738,52062738,52377000.0,0.996,0.998,0.993,0.996,0.5,3.25,0.43,-104025.0,-6.14
515750,科技50ETF富国,1.995,-0.2,-0.004,32661.0,6468465.0,1.9967,0.09,526960298,526960298,264140500.0,1.98,1.998,1.963,1.999,1.75,1.24,1.11,-163732.0,-2.53
159208,航空航天ETF万家,1.012,-0.2,-0.002,40316.0,4081460.2,1.0141,0.21,345560337,345560337,341462784.0,1.001,1.02,1.001,1.014,1.87,1.18,0.55,167444.0,4.1
510140,上证综指ETF华夏,1.015,-0.2,-0.002,29797.0,3018858.0,1.0169,0.19,81433958,81433958,80230500.0,1.012,1.017,1.01,1.017,0.69,3.71,0.8,48759.0,1.62
520660,港股通央企红利ETF南方,1.006,-0.2,-0.002,418756.0,42240486.0,1.0096,0.36,2314288417,2314288417,2300485504.0,1.009,1.013,1.006,1.008,0.69,1.82,1.39,5795821.0,13.72
512960,央企结构调整ETF博时,1.437,-0.21,-0.003,118.0,16931.0,1.4387,0.12,5541154334,5541154334,3856057296.0,1.434,1.438,1.428,1.44,0.69,0.0,0.01,-1140.0,-6.73
560920,工程机械ETF招商,0.959,-0.21,-0.002,405.0,38965.0,0.9618,0.29,43512995,43512995,45373300.0,0.96,0.967,0.959,0.961,0.83,0.09,0.03,-11051.0,-28.36
512150,富时A50ETF汇安,1.887,-0.21,-0.004,1458.0,275457.0,1.8819,-0.27,34104506,34104506,18073400.0,1.885,1.891,1.884,1.891,0.37,0.81,1.24,-46202.0,-16.77
159271,恒生ETF鹏华,0.961,-0.21,-0.002,19343.0,1860490.8,0.9619,0.09,251192648,251192648,261386731.0,0.964,0.966,0.959,0.963,0.73,0.74,0.62,330403.0,17.76
510190,上证50ETF华安,4.25,-0.21,-0.009,671.0,285201.0,4.2475,-0.06,100515900,100515900,23650800.0,4.252,4.257,4.238,4.259,0.45,0.28,0.93,-11914.0,-4.18
159811,5GETF博时,2.873,-0.21,-0.006,39969.0,11405948.4,2.872,-0.03,214737768,214737768,74743393.0,2.802,2.9,2.802,2.879,3.4,5.35,0.68,1235167.0,10.83
159841,证券ETF天弘,0.965,-0.21,-0.002,1230508.0,118615715.8,0.9646,-0.04,11964879180,11964879180,12398838528.0,0.965,0.97,0.961,0.967,0.93,0.99,1.02,-15480426.0,-13.05
561900,沪深300ESGETF招商,0.971,-0.21,-0.002,518.0,50346.0,0.9717,0.07,25570702,25570702,26334400.0,0.973,0.973,0.968,0.973,0.51,0.2,0.03,-40335.0,-80.12
159022,科创创业人工智能ETF富国,0.943,-0.21,-0.002,60595.0,5709076.5,0.9417,-0.14,159019002,159019002,168630967.0,0.935,0.955,0.93,0.945,2.65,3.59,0.64,-289268.0,-5.07
516250,工程机械ETF富国,0.934,-0.21,-0.002,1981.0,185137.0,0.9358,0.19,73672052,73672052,78878000.0,0.932,0.94,0.931,0.936,0.96,0.25,0.07,-20177.0,-10.9
159913,深价值ETF交银,2.423,-0.21,-0.005,1596.0,386694.7,2.4295,0.27,54104846,54104846,22329693.0,2.42,2.427,2.419,2.428,0.33,0.71,3.65,234304.0,60.59
159887,银行ETF富国,1.35,-0.22,-0.003,457656.0,61801294.532,1.3504,0.03,818931535,818931535,606615952.0,1.355,1.359,1.342,1.353,1.26,7.54,0.87,6055519.0,9.8
530000,上证50ETF天弘,1.364,-0.22,-0.003,16086.0,2193067.0,1.363,-0.07,1329940113,1329940113,975029408.0,1.366,1.366,1.362,1.367,0.29,0.16,0.88,-706388.0,-32.21
510980,上证指数ETF汇添富,1.381,-0.22,-0.003,324958.0,44776813.0,1.3821,0.08,1023042038,1023042038,740798000.0,1.379,1.383,1.373,1.384,0.72,4.39,0.76,-5240830.0,-11.7
159066,A股ETF建信,0.903,-0.22,-0.002,67056.0,6053373.856,0.906,0.33,192097923,192097923,212733027.0,0.904,0.907,0.898,0.905,0.99,3.15,2.56,148240.0,2.45
159542,工程机械ETF大成,1.311,-0.23,-0.003,11789.0,1546465.6,1.3125,0.11,20442226,20442226,15592850.0,1.309,1.318,1.305,1.314,0.99,7.56,0.75,-191274.0,-12.37
159545,恒生红利低波ETF易方达,1.328,-0.23,-0.003,415010.0,55188621.4,1.3221,-0.45,7033092760,7033092760,5296003584.0,1.334,1.335,1.327,1.331,0.6,0.78,1.07,11768896.0,21.32
510060,央企ETF工银,2.619,-0.23,-0.006,695.0,182160.0,2.6263,0.28,94177145,94177145,35959200.0,2.625,2.625,2.618,2.625,0.27,0.19,0.81,9953.0,5.46
512650,长三角ETF汇添富,1.324,-0.23,-0.003,5432.0,716636.0,1.3296,0.42,43614678,43614678,32941600.0,1.317,1.33,1.316,1.327,1.06,1.65,0.85,-40657.0,-5.67
561000,沪深300增强ETF华安,1.297,-0.23,-0.003,19738.0,2562211.0,1.2983,0.1,67988740,67988740,52420000.0,1.295,1.301,1.292,1.3,0.69,3.77,0.67,138807.0,5.42
515220,煤炭ETF国泰,1.305,-0.23,-0.003,4325152.0,568536006.0,1.306,0.08,14402863308,14402863308,11036676864.0,1.308,1.328,1.305,1.308,1.76,3.92,1.49,19152832.0,3.37
510760,上证指数ETF国泰,1.316,-0.23,-0.003,823077.0,108144303.0,1.3174,0.11,4440846864,4440846864,3374503696.0,1.313,1.319,1.309,1.319,0.76,2.44,0.9,-6242492.0,-5.77
159890,云计算ETF招商,1.661,-0.24,-0.004,45072.0,7445709.1,1.6584,-0.16,391316133,391316133,235590688.0,1.639,1.667,1.639,1.665,1.68,1.91,0.59,-849394.0,-11.41
159260,证券ETF博时,0.842,-0.24,-0.002,34579.0,2907515.8,0.8412,-0.1,871649838,871649838,1035213584.0,0.844,0.847,0.839,0.844,0.95,0.33,0.3,-18388.0,-0.63
510090,责任ETF建信,2.538,-0.24,-0.006,1651.0,418787.0,2.5349,-0.12,61117832,61117832,24081100.0,2.536,2.538,2.536,2.544,0.08,0.69,3.55,-18019.0,-4.3
159262,港股通科技ETF广发,0.833,-0.24,-0.002,1267311.0,105498955.0,0.8331,0.01,4645408080,4645408080,5576720384.0,0.836,0.838,0.827,0.835,1.32,2.27,0.73,95108.0,0.09
560810,央企ESGETF融通,1.255,-0.24,-0.003,474.0,59398.0,1.2588,0.3,227300580,227300580,181116000.0,1.246,1.258,1.246,1.258,0.95,0.03,0.25,51141.0,86.1
159848,证券ETF国联安,0.848,-0.24,-0.002,3590.0,304504.0,0.848,0.0,134671931,134671931,158811239.0,0.852,0.853,0.847,0.85,0.71,0.23,0.25,-50920.0,-16.72
159170,港股通互联网ETF永赢,0.84,-0.24,-0.002,42442.0,3564423.474,0.8413,0.15,335696216,335696216,399638352.0,0.845,0.846,0.836,0.842,1.19,1.06,0.32,289088.0,8.11
512530,沪深300红利ETF建信,1.649,-0.24,-0.004,17656.0,2913423.0,1.6513,0.14,160780798,160780798,97502000.0,1.653,1.659,1.646,1.653,0.79,1.81,0.63,420883.0,14.45
510600,上证50ETF申万菱信,3.812,-0.24,-0.009,4516.0,1720326.0,3.8136,0.04,50757161,50757161,13315100.0,3.815,3.82,3.807,3.821,0.34,3.39,1.1,169756.0,9.87
159521,国证2000ETF平安,1.241,-0.24,-0.003,49033.0,6037996.1,1.2417,0.06,22678574,22678574,18274435.0,1.233,1.245,1.22,1.244,2.01,26.83,3.42,-43203.0,-0.72
518860,上海金ETF建信,9.55,-0.24,-0.023,106004.0,101533072.0,9.5505,0.01,4473791166,4473791166,468459808.0,9.62,9.634,9.515,9.573,1.24,2.26,3.49,-107156.0,-0.11
515600,央企创新ETF广发,1.646,-0.24,-0.004,5834.0,961404.0,1.6516,0.34,1708214534,1708214534,1037797408.0,1.639,1.651,1.639,1.65,0.73,0.06,0.79,130865.0,13.61
516460,现金流ETF800鹏华,1.228,-0.24,-0.003,6202.0,762447.0,1.2287,0.06,519067014,519067014,422693008.0,1.233,1.233,1.228,1.231,0.41,0.15,0.33,3808.0,0.5
520560,香港大盘30ETF华宝,0.819,-0.24,-0.002,22183.0,1821707.0,0.8192,0.02,499933168,499933168,610419008.0,0.825,0.827,0.817,0.821,1.22,0.36,0.75,152031.0,8.35
563770,全指现金流ETF招商,1.182,-0.25,-0.003,35025.0,4144382.0,1.1842,0.19,32276874,32276874,27307000.0,1.197,1.197,1.178,1.185,1.6,12.83,1.28,111757.0,2.7
159959,央企ETF银华,1.605,-0.25,-0.004,297.0,47588.7,1.6082,0.2,2933766300,2933766300,1827891776.0,1.6,1.609,1.596,1.609,0.81,0.0,0.26,23470.0,49.32
159245,港股通消费ETF富国,0.798,-0.25,-0.002,5183.0,414582.7,0.7982,0.03,58344410,58344410,73113296.0,0.801,0.805,0.797,0.8,1.0,0.71,0.35,92409.0,22.29
563780,现金流全指ETF方正富邦,1.215,-0.25,-0.003,13448.0,1636160.0,1.2169,0.16,302567927,302567927,249027100.0,1.226,1.226,1.215,1.218,0.9,0.54,1.01,371877.0,22.73
520530,港股通科技ETF东财,0.809,-0.25,-0.002,112293.0,9075174.0,0.807,-0.25,190742784,190742784,235776000.0,0.811,0.812,0.804,0.811,0.99,4.76,0.83,-563229.0,-6.21
159236,自由现金流ETF工银,1.196,-0.25,-0.003,18416.0,2205872.4,1.1981,0.18,48703705,48703705,40722161.0,1.198,1.199,1.194,1.199,0.42,4.52,1.28,297467.0,13.49
515920,智能消费ETF博时,1.174,-0.25,-0.003,10828.0,1269663.0,1.1749,0.08,77373292,77373292,65905700.0,1.16,1.179,1.158,1.177,1.78,1.64,0.83,30295.0,2.39
530180,上证180ETF易方达,1.183,-0.25,-0.003,57860.0,6843844.0,1.1836,0.05,70923216,70923216,59952000.0,1.183,1.186,1.178,1.186,0.67,9.65,1.89,720760.0,10.53
588470,科创创业人工智能ETF华安,0.792,-0.25,-0.002,44536.0,3509723.0,0.7896,-0.3,231982350,231982350,292907008.0,0.79,0.799,0.78,0.794,2.39,1.52,0.36,-57253.0,-1.63
159140,科创创业人工智能ETF易方达,1.186,-0.25,-0.003,406242.0,48027273.287,1.1846,-0.12,592925083,592925083,499936832.0,1.165,1.198,1.162,1.189,3.03,8.13,1.25,-1389532.0,-2.89
530280,上证180ETF平安,1.186,-0.25,-0.003,1683.0,199604.0,1.1882,0.19,35501724,35501724,29934000.0,1.186,1.186,1.186,1.189,0.0,0.56,1.11,9132.0,4.58
515080,中证红利ETF招商,1.598,-0.25,-0.004,1162909.0,186161801.0,1.5968,-0.08,11531406089,11531406089,7216148992.0,1.602,1.608,1.595,1.602,0.81,1.61,0.88,12638674.0,6.79
561460,人工智能ETF天弘,0.772,-0.26,-0.002,184127.0,14180004.0,0.7737,0.22,537327440,537327440,696020000.0,0.767,0.781,0.763,0.774,2.33,2.65,1.18,-193257.0,-1.36
159511,通信ETF南方,2.3,-0.26,-0.006,51617.0,11844383.4,2.295,-0.22,335672518,335672518,145944573.0,2.265,2.325,2.259,2.306,2.86,3.54,1.06,397640.0,3.36
513210,恒生ETF易方达,1.508,-0.26,-0.004,14387.0,2172779.0,1.5102,0.15,66264536,66264536,43942000.0,1.515,1.521,1.505,1.512,1.06,3.27,0.71,113663.0,5.23
515150,一带一路ETF富国,1.548,-0.26,-0.004,10882.0,1687888.0,1.5491,0.07,617192554,617192554,398703200.0,1.55,1.555,1.544,1.552,0.71,0.27,1.2,-611591.0,-36.23
561750,A50ETF博时,1.164,-0.26,-0.003,2221.0,258324.0,1.1638,-0.02,73327344,73327344,62996000.0,1.165,1.165,1.163,1.167,0.17,0.35,0.24,16297.0,6.31
517900,银行AH优选ETF招商,1.547,-0.26,-0.004,129438.0,20036239.0,1.5459,-0.07,626524951,626524951,404993504.0,1.553,1.559,1.541,1.551,1.16,3.2,1.05,-2730199.0,-13.63
530680,上证180ETF兴业,1.152,-0.26,-0.003,4805.0,552311.0,1.152,0.0,125443469,125443469,108891900.0,1.156,1.156,1.148,1.155,0.69,0.44,0.28,-11522.0,-2.09
510200,上证券商ETF汇安,1.159,-0.26,-0.003,3796.0,440138.0,1.1599,0.08,180091795,180091795,155385500.0,1.164,1.168,1.157,1.162,0.95,0.24,0.26,-126963.0,-28.85
512260,中证500低波动ETF华安,1.895,-0.26,-0.005,1428.0,271019.0,1.9038,0.46,37327142,37327142,19697700.0,1.9,1.9,1.892,1.9,0.42,0.72,0.61,-9291.0,-3.43
159793,线上消费ETF平安,0.764,-0.26,-0.002,3113.0,237388.2,0.7629,-0.14,33431806,33431806,43758908.0,0.763,0.766,0.758,0.766,1.04,0.71,0.53,-103445.0,-43.58
560090,证券ETF汇添富,1.142,-0.26,-0.003,317927.0,36309449.0,1.1421,0.01,2739503839,2739503839,2398865008.0,1.147,1.149,1.14,1.145,0.79,1.33,0.78,-434266.0,-1.2
512410,银行ETF广发,1.101,-0.27,-0.003,80552.0,8869023.0,1.1008,-0.02,57110742,57110742,51871700.0,1.105,1.116,1.094,1.104,1.99,15.53,0.66,1332007.0,15.02
513550,港股通50ETF华泰柏瑞,1.127,-0.27,-0.003,169753.0,19147113.0,1.1254,-0.14,1901239984,1901239984,1686992000.0,1.13,1.133,1.124,1.13,0.8,1.01,0.62,468446.0,2.45
513560,香港科技ETF兴银,1.122,-0.27,-0.003,106431.0,11945890.0,1.1203,-0.15,596215092,596215092,531386000.0,1.127,1.129,1.117,1.125,1.07,2.0,1.08,151447.0,1.27
159141,科创创业人工智能ETF永赢,1.104,-0.27,-0.003,386057.0,42424739.6,1.1023,-0.15,1445203053,1445203053,1309060736.0,1.086,1.116,1.086,1.107,2.71,2.95,0.9,-3649290.0,-8.6
517880,品牌消费ETF华泰柏瑞,0.746,-0.27,-0.002,14377.0,1072569.0,0.7494,0.45,38297477,38297477,51337100.0,0.748,0.748,0.745,0.748,0.4,2.8,0.61,56974.0,5.31
159335,央企科创ETF融通,1.476,-0.27,-0.004,3635.0,537246.2,1.4789,0.2,93701925,93701925,63483689.0,1.472,1.492,1.461,1.48,2.09,0.57,0.5,-147500.0,-27.45
515890,红利ETF博时,1.488,-0.27,-0.004,27505.0,4105594.0,1.4886,0.04,543780529,543780529,365443904.0,1.492,1.5,1.488,1.492,0.8,0.75,0.81,20630.0,0.5
561300,沪深300增强ETF国泰,1.052,-0.28,-0.003,93440.0,9842286.0,1.0525,0.05,488091188,488091188,463965008.0,1.053,1.057,1.047,1.055,0.95,2.01,0.53,7459.0,0.08
515070,人工智能ETF华夏,1.058,-0.28,-0.003,657960.0,69405226.0,1.0581,0.01,7921182960,7921182960,7486940416.0,1.047,1.068,1.043,1.061,2.36,0.88,0.75,1146826.0,1.65
512820,银行ETF汇添富,1.449,-0.28,-0.004,639982.0,92797061.0,1.4501,0.08,589166159,589166159,406601904.0,1.453,1.462,1.442,1.453,1.38,15.74,1.39,324147.0,0.35
159980,有色ETF大成,2.148,-0.28,-0.006,643548.0,138358276.0,2.152,0.19,6372739636,6372739636,2966824784.0,2.153,2.154,2.145,2.154,0.42,2.17,0.78,5013842.0,3.62
515020,银行ETF华夏,1.768,-0.28,-0.005,648438.0,114768329.0,1.7686,0.03,721070483,721070483,407845296.0,1.775,1.786,1.759,1.773,1.52,15.9,1.39,-5485712.0,-4.78
512660,军工ETF国泰,1.087,-0.28,-0.003,1026394.0,111068526.0,1.0869,-0.01,6399255890,6399255890,5887079936.0,1.086,1.092,1.073,1.09,1.74,1.74,0.81,-1181853.0,-1.06
159581,红利ETF万家,1.078,-0.28,-0.003,138619.0,14975878.4,1.0779,-0.01,1396253318,1396253318,1295225712.0,1.081,1.085,1.077,1.081,0.74,1.07,1.23,2454870.0,16.39
563620,全指现金流ETF兴业,1.076,-0.28,-0.003,13618.0,1466258.0,1.0775,0.14,54928724,54928724,51049000.0,1.079,1.079,1.075,1.079,0.37,2.67,0.92,2.0,0.0
159800,中证800ETF鹏华,1.401,-0.28,-0.004,328.0,46008.6,1.4046,0.26,37458260,37458260,26736802.0,1.407,1.408,1.401,1.405,0.5,0.12,0.19,33393.0,72.58
159311,数字经济ETF易方达,1.405,-0.28,-0.004,4337.0,602292.6,1.4041,-0.06,55334510,55334510,39383993.0,1.392,1.41,1.38,1.409,2.13,1.1,1.19,-199738.0,-33.16
512730,银行ETF鹏华,1.693,-0.29,-0.005,13969.0,2366132.0,1.6931,0.01,91564043,91564043,54083900.0,1.701,1.705,1.683,1.698,1.3,2.58,0.69,-59788.0,-2.53
159830,金ETF天弘,9.956,-0.29,-0.029,112005.0,111858046.6,9.9568,0.01,3508634421,3508634421,352414064.0,10.027,10.044,9.917,9.985,1.27,3.18,2.34,6242508.0,5.58
510680,上证50ETF万家,3.137,-0.29,-0.009,5111.0,1605271.0,3.1394,0.08,61562684,61562684,19624700.0,3.142,3.145,3.133,3.146,0.38,2.6,0.72,341653.0,21.28
516310,银行ETF易方达,1.366,-0.29,-0.004,686826.0,93941227.0,1.3676,0.12,2272694106,2272694106,1663758496.0,1.37,1.378,1.361,1.37,1.24,4.13,0.88,3689767.0,3.93
159539,信创ETF广发,1.704,-0.29,-0.005,13838.0,2343499.3,1.7066,0.15,89571070,89571070,52565182.0,1.665,1.726,1.665,1.709,3.57,2.63,1.15,-597006.0,-25.47
516200,证券ETF华安,1.018,-0.29,-0.003,16222.0,1650274.0,1.0176,-0.04,461768872,461768872,453604000.0,1.022,1.023,1.016,1.021,0.69,0.36,0.33,-453394.0,-27.47
530060,上证指数ETF易方达,0.984,-0.3,-0.003,233843.0,22985610.0,0.9848,0.08,909405920,909405920,924193008.0,0.982,0.986,0.98,0.987,0.61,2.53,0.75,-2395178.0,-10.42
159812,黄金ETF前海开源,9.487,-0.3,-0.029,48897.0,46509520.9,9.4955,0.09,1545557045,1545557045,162913149.0,9.553,9.595,9.46,9.516,1.42,3.0,2.36,2050536.0,4.41
159732,消费电子ETF华夏,1.331,-0.3,-0.004,1899849.0,250247307.0,1.3314,0.03,3111143160,3111143160,2337447904.0,1.308,1.337,1.293,1.335,3.3,8.13,1.19,-5713957.0,-2.28
518890,上海金ETF中银,9.544,-0.3,-0.029,106337.0,101781307.0,9.5503,0.07,3650148611,3650148611,382454800.0,9.611,9.633,9.516,9.573,1.22,2.78,2.7,-912825.0,-0.9
159819,人工智能ETF易方达,1.671,-0.3,-0.005,1541942.0,256840612.646,1.6734,0.14,20174366608,20174366608,12073229568.0,1.652,1.688,1.648,1.676,2.39,1.28,0.89,-2829196.0,-1.1
159842,券商ETF银华,1.013,-0.3,-0.003,910163.0,92157638.9,1.0131,0.01,9379620947,9379620947,9259250688.0,1.014,1.019,1.01,1.016,0.89,0.98,0.67,-7466671.0,-8.1
159180,软件ETF银华,0.991,-0.3,-0.003,13104.0,1287441.8,0.9931,0.21,34839523,34839523,35155926.0,0.994,0.995,0.973,0.994,2.21,3.73,0.78,370487.0,28.78
515110,一带一路ETF易方达,1.632,-0.31,-0.005,20760.0,3391825.0,1.6338,0.11,352993440,352993440,216295000.0,1.634,1.641,1.629,1.637,0.73,0.96,0.64,-410020.0,-12.09
510950,上证50ETF广发,0.979,-0.31,-0.003,29718.0,2908730.0,0.9791,0.01,112996963,112996963,115420800.0,0.982,0.982,0.977,0.982,0.51,2.57,0.38,239913.0,8.25
159266,港股央企红利ETF永赢,0.98,-0.31,-0.003,42746.0,4190107.86,0.9817,0.17,344675894,344675894,351710096.0,0.98,0.987,0.979,0.983,0.81,1.22,0.88,1185300.0,28.29
563330,A股ETF华泰柏瑞,4.126,-0.31,-0.013,77220.0,31856324.0,4.1333,0.18,148373436,148373436,35960600.0,4.118,4.145,4.097,4.139,1.16,21.47,1.45,112926.0,0.35
159143,港股通央企红利ETF平安,0.962,-0.31,-0.003,8570.0,826970.3,0.9637,0.18,53443387,53443387,55554456.0,0.96,0.971,0.96,0.965,1.14,1.54,0.75,-67141.0,-8.12
563960,300质量ETF兴全,0.96,-0.31,-0.003,5482.0,526800.0,0.9598,-0.02,347051520,347051520,361512000.0,0.963,0.963,0.96,0.963,0.31,0.15,0.44,280219.0,53.19
516630,云计算ETF华夏,1.581,-0.32,-0.005,103247.0,16261412.0,1.5813,0.02,781260636,781260636,494156000.0,1.564,1.589,1.56,1.586,1.83,2.09,0.53,1644273.0,10.11
159712,港股通50ETF国泰,1.238,-0.32,-0.004,69994.0,8682383.2,1.2388,0.06,104956170,104956170,84778813.0,1.242,1.249,1.238,1.242,0.89,8.26,1.44,-96517.0,-1.11
159070,工程机械ETF嘉实,0.929,-0.32,-0.003,7437.0,688815.259,0.9296,0.06,98814834,98814834,106366883.0,0.932,0.932,0.924,0.932,0.86,0.7,0.32,19138.0,2.78
159934,黄金ETF易方达,9.959,-0.32,-0.032,1196975.0,1195663927.496,9.9604,0.01,38510546651,38510546651,3866908992.0,10.042,10.049,9.922,9.991,1.27,3.1,1.96,-1447862.0,-0.12
512810,军工ETF华宝,0.632,-0.32,-0.002,166238.0,10446349.0,0.6317,-0.05,636792775,636792775,1007583504.0,0.631,0.635,0.624,0.634,1.74,1.65,0.76,166912.0,1.6
510320,沪深300ETF中金,1.238,-0.32,-0.004,35323.0,4375924.0,1.2377,-0.02,773834798,773834798,625068496.0,1.238,1.242,1.233,1.242,0.72,0.57,0.38,32703.0,0.75
515630,证券保险ETF鹏华,1.248,-0.32,-0.004,89194.0,11152770.0,1.2495,0.12,1201471685,1201471685,962717696.0,1.252,1.257,1.246,1.252,0.88,0.93,0.42,-1537773.0,-13.79
517660,物联网ETF天弘,1.233,-0.32,-0.004,106.0,13037.0,1.2381,0.41,49172903,49172903,39880700.0,1.228,1.239,1.228,1.237,0.89,0.03,0.02,-8085.0,-62.02
159985,豆粕ETF华夏,2.177,-0.32,-0.007,596932.0,130231245.0,2.1206,-2.66,3384634287,3384634287,1554724064.0,2.189,2.193,2.17,2.184,1.05,3.84,0.65,8058675.0,6.19
513950,恒生红利ETF富国,1.262,-0.32,-0.004,181869.0,23024179.0,1.265,0.24,3145685188,3145685188,2492619008.0,1.266,1.272,1.262,1.266,0.79,0.73,1.47,-1549404.0,-6.73
563990,800现金流ETF富国,1.249,-0.32,-0.004,10432.0,1302585.0,1.2485,-0.04,380411687,380411687,304573008.0,1.258,1.265,1.241,1.253,1.92,0.34,0.29,-316217.0,-24.28
513600,恒生指数ETF南方,2.769,-0.32,-0.009,163818.0,45482863.0,2.7729,0.14,1688617897,1688617897,609829504.0,2.792,2.795,2.767,2.778,1.01,2.69,0.8,4755224.0,10.45
513910,港股通央企红利ETF华夏,1.575,-0.32,-0.005,405227.0,64009835.0,1.5738,-0.08,3131534700,3131534700,1988276000.0,1.581,1.587,1.575,1.58,0.76,2.04,1.18,6605228.0,10.32
563870,通用航空ETF鹏华,0.618,-0.32,-0.002,5192.0,320002.0,0.6204,0.39,67549810,67549810,109303900.0,0.614,0.628,0.607,0.62,3.39,0.48,0.45,63773.0,19.93
513920,港股通央企红利ETF华安,1.564,-0.32,-0.005,258265.0,40524958.0,1.5647,0.04,4044865297,4044865297,2586231008.0,1.571,1.575,1.563,1.569,0.76,1.0,0.94,1645887.0,4.06
513020,港股科技ETF国泰,0.941,-0.32,-0.003,406163.0,38233182.0,0.9435,0.26,2163495829,2163495829,2299145408.0,0.943,0.946,0.936,0.944,1.06,1.77,0.46,-1174811.0,-3.07
159920,恒生ETF华夏,1.494,-0.33,-0.005,824768.0,123639916.0,1.4967,0.18,8634661397,8634661397,5779559168.0,1.504,1.507,1.493,1.499,0.93,1.43,1.05,-3461211.0,-2.8
513190,港股通金融ETF华夏,1.802,-0.33,-0.006,1626634.0,293830541.0,1.8024,0.02,1796478672,1796478672,996936000.0,1.814,1.822,1.798,1.808,1.33,16.32,1.39,512509.0,0.17
560170,央企科技ETF南方,1.197,-0.33,-0.004,138383.0,16529174.0,1.195,-0.17,451862118,451862118,377495504.0,1.186,1.202,1.174,1.201,2.33,3.67,1.03,1869148.0,11.31
159687,亚太精选ETF南方,1.809,-0.33,-0.006,254490.0,45942019.3,1.814,0.28,2954510639,2954510639,1633228656.0,1.8,1.813,1.797,1.815,0.88,1.56,0.73,420851.0,0.92
513660,恒生ETF华夏,1.504,-0.33,-0.005,112725.0,17004331.0,1.5068,0.19,2728256313,2728256313,1814000208.0,1.513,1.516,1.503,1.509,0.86,0.62,0.53,2756046.0,16.21
515360,沪深300ETF方正富邦,6.681,-0.33,-0.022,408.0,272482.0,6.6867,0.09,252403503,252403503,37779300.0,6.67,6.702,6.67,6.703,0.48,0.11,0.4,-67020.0,-24.6
159954,恒生中国企业ETF南方,0.92,-0.33,-0.003,9822.0,906488.1,0.9195,-0.05,171216676,171216676,186105083.0,0.924,0.93,0.919,0.923,1.19,0.53,1.17,137727.0,15.19
510710,上证50ETF博时,4.242,-0.33,-0.014,25817.0,10937503.0,4.2396,-0.06,431067374,431067374,101618900.0,4.242,4.258,4.231,4.256,0.63,2.54,2.75,701049.0,6.41
513980,港股科技ETF景顺,0.605,-0.33,-0.002,1620739.0,97935564.0,0.6041,-0.15,10224018478,10224018478,16899204096.0,0.605,0.608,0.601,0.607,1.15,0.96,0.71,-2083183.0,-2.13
560180,沪深300ESGETF南方,1.179,-0.34,-0.004,7631.0,900679.0,1.1821,0.26,18395937,18395937,15603000.0,1.181,1.182,1.179,1.183,0.25,4.89,0.53,118.0,0.01
159822,新经济ETF银华,0.59,-0.34,-0.002,31121.0,1838051.7,0.5927,0.46,174424249,174424249,295634320.0,0.592,0.593,0.589,0.592,0.68,1.05,0.77,-461186.0,-25.09
518850,黄金ETF华夏,9.625,-0.34,-0.033,833612.0,805223749.0,9.6304,0.06,17833957526,17833957526,1852878704.0,9.707,9.715,9.593,9.658,1.26,4.5,2.62,-20951649.0,-2.6
512930,AI人工智能ETF平安,0.593,-0.34,-0.002,1252065.0,74053047.0,0.5934,0.07,2967681081,2967681081,5004521216.0,0.586,0.599,0.585,0.595,2.35,2.5,0.93,-1697801.0,-2.29
588530,科创创业人工智能ETF中银证券,0.881,-0.34,-0.003,17555.0,1554239.0,0.8823,0.15,202835537,202835537,230233300.0,0.887,0.893,0.871,0.884,2.49,0.76,0.35,-640687.0,-41.22
159751,港股通科技ETF鹏华,0.879,-0.34,-0.003,113490.0,9985000.6,0.8791,0.01,776710447,776710447,883629632.0,0.883,0.885,0.876,0.882,1.02,1.28,0.68,519586.0,5.2
159015,恒生港股通科技ETF国联,0.879,-0.34,-0.003,14730.0,1296431.5,0.8783,-0.08,97000229,97000229,110352934.0,0.891,0.9,0.873,0.882,3.06,1.33,0.57,-45792.0,-3.53
159792,港股通互联网ETF富国,0.571,-0.35,-0.002,12671835.0,722898687.968,0.5722,0.21,38296887337,38296887337,67069855232.0,0.575,0.576,0.568,0.573,1.4,1.89,0.81,42041454.0,5.82
513730,东南亚科技ETF华泰柏瑞,1.155,-0.35,-0.004,46575.0,5380694.0,1.1765,1.83,926720034,926720034,802355008.0,1.157,1.158,1.153,1.159,0.43,0.58,0.79,-483703.0,-8.99
159856,互联网龙头ETF工银,0.572,-0.35,-0.002,5784.0,330536.0,0.5722,0.03,198697059,198697059,347372480.0,0.574,0.574,0.57,0.574,0.7,0.17,0.34,-23854.0,-7.22
159937,黄金ETF博时,9.509,-0.35,-0.033,909633.0,867182070.4,9.5103,0.01,45003452737,45003452737,4732721920.0,9.595,9.596,9.473,9.542,1.29,1.92,1.93,-4020600.0,-0.46
588430,科创创业人工智能ETF工银,1.154,-0.35,-0.004,26511.0,3062389.0,1.1551,0.1,118236532,118236532,102458000.0,1.166,1.168,1.141,1.158,2.33,2.59,0.7,-158329.0,-5.17
518800,黄金ETF国泰,9.992,-0.35,-0.035,841420.0,843028892.0,9.9959,0.04,36943213766,36943213766,3697279200.0,10.07,10.089,9.956,10.027,1.33,2.28,1.94,-11621533.0,-1.38
588480,科创创业人工智能ETF中金,0.846,-0.35,-0.003,26175.0,2217000.0,0.8453,-0.08,207876582,207876582,245717000.0,0.848,0.856,0.838,0.849,2.12,1.07,0.5,134538.0,6.07
159507,通信ETF广发,0.846,-0.35,-0.003,445721.0,37452752.2,0.8443,-0.2,718110938,718110938,848830896.0,0.828,0.856,0.825,0.849,3.65,5.25,1.19,-2252717.0,-6.01
517200,互联网ETF嘉实,0.577,-0.35,-0.002,12828.0,738961.0,0.5756,-0.24,82385214,82385214,142782000.0,0.579,0.579,0.573,0.579,1.04,0.9,1.21,-27027.0,-3.66
520790,港股通互联网ETF兴业,0.821,-0.36,-0.003,26780.0,2201468.0,0.8175,-0.43,414666582,414666582,505075008.0,0.824,0.828,0.82,0.824,0.97,0.53,0.55,343236.0,15.59
518680,金ETF富国,9.98,-0.36,-0.036,319611.0,319863465.0,9.9858,0.06,7994673650,7994673650,801069504.0,10.062,10.073,9.945,10.016,1.28,3.99,2.05,14037071.0,4.39
518880,黄金ETF华安,9.53,-0.36,-0.034,6788221.0,6488744763.0,9.5338,0.04,109755491909,109755491909,11516840704.0,9.607,9.62,9.497,9.564,1.29,5.89,2.23,-64620160.0,-1.0
515770,MSCI中国A股ETF摩根,1.383,-0.36,-0.005,1309.0,181645.0,1.3872,0.3,54942856,54942856,39727300.0,1.389,1.389,1.383,1.388,0.43,0.33,1.52,-87646.0,-48.25
560990,科技先锋ETF中金,1.119,-0.36,-0.004,5273.0,590406.0,1.1172,-0.16,20351365,20351365,18187100.0,1.114,1.125,1.106,1.123,1.69,2.9,1.38,-52086.0,-8.82
515660,沪深300ETF国联安,5.76,-0.36,-0.021,145.0,83479.0,5.765,0.09,2492318638,2492318638,432694208.0,5.75,5.779,5.745,5.781,0.59,0.0,0.11,-4602.0,-5.51
518660,黄金ETF工银,9.559,-0.36,-0.035,462608.0,443349272.0,9.5647,0.06,9120745698,9120745698,954152704.0,9.648,9.649,9.527,9.594,1.27,4.85,2.8,1909088.0,0.43
159658,数字经济ETF华安,1.666,-0.36,-0.006,11388.0,1885907.6,1.6707,0.28,73961865,73961865,44394877.0,1.656,1.678,1.638,1.672,2.39,2.57,0.51,-250496.0,-13.28
517010,沪港深500ETF易方达,1.111,-0.36,-0.004,6826.0,758632.0,1.115,0.36,86818206,86818206,78144200.0,1.101,1.115,1.101,1.115,1.26,0.87,0.71,-206270.0,-27.19
510560,中证500ETF国寿,1.92,-0.36,-0.007,1848.0,356756.0,1.9275,0.39,100451904,100451904,52318700.0,1.909,1.937,1.909,1.927,1.45,0.35,0.67,39858.0,11.17
510800,上证50ETF建信,1.379,-0.36,-0.005,5365.0,740217.0,1.3762,-0.2,240740304,240740304,174576000.0,1.383,1.383,1.375,1.384,0.58,0.31,0.55,-103494.0,-13.98
159589,红利ETF广发,1.112,-0.36,-0.004,58269.0,6489768.8,1.1123,0.03,270872086,270872086,243590005.0,1.117,1.121,1.111,1.116,0.9,2.39,1.12,661227.0,10.19
589360,科创50ETF国泰,0.825,-0.36,-0.003,508137.0,41530745.0,0.8224,-0.32,2207018550,2207018550,2675174000.0,0.815,0.832,0.809,0.828,2.78,1.9,1.19,-680775.0,-1.64
159273,云计算ETF汇添富,1.36,-0.37,-0.005,119381.0,16258773.2,1.359,-0.07,935377405,935377405,687777504.0,1.344,1.371,1.344,1.365,1.98,1.74,1.56,33025.0,0.2
520890,港股通红利低波ETF华泰柏瑞,1.342,-0.37,-0.005,123705.0,16629338.0,1.3424,0.03,108712736,108712736,81008000.0,1.342,1.35,1.341,1.347,0.67,15.27,1.63,500771.0,3.01
518600,金ETF广发,9.929,-0.37,-0.037,376584.0,375230569.0,9.9351,0.06,7840100282,7840100282,789616304.0,10.014,10.037,9.898,9.966,1.39,4.77,1.79,-4216193.0,-1.12
159834,金ETF南方,9.954,-0.37,-0.037,311972.0,311367360.5,9.9602,0.06,2201440337,2201440337,221161376.0,10.034,10.05,9.923,9.991,1.27,14.11,2.91,5810143.0,1.87
159708,红利ETF西部利得,0.811,-0.37,-0.003,58458.0,4733750.0,0.811,0.0,145597456,145597456,179528306.0,0.814,0.814,0.809,0.814,0.61,3.26,0.92,24628.0,0.52
563060,央企50ETF易方达,1.074,-0.37,-0.004,6655.0,714783.0,1.0767,0.25,202477998,202477998,188527000.0,1.073,1.077,1.072,1.078,0.46,0.35,0.5,376150.0,52.62
159193,新能源电池ETF银华,0.802,-0.37,-0.003,44519.0,3555623.32,0.8042,0.27,178910429,178910429,223080335.0,0.796,0.808,0.79,0.805,2.24,2.0,0.88,-57201.0,-1.61
512570,证券ETF易方达,1.069,-0.37,-0.004,684912.0,73300093.0,1.0704,0.13,4484247717,4484247717,4194806096.0,1.073,1.077,1.067,1.073,0.93,1.63,0.93,-1943583.0,-2.65
563700,红利价值ETF易方达,1.078,-0.37,-0.004,40420.0,4361833.0,1.0773,-0.06,420581700,420581700,390150000.0,1.083,1.086,1.074,1.082,1.11,1.04,0.74,679315.0,15.57
512070,证券保险ETF易方达,0.786,-0.38,-0.003,2394936.0,188398244.0,0.7866,0.08,13266484978,13266484978,16878479616.0,0.79,0.792,0.784,0.789,1.01,1.42,0.63,-5951265.0,-3.16
563930,上证增强ETF招商,1.044,-0.38,-0.004,5259.0,547736.0,1.0462,0.21,36114048,36114048,34592000.0,1.046,1.047,1.038,1.048,0.86,1.52,0.3,152912.0,27.92
560850,信创ETF汇添富,1.297,-0.38,-0.005,4671.0,604028.0,1.302,0.38,91002708,91002708,70164000.0,1.302,1.305,1.283,1.302,1.69,0.67,0.38,10484.0,1.74
510990,180ESGETF工银,1.046,-0.38,-0.004,45702.0,4783059.0,1.0473,0.12,40740236,40740236,38948600.0,1.047,1.047,1.045,1.05,0.19,11.73,1.94,86771.0,1.81
520810,港股通红利ETF易方达,1.048,-0.38,-0.004,14764.0,1550174.0,1.0487,0.07,298009280,298009280,284360000.0,1.052,1.056,1.048,1.052,0.76,0.52,0.72,72030.0,4.65
513090,香港证券ETF易方达,1.821,-0.38,-0.007,6451276.0,1174809914.0,1.825,0.22,18606045881,18606045881,10217488128.0,1.828,1.831,1.817,1.828,0.77,6.31,1.02,-49453856.0,-4.21
562570,信创ETF华夏,1.319,-0.38,-0.005,49304.0,6462132.0,1.3206,0.12,401346650,401346650,304281008.0,1.311,1.325,1.301,1.324,1.81,1.62,0.79,-392302.0,-6.07
561500,漂亮50ETF华泰柏瑞,0.791,-0.38,-0.003,672.0,53249.0,0.7917,0.09,43188837,43188837,54600300.0,0.792,0.794,0.788,0.794,0.76,0.12,0.11,-36500.0,-68.55
510650,金融地产ETF华夏,2.907,-0.38,-0.011,4449.0,1293688.0,2.9074,0.01,34745918,34745918,11952500.0,2.918,2.978,2.894,2.918,2.88,3.72,1.8,336509.0,26.01
520860,港股通科技ETF富国,0.782,-0.38,-0.003,116292.0,9110004.0,0.7824,0.05,264468496,264468496,338195008.0,0.792,0.796,0.78,0.785,2.04,3.44,1.12,66887.0,0.73
159831,金ETF嘉实,9.619,-0.38,-0.037,161874.0,156283210.1,9.6241,0.05,2196558701,2196558701,228356243.0,9.701,9.717,9.59,9.656,1.32,7.09,1.89,3185981.0,2.04
159136,A50ETF广发,1.015,-0.39,-0.004,6032.0,613646.2,1.0168,0.18,111055285,111055285,109414074.0,1.019,1.019,1.013,1.019,0.59,0.55,0.8,75066.0,12.23
159152,港股通科技ETF平安,0.759,-0.39,-0.003,125208.0,9499815.7,0.7567,-0.3,621284077,621284077,818556096.0,0.765,0.765,0.755,0.762,1.31,1.53,0.74,-40561.0,-0.43
520900,港股通红利ETF广发,1.01,-0.39,-0.004,390676.0,39593454.0,1.0145,0.44,1562141758,1562141758,1546675008.0,1.015,1.018,1.01,1.014,0.79,2.53,1.42,3927009.0,9.92
159277,港股通红利ETF富国,1.012,-0.39,-0.004,13170.0,1334581.8,1.0131,0.11,40031695,40031695,39557011.0,1.012,1.019,1.012,1.016,0.69,3.33,0.62,297772.0,22.31
561930,沪深300ETF招商,1.551,-0.39,-0.006,96737.0,14987915.0,1.5487,-0.15,262523191,262523191,169260600.0,1.553,1.557,1.543,1.557,0.9,5.72,2.17,-4456953.0,-29.74
159970,深100ETF工银,1.026,-0.39,-0.004,3020.0,308290.8,1.0215,-0.44,10740890,10740890,10468704.0,1.02,1.026,1.02,1.03,0.58,2.88,1.68,-59000.0,-19.14
517080,沪港深500ETF汇添富,0.989,-0.4,-0.004,562.0,55548.0,0.9915,0.25,171261174,171261174,173166000.0,0.988,0.991,0.988,0.993,0.3,0.03,0.08,-49323.0,-88.79
159688,恒生互联网ETF华安,0.75,-0.4,-0.003,620330.0,46589368.169,0.7485,-0.2,1003333860,1003333860,1337778480.0,0.758,0.759,0.747,0.753,1.59,4.64,0.92,-667671.0,-1.43
517100,沪港深500ETF富国,1.007,-0.4,-0.004,3231.0,324679.0,1.0093,0.23,149138815,149138815,148102100.0,1.004,1.007,1.004,1.011,0.3,0.22,0.71,48893.0,15.06
513900,港股通100ETF华安,0.994,-0.4,-0.004,98409.0,9802658.0,1.0028,0.88,92420132,92420132,92978000.0,1.001,1.002,0.994,0.998,0.8,10.58,1.63,-34091.0,-0.35
510550,中证500ETF方正富邦,1.978,-0.4,-0.008,1723.0,338269.0,1.9719,-0.31,46964247,46964247,23743300.0,1.967,1.98,1.947,1.986,1.66,0.73,0.47,-16051.0,-4.75
520840,港股通恒生科技ETF华安,0.749,-0.4,-0.003,173171.0,12959428.0,0.7474,-0.21,838542207,838542207,1119549008.0,0.753,0.753,0.744,0.752,1.2,1.55,0.6,-305624.0,-2.36
560250,红利质量ETF富国,0.99,-0.4,-0.004,6727.0,668880.0,0.9913,0.13,154274670,154274670,155833000.0,0.995,0.995,0.99,0.994,0.5,0.43,0.56,4327.0,0.65
513830,港股通高股息ETF嘉实,1.229,-0.41,-0.005,6686.0,824017.0,1.2295,0.04,67977219,67977219,55311000.0,1.228,1.238,1.226,1.234,0.97,1.21,0.61,-141433.0,-17.16
159119,800现金流ETF招商,0.975,-0.41,-0.004,40069.0,3914154.8,0.9765,0.15,150202873,150202873,154054229.0,0.979,0.979,0.975,0.979,0.41,2.6,1.24,-85935.0,-2.2
159738,云计算ETF华泰柏瑞,1.962,-0.41,-0.008,83230.0,16332162.6,1.9711,0.46,257007613,257007613,130992667.0,1.923,1.975,1.923,1.97,2.64,6.35,1.16,77790.0,0.48
510910,上证指数ETF南方,0.97,-0.41,-0.004,73132.0,7090254.0,0.9711,0.11,163732120,163732120,168796000.0,0.971,0.973,0.966,0.974,0.72,4.33,0.51,-768500.0,-10.84
159058,证券ETF大成,0.968,-0.41,-0.004,7141.0,690504.674,0.9691,0.11,119384647,119384647,123331247.0,0.971,0.971,0.966,0.972,0.51,0.58,0.43,-123796.0,-17.93
562030,信创ETF华宝,0.486,-0.41,-0.002,10717.0,519965.0,0.4871,0.23,68513315,68513315,140973900.0,0.476,0.489,0.476,0.488,2.66,0.76,0.37,-24557.0,-4.72
159546,集成电路ETF国泰,0.737,-0.41,-0.003,429467.0,31333046.7,0.7355,-0.2,530586806,530586806,719927824.0,0.721,0.744,0.718,0.74,3.51,5.97,1.21,-3187599.0,-10.17
159127,港股通红利ETF南方,0.982,-0.41,-0.004,46213.0,4545294.4,0.9828,0.08,155494071,155494071,158344268.0,0.986,0.988,0.982,0.986,0.61,2.92,1.2,128523.0,2.83
530080,上证180ETF天弘,1.214,-0.41,-0.005,22091.0,2679836.0,1.215,0.08,35105238,35105238,28917000.0,1.214,1.215,1.211,1.219,0.33,7.64,0.9,441243.0,16.47
560400,证券ETF华泰柏瑞,0.965,-0.41,-0.004,126670.0,12222904.0,0.9652,0.02,174175745,174175745,180493000.0,0.965,0.97,0.963,0.969,0.72,7.02,1.18,-194649.0,-1.59
159573,创业板200ETF华夏,1.416,-0.42,-0.006,66987.0,9426055.9,1.4175,0.11,112510117,112510117,79456297.0,1.407,1.433,1.39,1.422,3.02,8.43,1.09,421038.0,4.47
517230,云计算ETF永赢,0.939,-0.42,-0.004,29653.0,2795014.0,0.9416,0.28,175166506,175166506,186545800.0,0.934,0.946,0.932,0.943,1.48,1.59,0.41,-61327.0,-2.19
520580,新兴亚洲ETF招商,0.95,-0.42,-0.004,17564.0,1670101.0,0.9604,1.08,276434709,276434709,290983904.0,0.956,0.956,0.95,0.954,0.63,0.6,0.93,-120725.0,-7.23
517160,长江保护ETF南方,0.947,-0.42,-0.004,371.0,35198.0,0.9508,0.4,1731852296,1731852296,1828777504.0,0.951,0.953,0.943,0.951,1.05,0.0,0.45,-33771.0,-95.95
589390,科创芯片设计ETF招商,0.713,-0.42,-0.003,230128.0,16324874.0,0.7115,-0.21,943876884,943876884,1323810496.0,0.709,0.721,0.699,0.716,3.07,1.74,1.16,-7010871.0,-42.95
159905,红利ETF工银,1.677,-0.42,-0.007,150275.0,25196879.3,1.6796,0.15,1703738008,1703738008,1015943952.0,1.68,1.685,1.673,1.684,0.71,1.48,1.45,-712677.0,-2.83
159248,人工智能ETF万家,1.669,-0.42,-0.007,52193.0,8717156.0,1.6751,0.36,222136643,222136643,133095652.0,1.642,1.688,1.642,1.676,2.74,3.92,0.84,-1736449.0,-19.92
159845,中证1000ETF华夏,3.105,-0.42,-0.013,3384384.0,1045721182.052,3.1028,-0.07,6708121488,6708121488,2160425600.0,3.083,3.119,3.06,3.118,1.89,15.67,0.99,1308496.0,0.13
517300,沪港深300ETF国寿,0.941,-0.42,-0.004,1064.0,100209.0,0.9437,0.29,946113861,946113861,1005434496.0,0.945,0.945,0.939,0.945,0.63,0.01,0.09,6728.0,6.71
159677,中证1000增强ETF银华,1.422,-0.42,-0.006,51507.0,7292288.9,1.425,0.21,38257617,38257617,26904091.0,1.432,1.432,1.404,1.428,1.96,19.14,1.76,-411342.0,-5.64
513150,港股通科技ETF华泰柏瑞,0.953,-0.42,-0.004,295225.0,28175494.0,0.9544,0.15,95833489,95833489,100559800.0,0.952,0.96,0.95,0.957,1.04,29.36,1.22,-417001.0,-1.48
159280,港股通互联网ETF汇添富,0.692,-0.43,-0.003,37649.0,2604896.8,0.6914,-0.09,69004282,69004282,99717171.0,0.695,0.696,0.688,0.695,1.15,3.78,0.84,224513.0,8.62
513530,港股通红利ETF华泰柏瑞,1.626,-0.43,-0.007,957874.0,156208793.0,1.6277,0.1,4594976333,4594976333,2825938704.0,1.634,1.637,1.625,1.633,0.73,3.39,1.11,-8634660.0,-5.53
159747,香港科技ETF南方,1.161,-0.43,-0.005,97735.0,11356844.82,1.1611,0.01,364219948,364219948,313712272.0,1.167,1.169,1.157,1.166,1.03,3.12,0.72,-719211.0,-6.33
510040,上证180ETF鹏华,1.146,-0.43,-0.005,284.0,32548.0,1.1477,0.15,32638080,32638080,28480000.0,1.15,1.15,1.145,1.151,0.43,0.1,0.03,-28995.0,-89.08
159931,金融地产ETF汇添富,1.851,-0.43,-0.008,61.0,11302.0,1.8576,0.36,33000574,33000574,17828511.0,1.86,1.865,1.851,1.859,0.75,0.03,0.09,0.0,0.0
513220,中概互联ETF招商,0.936,-0.43,-0.004,81027.0,7595355.0,0.9441,0.86,487758406,487758406,521109408.0,0.947,0.948,0.934,0.94,1.49,1.55,0.56,-747878.0,-9.85
159078,A股ETF富国,0.922,-0.43,-0.004,91468.0,8404866.884,0.9235,0.16,163435988,163435988,177262460.0,0.924,0.925,0.912,0.926,1.4,5.16,2.38,-307280.0,-3.66
159108,工业软件ETF博时,0.935,-0.43,-0.004,6042.0,562340.233,0.9382,0.34,114760508,114760508,122738511.0,0.937,0.941,0.919,0.939,2.34,0.49,0.32,159055.0,28.28
159153,消费电子ETF鹏华,1.157,-0.43,-0.005,41968.0,4790592.9,1.158,0.09,110754968,110754968,95725988.0,1.132,1.161,1.123,1.162,3.27,4.38,0.73,1469871.0,30.68
159209,红利质量ETF招商,1.142,-0.44,-0.005,497124.0,56857238.7,1.1415,-0.04,2497137234,2497137234,2186635056.0,1.147,1.147,1.14,1.147,0.61,2.27,1.22,-2732093.0,-4.81
159743,湖北ETF博时,1.358,-0.44,-0.006,2366.0,317881.0,1.3623,0.32,149300014,149300014,109941100.0,1.357,1.367,1.338,1.364,2.13,0.22,0.61,227780.0,71.66
159191,港股通科技ETF易方达,0.913,-0.44,-0.004,21325.0,1948836.73,0.9116,-0.15,63092729,63092729,69104851.0,0.918,0.921,0.911,0.917,1.09,3.09,0.93,183379.0,9.41
560110,中证1000ETF汇添富,1.123,-0.44,-0.005,177685.0,19851434.0,1.1221,-0.08,406417635,406417635,361903504.0,1.119,1.129,1.105,1.128,2.13,4.91,1.19,-939207.0,-4.73
563380,航空航天ETF华泰柏瑞,0.906,-0.44,-0.004,153397.0,13862965.0,0.9076,0.18,825320700,825320700,910950000.0,0.901,0.911,0.896,0.91,1.65,1.68,0.59,360249.0,2.6
515390,沪深300ETF华安,1.344,-0.44,-0.006,472537.0,63455582.0,1.3428,-0.09,2406677963,2406677963,1790683008.0,1.342,1.348,1.337,1.35,0.81,2.64,0.97,-9730067.0,-15.33
159628,国证2000ETF万家,1.36,-0.44,-0.006,306169.0,41333587.4,1.3593,-0.05,500865217,500865217,368283248.0,1.35,1.364,1.336,1.366,2.05,8.31,0.76,1305370.0,3.16
512560,军工ETF易方达,0.686,-0.44,-0.003,344784.0,23529041.0,0.6851,-0.13,661391127,661391127,964127008.0,0.684,0.688,0.676,0.689,1.74,3.58,0.93,-1208463.0,-5.14
159095,云计算ETF银华,0.914,-0.44,-0.004,37061.0,3384264.061,0.9148,0.09,212475879,212475879,232468139.0,0.897,0.919,0.895,0.918,2.61,1.59,0.28,108652.0,3.21
517030,沪港深300ETF易方达,1.123,-0.44,-0.005,139.0,15602.0,1.1277,0.42,94377257,94377257,84040300.0,1.12,1.123,1.12,1.128,0.27,0.02,0.04,1793.0,11.49
588150,科创50ETF南方,1.133,-0.44,-0.005,182321.0,20622406.0,1.1315,-0.13,450857645,450857645,397932608.0,1.12,1.144,1.112,1.138,2.81,4.58,0.97,162485.0,0.79
159333,港股央企红利ETF万家,1.367,-0.44,-0.006,29696.0,4074282.0,1.3711,0.3,280170525,280170525,204952835.0,1.375,1.381,1.367,1.373,1.02,1.45,0.77,961769.0,23.61
159595,中证A50ETF大成,1.367,-0.44,-0.006,332264.0,45430442.8,1.3665,-0.04,1252326810,1252326810,916113248.0,1.369,1.371,1.363,1.373,0.58,3.63,1.09,-108709.0,-0.24
159592,A50ETF银华,1.344,-0.44,-0.006,43523.0,5862415.4,1.3455,0.11,801441264,801441264,596310464.0,1.346,1.35,1.342,1.35,0.59,0.73,0.59,235219.0,4.01
159331,红利港股ETF国泰,1.324,-0.45,-0.006,32471.0,4311681.748,1.3268,0.21,199519093,199519093,150694179.0,1.33,1.334,1.323,1.33,0.83,2.15,1.16,-49763.0,-1.15
515330,沪深300ETF天弘,1.325,-0.45,-0.006,164923.0,21843622.0,1.3237,-0.1,8168240262,8168240262,6164709632.0,1.329,1.33,1.319,1.331,0.83,0.27,1.91,678069.0,3.1
159925,沪深300ETF南方,4.676,-0.45,-0.021,97325.0,45524470.117,4.6749,-0.02,2850587160,2850587160,609620864.0,4.674,4.698,4.658,4.697,0.85,1.6,0.83,423279.0,0.93
159318,恒指港股通ETF银华,1.315,-0.45,-0.006,2684.0,353495.8,1.3138,-0.09,19201166,19201166,14601647.0,1.316,1.322,1.312,1.321,0.76,1.84,1.01,43330.0,12.26
515380,沪深300ETF泰康,5.348,-0.45,-0.024,4443.0,2376121.0,5.3508,0.05,3547862173,3547862173,663399808.0,5.356,5.369,5.332,5.372,0.69,0.07,0.35,606233.0,25.51
512680,军工ETF广发,1.113,-0.45,-0.005,330592.0,36619196.0,1.1131,0.01,3449554397,3449554397,3099330096.0,1.109,1.117,1.099,1.118,1.61,1.07,1.16,-479645.0,-1.31
159807,科技ETF易方达,0.892,-0.45,-0.004,278242.0,24698841.5,0.8907,-0.15,798385870,798385870,895051424.0,0.887,0.899,0.88,0.896,2.12,3.11,1.12,253368.0,1.03
560010,中证1000ETF广发,3.103,-0.45,-0.014,1080147.0,333689011.0,3.1021,-0.03,5779715123,5779715123,1862621696.0,3.085,3.118,3.059,3.117,1.89,5.8,0.55,-1787921.0,-0.54
159379,A500ETF融通,1.34,-0.45,-0.006,1527.0,204692.1,1.3384,-0.12,212820771,212820771,158821471.0,1.333,1.341,1.333,1.346,0.59,0.1,0.1,-102507.0,-50.08
159075,工业互联网ETF华夏,0.891,-0.45,-0.004,18272.0,1617892.438,0.8933,0.26,160555674,160555674,180197165.0,0.895,0.895,0.877,0.895,2.01,1.01,0.84,-86538.0,-5.35
159537,信创ETF国泰,0.857,-0.46,-0.004,26651.0,2266090.8,0.8576,0.07,128794420,128794420,150285204.0,0.852,0.861,0.843,0.861,2.09,1.77,0.77,-20245.0,-0.89
159376,A500ETF浦银,1.3,-0.46,-0.006,7116.0,926827.9,1.3017,0.13,63599012,63599012,48922317.0,1.3,1.306,1.299,1.306,0.54,1.45,0.42,-321927.0,-34.73
159596,A50ETF华宝,0.65,-0.46,-0.003,236214.0,15386221.1,0.6511,0.17,337143976,337143976,518683040.0,0.652,0.654,0.649,0.653,0.77,4.55,1.36,1505424.0,9.78
513810,港股国企ETF华夏,1.749,-0.46,-0.008,61307.0,10741172.0,1.754,0.29,73444008,73444008,41992000.0,1.765,1.765,1.746,1.757,1.08,14.6,0.99,-677666.0,-6.31
159206,卫星ETF永赢,1.306,-0.46,-0.006,1490226.0,193517855.353,1.307,0.08,13041654984,13041654984,9985953280.0,1.293,1.318,1.28,1.312,2.9,1.49,0.46,-485872.0,-0.25
513720,港股互联网ETF国泰,0.648,-0.46,-0.003,126194.0,8181301.0,0.6478,-0.03,162556632,162556632,250859000.0,0.651,0.655,0.646,0.651,1.38,5.03,0.99,340586.0,4.16
159215,A500ETF平安,1.286,-0.46,-0.006,27472.0,3534253.0,1.287,0.08,1259743481,1259743481,979582800.0,1.284,1.291,1.28,1.292,0.85,0.28,0.32,-518382.0,-14.67
510720,红利国企ETF国泰,1.073,-0.46,-0.005,608659.0,65576288.0,1.0721,-0.08,1868914918,1868914918,1741766000.0,1.076,1.084,1.072,1.078,1.11,3.49,0.92,2395723.0,3.65
510770,G60创新ETF申万菱信,0.874,-0.46,-0.004,29341.0,2528367.0,0.8751,0.13,18887752,18887752,21610700.0,0.858,0.878,0.85,0.878,3.19,13.58,1.63,275640.0,10.9
159673,沪深300ETF鹏华,1.269,-0.47,-0.006,214407.0,27220843.7,1.2702,0.09,2242993519,2242993519,1767528384.0,1.266,1.274,1.264,1.275,0.78,1.21,0.97,2600169.0,9.55
159040,港股通互联网ETF鹏华,1.07,-0.47,-0.005,22168.0,2377187.868,1.0711,0.1,37964763,37964763,35481087.0,1.08,1.084,1.066,1.075,1.67,6.25,0.84,208765.0,8.78
513820,港股通红利ETF汇添富,1.271,-0.47,-0.006,300826.0,38355056.0,1.272,0.08,2168540809,2168540809,1706169008.0,1.275,1.28,1.271,1.277,0.7,1.76,0.94,1416172.0,3.69
520950,港股通50ETF摩根,0.843,-0.47,-0.004,187675.0,15830769.0,0.8424,-0.07,274329910,274329910,325421008.0,0.845,0.848,0.841,0.847,0.83,5.77,1.52,532162.0,3.36
563500,A500ETF华宝,0.623,-0.48,-0.003,121058.0,7524754.0,0.6215,-0.24,465978273,465978273,747958704.0,0.62,0.625,0.619,0.626,0.96,1.62,1.27,-311435.0,-4.14
513970,恒生消费ETF景顺,0.833,-0.48,-0.004,273906.0,22837529.0,0.8328,-0.02,1207884160,1207884160,1450041008.0,0.838,0.84,0.831,0.837,1.08,1.89,1.11,1760695.0,7.71
510390,沪深300ETF平安,5.214,-0.48,-0.025,603.0,314408.0,5.2208,0.13,707279100,707279100,135650000.0,5.223,5.239,5.2,5.239,0.74,0.04,0.13,76000.0,24.17
510300,沪深300ETF华泰柏瑞,4.605,-0.48,-0.022,3519896.0,1619807569.0,4.6034,-0.03,108132250472,108132250472,23481487616.0,4.601,4.621,4.587,4.627,0.73,1.5,0.77,-480145510.0,-29.64
159265,港股消费ETF鹏华,0.821,-0.48,-0.004,54601.0,4486001.2,0.8207,-0.04,146097684,146097684,177950894.0,0.822,0.827,0.82,0.825,0.85,3.07,1.0,-304275.0,-6.78
515180,红利ETF易方达,1.446,-0.48,-0.007,1323971.0,192063297.0,1.4471,0.08,18434528998,18434528998,12748636928.0,1.452,1.458,1.446,1.453,0.83,1.04,1.14,11474239.0,5.97
159717,ESGETF鹏华,1.038,-0.48,-0.005,16.0,1659.8,1.0366,-0.14,26337364,26337364,25373183.0,1.033,1.038,1.033,1.043,0.48,0.01,nan,1247.0,75.13
159109,恒生50ETF景顺,0.817,-0.49,-0.004,70854.0,5798707.5,0.8193,0.28,484614870,484614870,593163856.0,0.822,0.825,0.816,0.821,1.1,1.19,1.06,1765031.0,30.44
510880,红利ETF华泰柏瑞,3.423,-0.49,-0.017,970846.0,333483272.0,3.4215,-0.04,20441045743,20441045743,5971675648.0,3.44,3.454,3.422,3.44,0.93,1.63,1.04,15582145.0,4.67
515010,证券ETF华夏,1.223,-0.49,-0.006,187193.0,22915182.0,1.2246,0.13,2520323667,2520323667,2060771600.0,1.23,1.232,1.221,1.229,0.9,0.91,0.78,-1389541.0,-6.06
159393,沪深300ETF万家,4.886,-0.49,-0.024,9820.0,4796801.8,4.886,0.0,447295427,447295427,91546342.0,4.908,4.908,4.87,4.91,0.77,1.07,0.46,435327.0,9.08
159353,中证A500ETF景顺,1.218,-0.49,-0.006,752300.0,91583183.8,1.2178,-0.02,5249777219,5249777219,4310161920.0,1.217,1.223,1.211,1.224,0.98,1.75,0.95,9308921.0,10.16
159179,港股通互联网ETF工银,0.818,-0.49,-0.004,110299.0,9023590.6,0.8185,0.06,84175119,84175119,102903568.0,0.823,0.825,0.81,0.822,1.82,10.72,1.2,-309782.0,-3.43
159229,自由现金流ETF广发,1.206,-0.5,-0.006,10257.0,1237179.1,1.2074,0.12,176746563,176746563,146556022.0,1.208,1.208,1.205,1.212,0.25,0.7,0.56,11892.0,0.96
517000,沪港深500ETF银华,0.999,-0.5,-0.005,971.0,97154.0,1.0023,0.33,122670207,122670207,122793000.0,0.998,1.002,0.998,1.004,0.4,0.08,0.48,-71200.0,-73.29
159285,港股通消费ETF华安,0.789,-0.5,-0.004,45478.0,3592242.86,0.7888,-0.03,196055991,196055991,248486680.0,0.789,0.794,0.788,0.793,0.76,1.83,0.96,106138.0,2.95
561890,A股ETF易方达,0.996,-0.5,-0.005,17128.0,1702610.0,0.9979,0.19,45928150,45928150,46112600.0,0.991,1.0,0.989,1.001,1.1,3.71,0.44,86052.0,5.05
159008,证券ETF景顺,0.991,-0.5,-0.005,32279.0,3204503.4,0.9937,0.27,114246970,114246970,115284531.0,0.996,0.998,0.991,0.996,0.7,2.8,1.29,-235072.0,-7.34
159633,中证1000ETF易方达,3.189,-0.5,-0.016,1956493.0,620758676.956,3.1885,-0.02,3068336710,3068336710,962162656.0,3.169,3.203,3.143,3.205,1.87,20.33,1.27,-1537583.0,-0.25
159777,创科技ETF国联安,1.199,-0.5,-0.006,8956.0,1069224.7,1.2025,0.29,33908397,33908397,28280565.0,1.203,1.211,1.187,1.205,1.99,3.17,0.81,-200431.0,-18.75
517170,沪港深500ETF华夏,0.993,-0.5,-0.005,242.0,24076.0,0.9973,0.43,16018877,16018877,16131800.0,0.995,0.995,0.993,0.998,0.2,0.15,0.06,-24076.0,-100.0
159365,恒指港股通ETF富国,1.0,-0.5,-0.005,2867.0,288903.1,1.0021,0.21,46162398,46162398,46162398.0,1.001,1.01,1.0,1.005,1.0,0.62,0.55,-122115.0,-42.27
159638,高端装备ETF嘉实,0.8,-0.5,-0.004,172277.0,13751635.0,0.801,0.12,1169873549,1169873549,1462341936.0,0.799,0.804,0.79,0.804,1.74,1.18,0.76,-129851.0,-0.94
159268,港股通消费ETF汇添富,0.79,-0.5,-0.004,83957.0,6650988.2,0.7921,0.27,313673469,313673469,397055024.0,0.795,0.798,0.79,0.794,1.01,2.11,0.63,321771.0,4.84
513860,港股通科技ETF海富通,0.602,-0.5,-0.003,970475.0,58568918.0,0.6055,0.58,1778591306,1778591306,2954470608.0,0.604,0.607,0.6,0.605,1.16,3.28,0.96,1853044.0,3.16
510330,沪深300ETF华夏,4.8,-0.5,-0.024,738113.0,354164839.0,4.8017,0.04,40216079155,40216079155,8378349824.0,4.796,4.819,4.784,4.824,0.73,0.88,1.03,-2594592.0,-0.73
159202,恒生互联网ETF万家,0.79,-0.5,-0.004,734359.0,58154685.4,0.79,0.0,963327504,963327504,1219401904.0,0.798,0.8,0.788,0.794,1.51,6.02,0.94,500824.0,0.86
515160,MSCI中国ETF招商,1.599,-0.5,-0.008,13885.0,2224359.0,1.6002,0.07,390084205,390084205,243955100.0,1.6,1.605,1.596,1.607,0.56,0.57,1.13,26618.0,1.2
512710,军工龙头ETF富国,0.597,-0.5,-0.003,1664008.0,99117620.0,0.5981,0.18,7012158046,7012158046,11745658368.0,0.597,0.601,0.591,0.6,1.67,1.42,0.79,-11152869.0,-11.25
560820,中证A50ETF新华,1.199,-0.5,-0.006,24.0,2878.0,1.1993,0.03,49070274,49070274,40926000.0,1.199,1.199,1.199,1.205,0.0,0.01,0.16,2757.0,95.8
159519,港股国企ETF国泰,1.78,-0.5,-0.009,77280.0,13788236.0,1.7835,0.2,103520980,103520980,58157854.0,1.789,1.797,1.78,1.789,0.95,13.29,1.27,681540.0,4.94
589070,科创芯片设计ETF天弘,1.005,-0.5,-0.005,1986419.0,198752988.0,1.0049,-0.01,1886679473,1886679473,1877293008.0,0.995,1.015,0.984,1.01,3.07,10.58,1.44,-783886.0,-0.39
515090,可持续发展ETF博时,1.375,-0.51,-0.007,18224.0,2503548.0,1.3756,0.04,14852338,14852338,10801700.0,1.378,1.378,1.371,1.382,0.51,16.87,2.41,-172177.0,-6.88
159663,机床ETF华夏,0.967,-0.51,-0.005,534572.0,51406134.1,0.9657,-0.13,430349007,430349007,445035168.0,0.962,0.976,0.949,0.972,2.78,12.01,1.39,-15288777.0,-29.74
516300,中证1000ETF华泰柏瑞,3.135,-0.51,-0.016,16537.0,5168380.0,3.1406,0.18,134844501,134844501,43012600.0,3.149,3.151,3.092,3.151,1.87,3.84,0.58,377325.0,7.3
516730,证券ETF浦银,0.968,-0.51,-0.005,4457.0,431659.0,0.9683,0.03,221072614,221072614,228380800.0,0.973,0.973,0.967,0.973,0.62,0.2,0.31,-58158.0,-13.47
159013,工业互联网ETF大成,0.98,-0.51,-0.005,1905.0,185116.8,0.9839,0.4,39767303,39767303,40578881.0,0.977,0.985,0.967,0.985,1.83,0.47,0.16,-81489.0,-44.02
510360,沪深300ETF广发,1.763,-0.51,-0.009,168523.0,29693242.0,1.762,-0.06,3124708056,3124708056,1772381200.0,1.759,1.772,1.755,1.772,0.96,0.95,0.91,-283870.0,-0.96
562890,A50ETF嘉实,1.377,-0.51,-0.007,35023.0,4830093.0,1.3769,-0.01,366352227,366352227,266051000.0,1.38,1.383,1.375,1.384,0.58,1.32,0.91,-144903.0,-3.0
159593,中证A50ETF平安,1.36,-0.51,-0.007,265611.0,36169852.8,1.3594,-0.04,2532586625,2532586625,1862196048.0,1.363,1.366,1.358,1.367,0.59,1.43,1.17,-11832307.0,-32.71
513590,港股通消费ETF鹏华,0.783,-0.51,-0.004,8241.0,646863.0,0.7813,-0.22,109243299,109243299,139518900.0,0.783,0.791,0.783,0.787,1.02,0.59,0.47,12393.0,1.92
159291,创业板综增强ETF招商,1.153,-0.52,-0.006,3143.0,364204.8,1.1582,0.45,20128368,20128368,17457388.0,1.148,1.163,1.148,1.159,1.29,1.8,0.36,-69714.0,-19.14
159281,港股央企红利ETF天弘,0.964,-0.52,-0.005,124458.0,12027809.7,0.9732,0.95,237368669,237368669,246233059.0,0.968,0.972,0.964,0.969,0.83,5.05,0.93,-529324.0,-4.4
561320,交运ETF国泰,0.95,-0.52,-0.005,9410.0,895799.0,0.9505,0.05,32650550,32650550,34369000.0,0.946,0.953,0.946,0.955,0.73,2.74,1.49,-146756.0,-16.38
159711,港股通50ETF华夏,1.333,-0.52,-0.007,368303.0,49179583.9,1.3305,-0.19,40610054,40610054,30465157.0,1.34,1.346,1.331,1.34,1.12,120.89,1.47,2751484.0,5.59
530580,上证180ETF南方,1.152,-0.52,-0.006,74374.0,8581157.0,1.1542,0.19,68139648,68139648,59149000.0,1.153,1.155,1.15,1.158,0.43,12.57,0.72,-148210.0,-1.73
159993,证券ETF鹏华,1.148,-0.52,-0.006,233904.0,26874403.745,1.1484,0.03,3805847286,3805847286,3315197984.0,1.153,1.156,1.145,1.154,0.95,0.71,0.76,-3821553.0,-14.22
561230,中证A50ETF工银,1.329,-0.52,-0.007,78262.0,10423413.0,1.3305,0.11,598685007,598685007,450477808.0,1.333,1.335,1.327,1.336,0.6,1.74,1.09,397698.0,3.82
517330,长江保护ETF易方达,0.96,-0.52,-0.005,104.0,10036.0,0.9632,0.33,1736802248,1736802248,1809169008.0,0.965,0.965,0.96,0.965,0.52,0.0,0.04,-10035.0,-99.99
510270,国企ETF中银,1.535,-0.52,-0.008,1869.0,286991.0,1.5357,0.05,24302274,24302274,15832100.0,1.546,1.548,1.535,1.543,0.84,1.18,0.38,-14757.0,-5.14
159302,港股高股息ETF银华,1.348,-0.52,-0.007,19213.0,2600019.55,1.351,0.22,71171177,71171177,52797609.0,1.346,1.36,1.346,1.355,1.03,3.64,0.84,-18743.0,-0.72
512100,中证1000ETF南方,3.024,-0.53,-0.016,7472961.0,2248073217.0,3.0206,-0.11,19466145829,19466145829,6437217536.0,3.006,3.039,2.981,3.04,1.91,11.61,1.23,-47259040.0,-2.1
520670,港股通科技ETF嘉实,0.756,-0.53,-0.004,44308.0,3346459.0,0.7563,0.04,161729644,161729644,213928100.0,0.757,0.76,0.752,0.76,1.05,2.07,0.89,-49047.0,-1.47
159568,港股互联网ETF博时,1.122,-0.53,-0.006,235296.0,26428430.2,1.1238,0.16,421712568,421712568,375857904.0,1.129,1.133,1.119,1.128,1.24,6.26,0.61,-484615.0,-1.83
515850,证券ETF富国,1.326,-0.53,-0.007,296392.0,39317500.0,1.3267,0.05,642832877,642832877,484791008.0,1.334,1.336,1.323,1.333,0.98,6.11,1.1,138040.0,0.35
588410,科创创业人工智能ETF鹏华,1.128,-0.53,-0.006,17239.0,1939214.0,1.128,0.0,127746000,127746000,113250000.0,1.14,1.141,1.111,1.134,2.65,1.52,0.86,-74421.0,-3.84
520770,恒指港股通ETF建信,0.944,-0.53,-0.005,22709.0,2142705.0,0.9416,-0.25,201424867,201424867,213373800.0,0.949,0.949,0.942,0.949,0.74,1.06,0.82,-40999.0,-1.91
513330,恒生互联网ETF华夏,0.37,-0.54,-0.002,16570332.0,613788905.0,0.3678,-0.6,25430648381,25430648381,68731482112.0,0.373,0.374,0.368,0.372,1.61,2.41,0.86,-29394561.0,-4.79
159360,A500ETF天弘,1.295,-0.54,-0.007,188657.0,24410420.3,1.2953,0.02,1607333964,1607333964,1241184528.0,1.291,1.3,1.287,1.302,1.0,1.52,0.65,-1018939.0,-4.17
560800,数字经济ETF鹏扬,1.112,-0.54,-0.006,66595.0,7365401.0,1.1164,0.39,329097628,329097628,295951104.0,1.119,1.122,1.092,1.118,2.68,2.25,1.35,274321.0,3.72
159358,中证A500ETF大成,1.297,-0.54,-0.007,252709.0,32786691.0,1.2972,0.02,1127231022,1127231022,869106416.0,1.301,1.303,1.29,1.304,1.0,2.91,0.74,-854165.0,-2.61
520960,恒指港股通ETF嘉实,0.915,-0.54,-0.005,20279.0,1854993.0,0.9153,0.03,45387111,45387111,49603400.0,0.92,0.92,0.913,0.92,0.76,4.09,2.66,-5166.0,-0.28
562820,集成电路ETF嘉实,0.916,-0.54,-0.005,159555.0,14526142.0,0.917,0.11,363109728,363109728,396408000.0,0.9,0.926,0.897,0.921,3.15,4.03,0.95,-2643253.0,-18.2
561180,A100ETF富国,1.299,-0.54,-0.007,12651.0,1648828.0,1.3013,0.18,64442870,64442870,49609600.0,1.302,1.308,1.299,1.306,0.69,2.55,1.76,-326667.0,-19.81
513040,港股通互联网ETF易方达,0.92,-0.54,-0.005,1862326.0,171447222.0,0.9193,-0.08,6246193889,6246193889,6789341184.0,0.925,0.929,0.917,0.925,1.3,2.74,0.6,-9768521.0,-5.7
159540,信创ETF易方达,1.833,-0.54,-0.01,107210.0,19559037.3,1.8304,-0.14,224552015,224552015,122505191.0,1.825,1.849,1.803,1.843,2.5,8.75,1.56,-47975.0,-0.25
159997,电子ETF天弘,2.023,-0.54,-0.011,467089.0,93562750.9,2.0298,0.34,1404582333,1404582333,694306640.0,1.99,2.04,1.977,2.034,3.1,6.73,1.73,-9046516.0,-9.67
159919,沪深300ETF嘉实,4.804,-0.54,-0.026,788632.0,379083246.4,4.8062,0.05,29885763631,29885763631,6221016576.0,4.8,4.825,4.79,4.83,0.72,1.27,0.96,-39107052.0,-10.32
588780,科创芯片设计ETF国联安,0.925,-0.54,-0.005,1000596.0,92080113.0,0.9254,0.04,950809350,950809350,1027902000.0,0.913,0.935,0.907,0.93,3.01,9.73,0.78,6243895.0,6.78
159128,港股科技ETF天弘,0.721,-0.55,-0.004,183862.0,13275848.494,0.7206,-0.06,1363959571,1363959571,1891760848.0,0.722,0.726,0.719,0.725,0.97,0.97,0.51,-528688.0,-3.98
159902,中小100ETF华夏,4.5,-0.55,-0.025,8345.0,3759730.4,4.5134,0.3,341823821,341823821,75960849.0,4.5,4.527,4.46,4.525,1.48,1.1,0.65,-393477.0,-10.47
515460,红利质量ETF南方,0.91,-0.55,-0.005,102884.0,9392365.0,0.9116,0.18,253972817,253972817,279091008.0,0.914,0.916,0.91,0.915,0.66,3.69,1.16,-562142.0,-5.99
520740,港股通互联网ETF华安,0.909,-0.55,-0.005,13513.0,1230010.0,0.9109,0.21,43643453,43643453,48012600.0,0.908,0.916,0.907,0.914,0.98,2.81,0.57,-97114.0,-7.9
159386,A500ETF永赢,1.262,-0.55,-0.007,51171.0,6461884.2,1.2628,0.06,76817383,76817383,60869559.0,1.266,1.268,1.256,1.269,0.95,8.41,0.96,-251723.0,-3.9
562870,证券ETF嘉实,0.902,-0.55,-0.005,26733.0,2413016.0,0.9035,0.17,544812690,544812690,604005200.0,0.905,0.908,0.901,0.907,0.77,0.44,0.54,-109022.0,-4.52
159686,A100ETF易方达,1.272,-0.55,-0.007,70179.0,8945557.8,1.2722,0.02,101525171,101525171,79815386.0,1.272,1.277,1.269,1.279,0.63,8.79,1.28,275587.0,3.08
563360,A500ETF华泰柏瑞,1.267,-0.55,-0.007,21303791.0,2695904791.0,1.2666,-0.03,40369137945,40369137945,31861987328.0,1.265,1.272,1.259,1.274,1.02,6.69,1.25,-18134960.0,-0.67
563220,A500ETF富国,1.249,-0.56,-0.007,810924.0,101101944.0,1.249,0.0,8369566186,8369566186,6701013760.0,1.246,1.254,1.241,1.256,1.04,1.21,0.78,-1112665.0,-1.1
589030,科创芯片设计ETF易方达,1.074,-0.56,-0.006,578523.0,61763037.0,1.0743,0.03,922648707,922648707,859077008.0,1.058,1.087,1.053,1.08,3.15,6.73,1.28,3703255.0,6.0
159330,沪深300ETF东财,1.425,-0.56,-0.008,66319.0,9441841.1,1.4241,-0.06,598216436,598216436,419801008.0,1.425,1.43,1.419,1.433,0.77,1.58,0.62,-1482995.0,-15.71
512380,MSCI中国ETF银华,1.584,-0.56,-0.009,1780.0,282279.0,1.5849,0.06,120076070,120076070,75805600.0,1.584,1.59,1.58,1.593,0.63,0.23,0.18,-51838.0,-18.36
159293,创业板综增强ETF建信,1.057,-0.56,-0.006,18699.0,1973068.8,1.0596,0.25,26593483,26593483,25159397.0,1.053,1.063,1.046,1.063,1.6,7.43,0.71,-133678.0,-6.78
159352,A500ETF南方,1.248,-0.56,-0.007,17863559.0,2226707899.3,1.2474,-0.05,33501438837,33501438837,26844101632.0,1.245,1.253,1.24,1.255,1.04,6.65,1.25,-8800755.0,-0.4
560380,A100ETF南方,1.253,-0.56,-0.007,26609.0,3327439.0,1.25,-0.24,176498833,176498833,140861000.0,1.251,1.256,1.248,1.26,0.63,1.89,0.59,-442221.0,-13.29
159631,A100ETF招商,1.234,-0.56,-0.007,19697.0,2429209.0,1.2336,-0.03,48536435,48536435,39332605.0,1.236,1.24,1.232,1.241,0.64,5.01,1.68,-323990.0,-13.34
159569,港股红利低波ETF景顺,1.431,-0.56,-0.008,297664.0,42711419.0,1.433,0.14,522525712,522525712,365147248.0,1.439,1.444,1.43,1.439,0.97,8.15,0.96,-94852.0,-0.22
159010,港股通科技ETF博时,0.891,-0.56,-0.005,17387.0,1549249.816,0.8905,-0.06,174722971,174722971,196097611.0,0.896,0.901,0.887,0.896,1.56,0.89,0.39,-213845.0,-13.8
513320,港股通新经济ETF易方达,1.074,-0.56,-0.006,27927.0,3005933.0,1.0763,0.21,97745384,97745384,91010600.0,1.083,1.083,1.072,1.08,1.02,3.07,0.36,-120079.0,-3.99
159125,港股通科技ETF招商,0.711,-0.56,-0.004,111801.0,7961999.7,0.7117,0.1,597414826,597414826,840245888.0,0.716,0.716,0.71,0.715,0.84,1.33,0.44,-182729.0,-2.3
563090,上证50增强ETF易方达,1.397,-0.57,-0.008,9412.0,1315679.0,1.3986,0.11,79416656,79416656,56848000.0,1.39,1.402,1.39,1.405,0.85,1.66,0.5,553758.0,42.09
510900,恒生中国企业ETF易方达,1.04,-0.57,-0.006,466642.0,48646979.0,1.0419,0.18,3367542780,3367542780,3238021904.0,1.046,1.048,1.038,1.046,0.96,1.44,0.83,558538.0,1.15
560660,云计算50ETF新华,1.041,-0.57,-0.006,16953.0,1761455.0,1.0435,0.24,135265458,135265458,129938000.0,1.03,1.049,1.028,1.047,2.01,1.3,0.47,-1281.0,-0.07
513770,港股互联网ETF华宝,0.35,-0.57,-0.002,5674527.0,198654057.0,0.3504,0.11,5166048294,5166048294,14760137984.0,0.352,0.354,0.348,0.352,1.7,3.84,0.96,-4528281.0,-2.28
159994,通信ETF银华,1.223,-0.57,-0.007,1105723.0,134138335.686,1.2212,-0.15,4766035109,4766035109,3897003360.0,1.198,1.236,1.195,1.23,3.33,2.84,1.03,-9664495.0,-7.2
516960,机械ETF国泰,0.879,-0.57,-0.005,228.0,20092.0,0.8803,0.15,14108917,14108917,16051100.0,0.883,0.885,0.876,0.884,1.02,0.14,0.2,-6916.0,-34.42
159361,A500ETF易方达,1.224,-0.57,-0.007,6505714.0,795527372.7,1.2232,-0.07,27806942454,27806942454,22718090240.0,1.222,1.228,1.216,1.231,0.97,2.86,1.12,-10603934.0,-1.33
159505,国证2000ETF博时,1.562,-0.57,-0.009,18681.0,2900706.8,1.5638,0.12,29841676,29841676,19104786.0,1.555,1.571,1.537,1.571,2.16,9.78,1.55,-34219.0,-1.18
530300,上证180ETF华泰柏瑞,1.218,-0.57,-0.007,2064.0,251946.0,1.2211,0.25,40977174,40977174,33643000.0,1.225,1.225,1.215,1.225,0.82,0.61,0.14,143138.0,56.81
159779,消费电子ETF招商,1.39,-0.57,-0.008,30146.0,4168521.5,1.3977,0.55,184688378,184688378,132869337.0,1.363,1.404,1.36,1.398,3.15,2.27,0.83,277326.0,6.65
515310,沪深300ETF汇添富,1.367,-0.58,-0.008,84587.0,11561290.0,1.3678,0.06,449211510,449211510,328611200.0,1.365,1.372,1.362,1.375,0.73,2.57,0.72,-130620.0,-1.13
516830,沪深300ESGETF富国,1.02,-0.58,-0.006,18613.0,1900416.0,1.021,0.1,91470438,91470438,89676900.0,1.021,1.024,1.018,1.026,0.58,2.08,0.68,269259.0,14.17
513310,中韩半导体ETF华泰柏瑞,4.615,-0.58,-0.027,4505223.0,2070869010.0,4.1792,-10.43,11105660642,11105660642,2406427008.0,4.63,4.632,4.571,4.642,1.31,18.72,0.48,-20282576.0,-0.98
159636,港股通科技30ETF工银,0.518,-0.58,-0.003,1769255.0,91692801.2,0.5184,0.08,11450131646,11450131646,22104501248.0,0.52,0.522,0.515,0.521,1.34,0.8,0.79,-417506.0,-0.46
561130,国货ETF富国,1.036,-0.58,-0.006,28579.0,2965103.0,1.0374,0.13,86956867,86956867,83935200.0,1.04,1.04,1.032,1.042,0.77,3.4,0.54,113889.0,3.84
159351,A500ETF嘉实,1.198,-0.58,-0.007,1806268.0,216269043.8,1.1984,0.03,8610173900,8610173900,7187123456.0,1.198,1.203,1.191,1.205,1.0,2.51,0.9,-1305805.0,-0.6
159750,港股科技50ETF招商,0.859,-0.58,-0.005,199376.0,17130963.9,0.862,0.35,1073422082,1073422082,1249618256.0,0.861,0.864,0.857,0.864,0.81,1.6,0.71,-89687.0,-0.52
563800,A500ETF广发,1.199,-0.58,-0.007,1622565.0,194228681.0,1.1982,-0.07,10793371756,10793371756,9001978112.0,1.195,1.204,1.192,1.206,1.0,1.8,1.06,-859349.0,-0.44
563080,中证A50ETF易方达,1.375,-0.58,-0.008,82165.0,11310596.0,1.3757,0.05,1518809050,1518809050,1104588400.0,1.382,1.382,1.373,1.383,0.65,0.74,0.48,-1783509.0,-15.77
561630,红利质量ETF华泰柏瑞,1.035,-0.58,-0.006,7188.0,745454.0,1.0371,0.2,47504430,47504430,45898000.0,1.042,1.042,1.035,1.041,0.67,1.57,0.32,158111.0,21.21
512050,A500ETF华夏,1.194,-0.58,-0.007,7501695.0,894961709.0,1.1943,0.03,19631738677,19631738677,16441992192.0,1.192,1.199,1.187,1.201,1.0,4.56,1.14,-3070959.0,-0.34
159556,中证2000增强ETF平安,1.194,-0.58,-0.007,3930.0,466541.9,1.1939,-0.01,18573970,18573970,15556089.0,1.201,1.201,1.174,1.201,2.25,2.53,0.56,2874.0,0.62
563600,A500增强ETF易方达,1.028,-0.58,-0.006,3198.0,329656.0,1.0282,0.02,71428524,71428524,69483000.0,1.034,1.034,1.027,1.034,0.68,0.46,0.19,-977.0,-0.3
561090,A500增强ETF华安,1.209,-0.58,-0.007,14527.0,1759139.0,1.2124,0.28,257485566,257485566,212974000.0,1.215,1.22,1.204,1.216,1.32,0.68,0.21,-340621.0,-19.36
561490,红利质量ETF财通,1.015,-0.59,-0.006,75688.0,7718993.0,1.0163,0.13,98080770,98080770,96631300.0,1.021,1.027,1.015,1.021,1.18,7.83,1.49,-2896.0,-0.04
159269,港股通科技ETF南方,0.848,-0.59,-0.005,448188.0,38037228.988,0.8491,0.13,1610616332,1610616332,1899311712.0,0.854,0.854,0.845,0.853,1.06,2.36,0.71,1200097.0,3.16
588060,科创50ETF广发,1.012,-0.59,-0.006,2562555.0,258128641.0,1.012,0.0,7433281648,7433281648,7345139968.0,1.0,1.023,0.994,1.018,2.85,3.49,1.23,-32861477.0,-12.73
588000,科创50ETF华夏,1.681,-0.59,-0.01,20475847.0,3431226094.0,1.681,0.0,85790958285,85790958285,51035668224.0,1.666,1.701,1.651,1.691,2.96,4.01,1.04,-420500768.0,-12.26
515910,质量ETF中金,0.679,-0.59,-0.004,80210.0,5456823.0,0.6802,0.18,154477253,154477253,227507000.0,0.679,0.683,0.678,0.683,0.73,3.53,3.91,-102428.0,-1.88
159380,A500ETF东财,1.338,-0.59,-0.008,56006.0,7491167.2,1.3359,-0.16,203114203,203114203,151804337.0,1.332,1.344,1.332,1.346,0.89,3.69,1.35,-2036055.0,-27.18
563520,沪深300ETF永赢,1.185,-0.59,-0.007,137023.0,16239082.0,1.1841,-0.08,484742034,484742034,409065008.0,1.184,1.19,1.181,1.192,0.76,3.35,1.6,-8273964.0,-50.95
520990,港股央企红利ETF景顺,1.005,-0.59,-0.006,637999.0,64423952.0,1.0039,-0.11,3342097848,3342097848,3325470496.0,1.01,1.015,1.005,1.011,0.99,1.92,1.19,14209632.0,22.06
561990,沪深300增强ETF招商,1.005,-0.59,-0.006,98338.0,9886289.0,1.0057,0.07,327277446,327277446,325649200.0,1.005,1.009,1.001,1.011,0.79,3.02,0.99,-291933.0,-2.95
589170,科创芯片设计ETF鹏华,1.013,-0.59,-0.006,24340.0,2446944.0,1.0145,0.15,149831817,149831817,147909000.0,0.999,1.024,0.995,1.019,2.85,1.65,0.71,-1059174.0,-43.29
515050,通信ETF华夏,0.997,-0.6,-0.006,4354945.0,430689127.0,0.9963,-0.07,17231355760,17231355760,17283205376.0,0.976,1.008,0.974,1.003,3.39,2.52,0.78,7464777.0,1.73
159300,沪深300ETF富国,4.935,-0.6,-0.03,89529.0,44210732.4,4.9344,-0.01,1776886704,1776886704,360058096.0,4.929,4.959,4.919,4.965,0.81,2.49,1.21,-10732450.0,-24.28
520630,港股通互联网ETF广发,0.658,-0.6,-0.004,72265.0,4762511.0,0.6585,0.08,394543380,394543380,599610000.0,0.66,0.665,0.655,0.662,1.51,1.21,0.58,36469.0,0.77
510350,沪深300ETF工银,4.842,-0.6,-0.029,18726.0,9065540.0,4.8493,0.15,3273263197,3273263197,676014704.0,4.843,4.866,4.828,4.871,0.78,0.28,1.03,1769217.0,19.52
159288,创业板综ETF银华,0.973,-0.61,-0.006,7572.0,734208.2,0.9767,0.38,89686208,89686208,92174931.0,0.979,0.979,0.965,0.979,1.43,0.82,0.84,108621.0,14.79
159609,光伏ETF浦银,0.486,-0.61,-0.003,62263.0,3012585.8,0.4873,0.27,147697056,147697056,303903408.0,0.489,0.489,0.48,0.489,1.84,2.05,1.02,-318837.0,-10.58
512090,MSCIA股ETF易方达,1.964,-0.61,-0.012,239592.0,47093837.0,1.9651,0.06,702311285,702311285,357592304.0,1.966,1.972,1.956,1.976,0.81,6.7,0.85,3116830.0,6.62
588840,科创50ETF万家,1.476,-0.61,-0.009,39792.0,5853971.0,1.4751,-0.06,85956336,85956336,58236000.0,1.46,1.491,1.45,1.485,2.76,6.83,1.43,-657685.0,-11.23
159901,深证100ETF易方达,3.569,-0.61,-0.022,592195.0,211307367.6,3.5682,-0.02,3444923458,3444923458,965234928.0,3.552,3.591,3.545,3.591,1.28,6.14,1.09,-10822739.0,-5.12
512240,A50ETF鹏华,1.15,-0.61,-0.007,10032.0,1156519.0,1.1513,0.11,24938900,24938900,21686000.0,1.154,1.155,1.15,1.157,0.43,4.63,0.77,-170372.0,-14.73
560750,A500ETF申万菱信,1.311,-0.61,-0.008,30656.0,4028020.0,1.3132,0.17,102985343,102985343,78554800.0,1.313,1.318,1.308,1.319,0.76,3.9,1.61,-47470.0,-1.18
515320,电子50ETF华安,1.467,-0.61,-0.009,58460.0,8519235.0,1.4693,0.16,133950303,133950303,91309000.0,1.473,1.478,1.434,1.476,2.98,6.4,1.08,-47678.0,-0.56
588460,科创50增强ETF鹏华,1.968,-0.61,-0.012,141336.0,27708705.0,1.9644,-0.18,1245771552,1245771552,633014000.0,1.959,1.989,1.933,1.98,2.83,2.23,0.91,-4321587.0,-15.6
588870,科创50ETF汇添富,1.617,-0.61,-0.01,436075.0,70234998.0,1.616,-0.06,1318747584,1318747584,815552000.0,1.599,1.634,1.588,1.627,2.83,5.35,1.03,-8672559.0,-12.35
588090,科创50ETF华泰柏瑞,1.641,-0.61,-0.01,399360.0,65240484.0,1.6392,-0.11,4770506465,4770506465,2907072800.0,1.628,1.657,1.612,1.651,2.73,1.37,0.83,-3880472.0,-5.95
159356,A500ETF万家,1.274,-0.62,-0.008,141174.0,17975055.2,1.2756,0.13,958201695,958201695,752120640.0,1.282,1.282,1.267,1.282,1.17,1.88,0.92,-2093493.0,-11.65
512020,A500ETF鹏华,1.274,-0.62,-0.008,362919.0,46180740.0,1.2739,-0.01,1454924185,1454924185,1142012704.0,1.27,1.28,1.267,1.282,1.01,3.18,0.9,306281.0,0.66
159563,创业板综ETF华夏,1.765,-0.62,-0.011,9446.0,1665173.8,1.7685,0.2,44761764,44761764,25360773.0,1.752,1.775,1.744,1.776,1.75,3.72,0.73,-315206.0,-18.93
159627,A100ETF华夏,1.285,-0.62,-0.008,22183.0,2855750.3,1.286,0.08,24565057,24565057,19116776.0,1.287,1.292,1.284,1.293,0.62,11.6,0.7,-6577.0,-0.23
159786,VRETF银华,1.117,-0.62,-0.007,72707.0,8025081.6,1.1189,0.17,97962211,97962211,87701174.0,1.118,1.119,1.09,1.124,2.58,8.29,1.34,-66545.0,-0.83
563860,中证A500ETF海富通,1.284,-0.62,-0.008,166868.0,21421336.0,1.2847,0.05,238624081,238624081,185844300.0,1.292,1.292,1.277,1.292,1.16,8.98,1.56,-636485.0,-2.97
510310,沪深300ETF易方达,4.465,-0.62,-0.028,876147.0,391389316.0,4.4712,0.14,51162399532,51162399532,11458544128.0,4.464,4.487,4.455,4.493,0.71,0.76,0.94,-38467337.0,-9.83
159685,1000增强ETF天弘,1.434,-0.62,-0.009,14516.0,2076604.3,1.4355,0.1,27877056,27877056,19440067.0,1.432,1.439,1.416,1.443,1.59,7.47,1.53,168473.0,8.11
563050,央企科技ETF易方达,1.279,-0.62,-0.008,34640.0,4413154.0,1.2809,0.15,169094544,169094544,132208400.0,1.282,1.289,1.256,1.287,2.56,2.62,0.92,214640.0,4.86
159357,A500ETF博时,1.266,-0.63,-0.008,76442.0,9667697.2,1.2666,0.05,1536713641,1536713641,1213833840.0,1.271,1.271,1.259,1.274,0.94,0.63,0.56,406104.0,4.2
159550,互联网ETF东财,0.784,-0.63,-0.005,15241.0,1197128.4,0.7883,0.55,153529767,153529767,195828785.0,0.79,0.795,0.782,0.789,1.65,0.78,0.4,-115781.0,-9.67
515530,中证500ETF泰康,4.233,-0.63,-0.027,7069.0,2978942.0,4.2337,0.02,51823349,51823349,12242700.0,4.217,4.257,4.185,4.26,1.69,5.77,1.79,-591266.0,-19.85
159661,A100ETF嘉实,1.41,-0.63,-0.009,18545.0,2619332.5,1.4103,0.02,38363580,38363580,27208213.0,1.412,1.416,1.409,1.419,0.49,6.82,0.76,345610.0,13.19
513160,港股科技ETF银华,0.947,-0.63,-0.006,678779.0,64307291.0,0.9466,-0.04,3024897263,3024897263,3194189296.0,0.954,0.956,0.942,0.953,1.47,2.13,0.66,-1222561.0,-1.9
520910,港股通互联网ETF华夏,0.628,-0.63,-0.004,177344.0,11157139.0,0.6274,-0.1,471907465,471907465,751445008.0,0.632,0.635,0.627,0.632,1.27,2.36,0.7,369670.0,3.31
563350,A50ETF华泰柏瑞,1.411,-0.63,-0.009,72527.0,10256620.0,1.4129,0.13,242688614,242688614,171997600.0,1.416,1.418,1.41,1.42,0.56,4.22,1.75,-777056.0,-7.58
159226,中证A500增强ETF国泰,1.253,-0.63,-0.008,60602.0,7595751.8,1.2545,0.12,105370835,105370835,84094840.0,1.261,1.261,1.245,1.261,1.27,7.21,0.7,-101072.0,-1.33
159605,中概互联ETF广发,0.793,-0.63,-0.005,1241262.0,98753962.2,0.7997,0.84,3181901525,3181901525,4012486160.0,0.803,0.803,0.792,0.798,1.38,3.09,0.99,-5076300.0,-5.14
159359,A500ETF华安,1.256,-0.63,-0.008,148254.0,18621945.8,1.2574,0.11,861792383,861792383,686140432.0,1.261,1.261,1.25,1.264,0.87,2.16,1.01,-215987.0,-1.16
517390,云计算ETF天弘,1.854,-0.64,-0.012,34251.0,6352281.0,1.8587,0.25,243082760,243082760,131112600.0,1.882,1.882,1.84,1.866,2.25,2.61,1.29,146729.0,2.31
159695,通信ETF嘉实,0.925,-0.64,-0.006,435476.0,40051452.9,0.9253,0.03,796828537,796828537,861436256.0,0.906,0.937,0.904,0.931,3.54,5.06,1.34,-2083769.0,-5.2
159270,创业板200ETF南方,1.092,-0.64,-0.007,75313.0,8180246.7,1.0972,0.47,96929905,96929905,88763649.0,1.084,1.1,1.076,1.099,2.18,8.48,1.37,-794836.0,-9.72
159135,港股通科技ETF前海开源,0.778,-0.64,-0.005,8875.0,689860.5,0.776,-0.26,481166847,481166847,618466384.0,0.783,0.783,0.774,0.783,1.15,0.14,0.18,-77943.0,-11.3
510510,中证500ETF广发,2.495,-0.64,-0.016,220683.0,54850785.0,2.4944,-0.02,2068450568,2068450568,829038304.0,2.482,2.509,2.464,2.511,1.79,2.66,1.69,-2866135.0,-5.23
159390,中证A50ETF国联,1.241,-0.64,-0.008,16403.0,2039703.5,1.2416,0.05,135602545,135602545,109268771.0,1.244,1.246,1.24,1.249,0.48,1.5,0.45,-87156.0,-4.27
515130,沪深300ETF博时,1.523,-0.65,-0.01,22128.0,3370257.0,1.5234,0.03,143867454,143867454,94463200.0,1.529,1.529,1.518,1.533,0.72,2.34,0.7,-408459.0,-12.12
159591,A50ETF富国,1.373,-0.65,-0.009,75588.0,10409451.8,1.3744,0.1,450214499,450214499,327905680.0,1.383,1.383,1.372,1.382,0.8,2.31,0.9,-456381.0,-4.38
515810,中证800ETF易方达,1.683,-0.65,-0.011,63385.0,10667213.0,1.6864,0.2,454256510,454256510,269908800.0,1.69,1.692,1.675,1.694,1.0,2.35,1.84,3900857.0,36.57
159251,港股通科技ETF万家,0.763,-0.65,-0.005,82862.0,6331258.9,0.7635,0.07,186773049,186773049,244787744.0,0.768,0.769,0.761,0.768,1.04,3.39,0.68,318817.0,5.04
512160,MSCI中国A股ETF南方,1.504,-0.66,-0.01,5966.0,898383.0,1.5063,0.15,183153811,183153811,121777800.0,1.503,1.512,1.503,1.514,0.59,0.49,1.0,-160247.0,-17.84
159699,恒生消费ETF广发,0.904,-0.66,-0.006,70796.0,6414863.8,0.9039,-0.01,445368487,445368487,492664256.0,0.911,0.914,0.903,0.91,1.21,1.44,0.91,82504.0,1.29
515350,沪深300ETF民生加银,6.167,-0.66,-0.041,4.0,2470.0,6.1741,0.11,72148966,72148966,11699200.0,6.179,6.179,6.167,6.208,0.19,0.0,nan,1234.0,49.96
560370,红利质量ETF易方达,0.897,-0.66,-0.006,5691.0,512517.0,0.8982,0.13,166917348,166917348,186084000.0,0.899,0.902,0.896,0.903,0.66,0.31,0.75,-85867.0,-16.75
159338,中证A500ETF国泰,1.2,-0.66,-0.008,16758243.0,2007923537.515,1.1996,-0.03,25180904141,25180904141,20984086784.0,1.198,1.204,1.192,1.208,0.99,7.99,1.16,-34781071.0,-1.73
159339,A500ETF银华,1.209,-0.66,-0.008,224513.0,27153171.7,1.2094,0.03,2360072999,2360072999,1952086848.0,1.214,1.215,1.203,1.217,0.99,1.15,0.68,-946218.0,-3.48
560530,中证A500ETF摩根,1.2,-0.66,-0.008,286204.0,34317786.0,1.2002,0.02,4685548435,4685548435,3904623696.0,1.197,1.205,1.193,1.208,0.99,0.73,0.56,-676915.0,-1.97
588080,科创50ETF易方达,1.63,-0.67,-0.011,5160756.0,838126112.0,1.6298,-0.01,40721683796,40721683796,24982628096.0,1.614,1.648,1.602,1.641,2.8,2.07,0.93,-93416277.0,-11.15
520650,港股通互联网ETF南方,0.593,-0.67,-0.004,589161.0,34971194.0,0.593,0.0,1471977220,1471977220,2482255008.0,0.597,0.599,0.592,0.597,1.17,2.37,0.77,242081.0,0.69
562070,沪深300指增ETF华宝,1.038,-0.67,-0.007,21308.0,2208882.0,1.0377,-0.03,573538596,573538596,552542000.0,1.044,1.044,1.034,1.045,0.96,0.39,0.43,176945.0,8.01
159692,证券ETF东财,1.187,-0.67,-0.008,225005.0,26761673.7,1.1888,0.15,1849887234,1849887234,1558455968.0,1.194,1.197,1.186,1.195,0.92,1.44,0.68,-3415667.0,-12.76
562000,A100ETF华宝,0.596,-0.67,-0.004,57862.0,3459255.0,0.5962,0.03,355655791,355655791,596737904.0,0.601,0.601,0.595,0.6,1.0,0.97,1.52,-423119.0,-12.23
159101,港股通科技ETF华夏,0.736,-0.67,-0.005,1118806.0,82514744.2,0.7345,-0.2,2115493232,2115493232,2874311456.0,0.741,0.741,0.735,0.741,0.81,3.89,1.09,-1709317.0,-2.07
589290,科创芯片设计ETF汇添富,0.741,-0.67,-0.005,42597.0,3153128.0,0.7419,0.12,97700035,97700035,131848900.0,0.739,0.749,0.728,0.746,2.82,3.23,1.12,64350.0,2.04
588040,科创50ETF鹏华,1.62,-0.67,-0.011,49231.0,7940724.0,1.6206,0.04,213660180,213660180,131889000.0,1.622,1.639,1.592,1.631,2.88,3.73,0.84,250070.0,3.15
588050,科创50ETF工银,1.632,-0.67,-0.011,964934.0,157014534.0,1.6333,0.08,10485993873,10485993873,6425241344.0,1.623,1.651,1.605,1.643,2.8,1.5,0.89,-6554134.0,-4.17
513690,港股红利ETF博时,1.175,-0.68,-0.008,1104261.0,130148751.0,1.1742,-0.07,3699463887,3699463887,3148479904.0,1.189,1.19,1.175,1.183,1.27,3.51,1.99,6054194.0,4.65
159292,创业板综增强ETF华宝,1.16,-0.68,-0.008,4792.0,555533.8,1.1628,0.24,203219856,203219856,175189531.0,1.159,1.168,1.153,1.168,1.28,0.27,0.33,-63203.0,-11.38
510370,沪深300ETF兴业,1.02,-0.68,-0.007,6311.0,644356.0,1.0208,0.08,89003262,89003262,87258100.0,1.027,1.027,1.017,1.027,0.97,0.72,0.71,68415.0,10.62
560510,中证A500ETF泰康,1.17,-0.68,-0.008,196428.0,22958821.0,1.1704,0.03,2961301468,2961301468,2531026896.0,1.167,1.176,1.164,1.178,1.02,0.78,0.77,-3837967.0,-16.72
516530,物流ETF银华,1.022,-0.68,-0.007,1601.0,163950.0,1.0208,-0.12,18193951,18193951,17802300.0,1.03,1.033,1.021,1.029,1.17,0.9,0.34,100798.0,61.48
512670,国防ETF鹏华,0.733,-0.68,-0.005,399748.0,29204052.0,0.7331,0.01,1596219362,1596219362,2177652608.0,0.733,0.737,0.724,0.738,1.76,1.84,0.7,-2493380.0,-8.54
513230,港股通消费ETF华夏,0.88,-0.68,-0.006,157327.0,13872373.0,0.8787,-0.15,289011980,289011980,328422704.0,0.885,0.889,0.88,0.886,1.02,4.79,1.66,689346.0,4.97
159120,港股通科技ETF国联安,0.73,-0.68,-0.005,53106.0,3877779.1,0.7368,0.92,110247860,110247860,151024466.0,0.734,0.735,0.726,0.735,1.22,3.52,0.62,-320684.0,-8.27
515210,钢铁ETF国泰,1.164,-0.68,-0.008,299718.0,34907135.0,1.1639,-0.01,1080455176,1080455176,928226096.0,1.172,1.174,1.158,1.172,1.37,3.23,1.12,-4097820.0,-11.74
512910,A100ETF广发,1.307,-0.68,-0.009,52327.0,6856042.0,1.3091,0.16,171385342,171385342,131128800.0,1.308,1.315,1.306,1.316,0.68,3.99,1.67,21917.0,0.32
159973,民企ETF弘毅远方,1.904,-0.68,-0.013,564.0,107190.6,1.9063,0.12,380755109,380755109,199976423.0,1.906,1.91,1.9,1.917,0.52,0.03,0.2,-571.0,-0.53
512520,MSCI中国ETF华泰柏瑞,1.448,-0.69,-0.01,2854.0,413306.0,1.4497,0.12,65241667,65241667,45056400.0,1.448,1.452,1.443,1.458,0.62,0.63,1.11,-55545.0,-13.44
589350,科创芯片设计ETF银华,0.721,-0.69,-0.005,94784.0,6797665.0,0.7207,-0.04,174684962,174684962,242281500.0,0.707,0.729,0.702,0.726,3.72,3.91,0.77,-38425.0,-0.57
563560,科技成长ETF兴业,1.151,-0.69,-0.008,25577.0,2939500.0,1.1549,0.34,63039119,63039119,54769000.0,1.136,1.162,1.136,1.159,2.24,4.67,0.87,483926.0,16.46
515200,创新100ETF申万菱信,2.44,-0.69,-0.017,15792.0,3862513.0,2.4561,0.66,95021408,95021408,38943200.0,2.417,2.504,2.417,2.457,3.54,4.06,4.16,825443.0,21.37
159538,信创ETF富国,0.861,-0.69,-0.006,54963.0,4727284.6,0.8638,0.32,196832320,196832320,228608966.0,0.849,0.871,0.849,0.867,2.54,2.4,0.68,1020353.0,21.58
520980,港股通科技ETF汇添富,0.851,-0.7,-0.006,1227368.0,104540981.0,0.8534,0.28,2742251344,2742251344,3222387008.0,0.858,0.859,0.846,0.857,1.52,3.81,0.83,-1463266.0,-1.4
159052,新能源电池ETF嘉实,0.852,-0.7,-0.006,27379.0,2313922.316,0.8542,0.26,166077030,166077030,194926092.0,0.842,0.858,0.84,0.858,2.1,1.4,1.31,151437.0,6.54
159238,沪深300增强ETF景顺,1.281,-0.7,-0.009,7001.0,898464.0,1.2823,0.1,69194734,69194734,54016186.0,1.29,1.291,1.279,1.29,0.93,1.3,0.24,-173346.0,-19.29
159240,A500增强ETF天弘,1.27,-0.7,-0.009,737.0,93517.1,1.2717,0.13,26187116,26187116,20619776.0,1.267,1.275,1.265,1.279,0.78,0.36,0.08,-126.0,-0.13
560020,红利ETF汇添富,1.13,-0.7,-0.008,41457.0,4701563.0,1.1322,0.19,153185060,153185060,135562000.0,1.142,1.145,1.13,1.138,1.32,3.06,2.6,1925551.0,40.96
159016,证券ETF广发,0.989,-0.7,-0.007,103117.0,10214750.48,0.991,0.2,379815718,379815718,384040160.0,0.998,0.998,0.988,0.996,1.0,2.69,0.85,-939959.0,-9.2
512080,A500ETF中金,1.281,-0.7,-0.009,50623.0,6475219.0,1.2821,0.09,1009666389,1009666389,788186096.0,1.282,1.287,1.273,1.29,1.09,0.64,0.25,-83785.0,-1.29
159362,A500ETF工银,1.285,-0.7,-0.009,118010.0,15176358.268,1.286,0.08,2072936547,2072936547,1613180192.0,1.291,1.291,1.278,1.294,1.0,0.73,0.7,534203.0,3.52
159857,光伏ETF天弘,0.714,-0.7,-0.005,529518.0,37651036.6,0.7134,-0.08,1581164230,1581164230,2214515728.0,0.713,0.717,0.703,0.719,1.95,2.39,1.23,-331897.0,-0.88
159187,创业板新能源ETF景顺,0.846,-0.7,-0.006,11027.0,932509.388,0.8469,0.11,44987121,44987121,53176266.0,0.852,0.853,0.841,0.852,1.41,2.07,0.61,16056.0,1.72
515560,证券ETF建信,0.976,-0.71,-0.007,60531.0,5909602.0,0.9769,0.09,193134101,193134101,197883300.0,0.985,0.985,0.974,0.983,1.12,3.06,0.95,306648.0,5.19
515800,中证800ETF汇添富,1.264,-0.71,-0.009,311413.0,39379828.0,1.2666,0.21,5087520621,5087520621,4024937200.0,1.262,1.27,1.257,1.273,1.02,0.77,1.03,3964020.0,10.07
561880,A100ETF华富,1.264,-0.71,-0.009,15860.0,2006858.0,1.2653,0.1,101611696,101611696,80389000.0,1.264,1.27,1.262,1.273,0.63,1.97,1.42,609244.0,30.36
563000,中国A50ETF易方达,1.116,-0.71,-0.008,62913.0,7046225.0,1.1176,0.14,1747601432,1747601432,1565951104.0,1.12,1.124,1.115,1.124,0.8,0.4,0.71,-371156.0,-5.27
530100,上证580ETF易方达,1.119,-0.71,-0.008,15363.0,1714868.0,1.1227,0.33,135058824,135058824,120696000.0,1.116,1.127,1.106,1.127,1.86,1.27,1.17,11030.0,0.64
513070,港股通消费ETF易方达,1.115,-0.71,-0.008,449478.0,50237509.0,1.1132,-0.16,1490488292,1490488292,1336760800.0,1.123,1.127,1.114,1.123,1.16,3.36,0.99,-953455.0,-1.9
562910,高端制造ETF易方达,0.826,-0.72,-0.006,30459.0,2515933.0,0.8267,0.08,243031746,243031746,294227296.0,0.828,0.831,0.821,0.832,1.2,1.04,0.49,-286611.0,-11.39
510380,沪深300ETF国寿,1.37,-0.72,-0.01,2392.0,327840.0,1.3738,0.28,2010889288,2010889288,1467802400.0,1.37,1.376,1.367,1.38,0.65,0.02,0.37,-49023.0,-14.95
159610,中证500增强ETF景顺,1.243,-0.72,-0.009,46479.0,5767802.388,1.2442,0.1,202072281,202072281,162568207.0,1.252,1.252,1.233,1.252,1.52,2.86,1.61,2733825.0,47.4
520620,恒生消费ETF嘉实,0.828,-0.72,-0.006,17280.0,1431701.0,0.8275,-0.06,246254659,246254659,297409008.0,0.826,0.834,0.826,0.834,0.96,0.58,0.86,103902.0,7.26
588940,科创50ETF富国,0.825,-0.72,-0.006,791142.0,65050846.0,0.8247,-0.04,2477343000,2477343000,3002840000.0,0.818,0.834,0.81,0.831,2.89,2.63,0.8,-6856458.0,-10.54
563880,A500ETF汇添富,1.239,-0.72,-0.009,450594.0,55782342.0,1.2387,-0.02,1916728540,1916728540,1546996400.0,1.246,1.246,1.231,1.248,1.2,2.91,1.0,-720541.0,-1.29
159623,成渝经济圈ETF博时,0.959,-0.72,-0.007,22682.0,2180052.7,0.961,0.21,2964529556,2964529556,3091271696.0,0.966,0.966,0.957,0.966,0.93,0.07,0.44,-629148.0,-28.86
510290,上证380ETF南方,2.606,-0.72,-0.019,12348.0,3213742.0,2.6125,0.25,147105833,147105833,56448900.0,2.6,2.625,2.589,2.625,1.37,2.19,1.61,195900.0,6.1
159255,通用航空ETF易方达,0.825,-0.72,-0.006,29915.0,2460184.4,0.8279,0.35,57204566,57204566,69338868.0,0.831,0.831,0.815,0.831,1.93,4.31,2.1,55301.0,2.25
563660,A500ETF银河,1.231,-0.73,-0.009,3256.0,400018.0,1.2315,0.04,77657881,77657881,63085200.0,1.228,1.234,1.227,1.24,0.56,0.52,0.4,-7677.0,-1.92
515000,科技ETF华宝,1.226,-0.73,-0.009,554164.0,67557996.0,1.226,0.0,3838090217,3838090217,3130579296.0,1.213,1.237,1.202,1.235,2.83,1.77,0.74,-5486685.0,-8.12
159528,国企改革ETF富国,1.224,-0.73,-0.009,377.0,46096.2,1.2264,0.2,8960626,8960626,7320773.0,1.223,1.224,1.221,1.233,0.24,0.51,0.2,28758.0,62.39
159729,互联网ETF汇添富,0.68,-0.73,-0.005,1084.0,73826.8,0.6837,0.54,45397230,45397230,66760633.0,0.682,0.683,0.678,0.685,0.73,0.16,0.25,41787.0,56.6
159864,光伏ETF国泰,0.546,-0.73,-0.004,91492.0,4961281.5,0.546,0.0,343721650,343721650,629526832.0,0.549,0.549,0.538,0.55,2.0,1.45,0.85,836062.0,16.85
159791,300ESGETF华夏,1.09,-0.73,-0.008,1670.0,182407.3,1.0928,0.26,33880848,33880848,31083347.0,1.095,1.095,1.09,1.098,0.46,0.54,0.1,-6628.0,-3.63
159337,中证500ETF东财,1.756,-0.73,-0.013,37875.0,6639986.1,1.7574,0.08,491171828,491171828,279710608.0,1.754,1.767,1.739,1.769,1.58,1.35,0.7,512704.0,7.72
159850,恒生国企ETF华夏,0.814,-0.73,-0.006,50389.0,4114527.036,0.8164,0.29,370945088,370945088,455706496.0,0.82,0.822,0.813,0.82,1.1,1.11,0.51,276434.0,6.72
520920,恒生科技ETF天弘,0.676,-0.73,-0.005,1238019.0,83817107.0,0.6783,0.34,12691236893,12691236893,18774019072.0,0.681,0.682,0.673,0.681,1.32,0.66,1.11,-4985602.0,-5.95
530380,上证380ETF易方达,1.092,-0.73,-0.008,56948.0,6236035.0,1.0935,0.14,151465860,151465860,138705000.0,1.1,1.102,1.083,1.1,1.73,4.11,6.45,378179.0,6.06
159968,中证500ETF博时,10.043,-0.73,-0.074,9753.0,9758604.2,10.021,-0.22,647724269,647724269,64495098.0,10.1,10.1,9.934,10.117,1.64,1.51,1.42,-726105.0,-7.44
588510,科创创业人工智能ETF华夏,0.804,-0.74,-0.006,40090.0,3228520.0,0.806,0.25,267872706,267872706,333175008.0,0.794,0.815,0.793,0.81,2.72,1.2,0.38,435665.0,13.49
512990,MSCIA股ETF华夏,2.013,-0.74,-0.015,9590.0,1934858.0,2.0133,0.01,199318000,199318000,99015400.0,2.015,2.021,2.008,2.028,0.64,0.97,0.58,-75857.0,-3.92
159099,云计算ETF华宝,0.943,-0.74,-0.007,30922.0,2908288.316,0.9447,0.18,104305745,104305745,110610546.0,0.945,0.952,0.933,0.95,2.0,2.8,0.48,103864.0,3.57
159935,中证500ETF景顺,2.416,-0.74,-0.018,1553.0,373397.1,2.4218,0.24,64200262,64200262,26572956.0,2.41,2.431,2.391,2.434,1.64,0.58,0.4,-147175.0,-39.42
560560,碳中和ETF泰康,0.67,-0.74,-0.005,10997.0,738825.0,0.671,0.15,48367367,48367367,72190100.0,0.672,0.673,0.668,0.675,0.74,1.52,2.61,-94377.0,-12.77
516910,物流ETF富国,1.186,-0.75,-0.009,86305.0,10272957.0,1.1864,0.03,75479175,75479175,63641800.0,1.2,1.205,1.184,1.195,1.76,13.56,1.44,823857.0,8.02
516050,科技龙头ETF工银,1.321,-0.75,-0.01,42892.0,5624522.0,1.3244,0.26,224871188,224871188,170228000.0,1.32,1.335,1.3,1.331,2.63,2.52,1.02,-62529.0,-1.11
561200,中证A100ETF工银,1.453,-0.75,-0.011,16403.0,2386253.0,1.4559,0.2,45726637,45726637,31470500.0,1.456,1.457,1.453,1.464,0.27,5.21,2.12,33839.0,1.42
520820,恒指港股通ETF汇添富,0.929,-0.75,-0.007,2811.0,261587.0,0.9314,0.26,55444578,55444578,59682000.0,0.939,0.939,0.928,0.936,1.18,0.47,0.33,-27126.0,-10.37
516320,高端装备ETF华夏,0.921,-0.75,-0.007,32433.0,2987719.0,0.9243,0.36,82511745,82511745,89589300.0,0.927,0.927,0.917,0.928,1.08,3.62,1.27,-186677.0,-6.25
517130,云计算ETF嘉实,0.92,-0.76,-0.007,33031.0,3045114.0,0.9201,0.01,166661680,166661680,181154000.0,0.93,0.93,0.915,0.927,1.62,1.82,1.1,-820741.0,-26.95
517050,互联网ETF华泰柏瑞,0.652,-0.76,-0.005,10747.0,702383.0,0.6562,0.64,226638465,226638465,347605008.0,0.657,0.657,0.651,0.657,0.91,0.31,0.71,-87266.0,-12.42
159723,科技龙头ETF汇添富,1.048,-0.76,-0.008,1366.0,142448.3,1.0518,0.36,30418803,30418803,29025575.0,1.042,1.049,1.04,1.056,0.85,0.47,0.68,-55323.0,-38.84
513380,恒生科技ETF广发,0.522,-0.76,-0.004,1626323.0,84973530.0,0.5214,-0.12,9340555682,9340555682,17893784832.0,0.526,0.527,0.52,0.526,1.33,0.91,0.89,-3663022.0,-4.31
159607,中概互联网ETF嘉实,0.787,-0.76,-0.006,492564.0,38908659.7,0.7994,1.55,934821530,934821530,1187829136.0,0.797,0.797,0.786,0.793,1.39,4.15,0.75,-5386361.0,-13.84
159350,深证50ETF富国,1.547,-0.77,-0.012,492198.0,76191784.4,1.5501,0.2,191842916,191842916,124009642.0,1.544,1.558,1.54,1.559,1.15,39.69,2.41,4894487.0,6.42
589280,科创增强ETF华宝,0.897,-0.77,-0.007,79144.0,7104979.0,0.8939,-0.35,138199893,138199893,154069000.0,0.901,0.913,0.879,0.904,3.76,5.14,1.28,-77267.0,-1.09
159259,成长ETF易方达,1.284,-0.77,-0.01,2742178.0,350869517.418,1.2862,0.17,5620962321,5620962321,4377696512.0,1.26,1.3,1.26,1.294,3.09,6.26,1.45,-2500629.0,-0.71
560610,A500ETF招商,1.167,-0.77,-0.009,1059619.0,123878943.0,1.1702,0.27,6251605481,6251605481,5356988416.0,1.167,1.176,1.162,1.176,1.19,1.98,2.03,-6378069.0,-5.15
159886,机械ETF富国,0.903,-0.77,-0.007,19874.0,1798384.6,0.904,0.11,61261827,61261827,67842555.0,0.91,0.914,0.9,0.91,1.54,2.93,1.03,285621.0,15.88
158012,云计算ETF南方,0.904,-0.77,-0.007,34789.0,3146539.387,0.9071,0.34,252510313,252510313,279325568.0,0.903,0.911,0.896,0.911,1.65,1.25,0.45,-9819.0,-0.31
517350,沪港深科技ETF广发,0.899,-0.77,-0.007,12165.0,1095026.0,0.9022,0.35,44088758,44088758,49042000.0,0.896,0.906,0.895,0.906,1.21,2.48,2.13,-128876.0,-11.77
512550,富时A50ETF嘉实,1.8,-0.77,-0.014,10095.0,1819281.0,1.8,0.0,199630800,199630800,110906000.0,1.802,1.806,1.798,1.814,0.44,0.91,0.55,-565807.0,-31.1
159961,深100ETF方正富邦,2.186,-0.77,-0.017,1650.0,360319.7,2.1879,0.09,216949998,216949998,99245196.0,2.181,2.199,2.178,2.203,0.95,0.17,0.21,-262712.0,-72.91
159571,创业板200ETF富国,1.397,-0.78,-0.011,1148.0,160309.2,1.4057,0.62,25120594,25120594,17981814.0,1.389,1.409,1.38,1.408,2.06,0.64,0.41,114194.0,71.23
510500,中证500ETF南方,7.68,-0.78,-0.06,1980009.0,1516037769.0,7.6714,-0.11,38791438664,38791438664,5050968576.0,7.663,7.729,7.594,7.74,1.74,3.92,1.15,-141526016.0,-9.34
589850,科创50ETF东财,1.531,-0.78,-0.012,469670.0,71592817.0,1.5299,-0.07,1168240279,1168240279,763057008.0,1.515,1.546,1.504,1.543,2.72,6.16,0.98,-12302937.0,-17.18
159500,中证500ETF富国,1.152,-0.78,-0.009,54153.0,6219403.1,1.1515,-0.04,245766372,245766372,213338865.0,1.147,1.159,1.139,1.161,1.72,2.54,0.56,-10227.0,-0.16
561780,1000增强ETF博时,1.524,-0.78,-0.012,6311.0,958693.0,1.528,0.26,32546239,32546239,21355800.0,1.521,1.535,1.507,1.536,1.82,2.96,0.49,-87125.0,-9.09
159709,物联网ETF工银,1.664,-0.78,-0.013,1283.0,213487.6,1.665,0.06,35749476,35749476,21484060.0,1.656,1.677,1.648,1.677,1.73,0.6,2.21,31999.0,14.99
560350,中证A50ETF摩根,1.264,-0.78,-0.01,170053.0,21565261.0,1.2661,0.17,1058640569,1058640569,837532096.0,1.269,1.272,1.263,1.274,0.71,2.03,1.59,1628666.0,7.55
159918,中创400ETF嘉实,2.415,-0.78,-0.019,12594.0,3027182.9,2.4175,0.1,73805453,73805453,30561264.0,2.434,2.434,2.383,2.434,2.1,4.12,2.11,-13010.0,-0.43
516570,化工行业ETF易方达,1.014,-0.78,-0.008,107780.0,10985416.0,1.0146,0.06,1138070606,1138070606,1122357600.0,1.022,1.027,1.011,1.022,1.57,0.96,0.76,-36512.0,-0.33
159178,消费电子ETF汇添富,1.01,-0.79,-0.008,57083.0,5701085.5,1.011,0.1,86287324,86287324,85432994.0,0.994,1.016,0.985,1.018,3.05,6.68,0.87,-53103.0,-0.93
159923,中证A100ETF大成,2.14,-0.79,-0.017,20237.0,4342678.1,2.1412,0.06,24151638,24151638,11285812.0,2.145,2.151,2.14,2.157,0.51,17.93,1.36,1622353.0,37.36
159912,深300ETF汇添富,1.895,-0.79,-0.015,12485.0,2363407.2,1.8928,-0.12,124973338,124973338,65948991.0,1.921,1.921,1.88,1.91,2.15,1.89,2.81,-371451.0,-15.72
159249,A500增强ETF工银,1.36,-0.8,-0.011,32976.0,4488703.7,1.3615,0.11,147141015,147141015,108191923.0,1.372,1.374,1.355,1.371,1.39,3.05,0.56,-157616.0,-3.51
159575,创业板200ETF银华,1.367,-0.8,-0.011,6445.0,881516.5,1.3769,0.72,15598051,15598051,11410425.0,1.36,1.377,1.35,1.378,1.96,5.65,1.91,5268.0,0.6
588910,科创价值ETF建信,1.488,-0.8,-0.012,38890.0,5771843.0,1.4885,0.03,148873061,148873061,100049100.0,1.485,1.497,1.462,1.5,2.33,3.89,1.09,-15684.0,-0.27
159601,A50ETF华夏,1.113,-0.8,-0.009,457190.0,50968575.9,1.1117,-0.12,1571097533,1571097533,1411588080.0,1.114,1.119,1.111,1.122,0.71,3.24,1.25,8194125.0,16.08
561770,A100ETF博时,1.238,-0.8,-0.01,1449.0,179598.0,1.2388,0.06,46486900,46486900,37550000.0,1.248,1.248,1.236,1.248,0.96,0.39,0.31,-154342.0,-85.94
510580,中证500ETF易方达,4.04,-0.81,-0.033,368593.0,148568436.0,4.0363,-0.09,4510935948,4510935948,1116568304.0,4.02,4.062,3.994,4.073,1.67,3.3,2.02,10740651.0,7.23
159150,深证50ETF易方达,1.584,-0.81,-0.013,49966.0,7939163.2,1.5879,0.25,147308235,147308235,92997623.0,1.582,1.596,1.579,1.597,1.06,5.37,1.55,-824523.0,-10.39
512510,中证500ETF华泰柏瑞,2.305,-0.82,-0.019,28534.0,6554513.0,2.3055,0.02,999055707,999055707,433429808.0,2.324,2.326,2.28,2.324,1.98,0.66,0.83,-426916.0,-6.51
159287,创业板综ETF博时,1.093,-0.82,-0.009,17142.0,1871584.9,1.0962,0.29,119758647,119758647,109568753.0,1.089,1.102,1.081,1.102,1.91,1.56,0.64,-497423.0,-26.58
159212,深100ETF南方,1.445,-0.82,-0.012,41791.0,6033879.4,1.4457,0.05,102890310,102890310,71204367.0,1.471,1.471,1.438,1.457,2.26,5.87,0.94,696811.0,11.55
159543,国证2000ETF工银,1.447,-0.82,-0.012,23084.0,3324294.8,1.4545,0.52,61058409,61058409,42196551.0,1.464,1.464,1.43,1.459,2.33,5.47,2.8,538950.0,16.21
159903,深成ETF南方,1.675,-0.83,-0.014,159895.0,26692465.5,1.6732,-0.11,740608808,740608808,442154512.0,1.667,1.683,1.658,1.689,1.48,3.62,0.63,-4703976.0,-17.62
512060,A100ETF天弘,1.192,-0.83,-0.01,18030.0,2157625.0,1.1943,0.19,13026176,13026176,10928000.0,1.196,1.199,1.191,1.202,0.67,16.5,1.7,207073.0,9.6
588950,科创50ETF景顺,1.666,-0.83,-0.014,227884.0,37878510.0,1.6672,0.07,1154087674,1154087674,692729696.0,1.643,1.687,1.639,1.68,2.86,3.29,0.76,-7734413.0,-20.42
159922,中证500ETF嘉实,3.116,-0.83,-0.026,1261741.0,392099109.822,3.1167,0.02,8515020809,8515020809,2732676768.0,3.101,3.137,3.082,3.142,1.75,4.62,2.04,-79132303.0,-20.18
589420,科创芯片设计ETF永赢,0.715,-0.83,-0.006,122712.0,8750380.0,0.7161,0.15,259174275,259174275,362481504.0,0.704,0.724,0.704,0.721,2.77,3.39,1.64,23358.0,0.27
516880,光伏ETF银华,0.711,-0.84,-0.006,153331.0,10834318.0,0.7099,-0.15,651236252,651236252,915944096.0,0.711,0.715,0.701,0.717,1.95,1.67,1.66,-521066.0,-4.81
588660,科创创业50ETF兴银,1.766,-0.84,-0.015,15793.0,2784925.0,1.7725,0.37,69481504,69481504,39344000.0,1.764,1.784,1.748,1.781,2.02,4.01,0.93,15556.0,0.56
159783,科创创业50ETF华夏,1.064,-0.84,-0.009,1093889.0,116404221.39,1.0621,-0.18,5449445593,5449445593,5121659392.0,1.059,1.076,1.051,1.073,2.33,2.14,1.25,-7071003.0,-6.07
159781,科创创业ETF易方达,1.058,-0.84,-0.009,1617766.0,170827439.557,1.0561,-0.18,16586118320,16586118320,15676860416.0,1.05,1.069,1.045,1.067,2.25,1.03,0.62,-2335905.0,-1.37
159790,碳中和ETF华夏,0.704,-0.85,-0.006,91125.0,6411269.0,0.7039,-0.01,1083828050,1083828050,1539528480.0,0.707,0.708,0.7,0.71,1.13,0.59,0.58,-769524.0,-12.0
159731,石化ETF华夏,0.928,-0.85,-0.008,265529.0,24769081.9,0.9284,0.04,675004750,675004750,727375808.0,0.936,0.94,0.925,0.936,1.6,3.65,0.95,383151.0,1.55
512360,MSCIA股ETF平安,1.758,-0.85,-0.015,2.0,352.0,1.7652,0.41,48059677,48059677,27337700.0,1.758,1.758,1.758,1.773,0.0,0.0,0.01,175.0,49.72
563280,A50增强ETF富国,1.404,-0.85,-0.012,195.0,27457.0,1.4041,0.01,9416066,9416066,6706600.0,1.404,1.409,1.404,1.416,0.35,0.29,0.2,20714.0,75.44
589800,科创综指ETF易方达,1.521,-0.85,-0.013,315367.0,47770209.0,1.5211,0.01,1740006064,1740006064,1143988208.0,1.51,1.537,1.492,1.534,2.93,2.76,0.87,-1591379.0,-3.33
159665,半导体龙头ETF工银,2.337,-0.85,-0.02,117735.0,27336366.6,2.3394,0.1,594946122,594946122,254576860.0,2.3,2.364,2.287,2.357,3.27,4.62,0.96,-1784110.0,-6.53
515260,电子ETF华宝,0.811,-0.86,-0.007,523532.0,42026455.0,0.8122,0.15,731982972,731982972,902568400.0,0.8,0.819,0.793,0.818,3.18,5.8,1.41,-4124673.0,-9.81
159982,中证500ETF鹏华,2.065,-0.86,-0.018,26109.0,5377820.7,2.0657,0.03,405176237,405176237,196211253.0,2.065,2.083,2.044,2.083,1.87,1.33,0.65,-307594.0,-5.72
516070,低碳ETF易方达,0.579,-0.86,-0.005,29210.0,1690527.0,0.5794,0.07,168863034,168863034,291646000.0,0.579,0.582,0.577,0.584,0.86,1.0,1.11,-11558.0,-0.68
513180,恒生科技ETF华夏,0.575,-0.86,-0.005,20076007.0,1156265859.0,0.5745,-0.09,39992836301,39992836301,69552758784.0,0.579,0.58,0.573,0.58,1.21,2.89,1.0,-73854065.0,-6.39
159145,工业软件ETF广发,0.81,-0.86,-0.007,17744.0,1430648.9,0.8132,0.39,54741294,54741294,67581845.0,0.817,0.817,0.796,0.817,2.57,2.63,0.83,76760.0,5.37
159629,中证1000ETF富国,3.119,-0.86,-0.027,1586111.0,492444461.9,3.1158,-0.1,2873387034,2873387034,921252656.0,3.092,3.132,3.073,3.146,1.88,17.22,1.26,-3797421.0,-0.77
589150,科创50ETF平安,1.153,-0.86,-0.01,61904.0,7104102.0,1.1528,-0.02,896385092,896385092,777437200.0,1.137,1.165,1.133,1.163,2.75,0.8,0.82,-2143885.0,-30.18
517850,张江ETF汇添富,1.249,-0.87,-0.011,4861.0,607114.0,1.2546,0.45,47693315,47693315,38185200.0,1.249,1.256,1.229,1.26,2.14,1.27,1.4,27844.0,4.59
513130,恒生科技ETF华泰柏瑞,0.567,-0.87,-0.005,18517271.0,1052021882.0,0.5664,-0.11,32001676826,32001676826,56440347136.0,0.572,0.572,0.565,0.572,1.22,3.28,1.01,-55091851.0,-5.24
588280,科创50ETF华安,1.143,-0.87,-0.01,178426.0,20402232.0,1.1462,0.28,448194312,448194312,392121008.0,1.131,1.158,1.125,1.153,2.86,4.55,1.19,-971916.0,-4.76
159740,恒生科技ETF大成,0.567,-0.87,-0.005,7124739.0,405144331.9,0.5674,0.07,14451764367,14451764367,25488120576.0,0.573,0.573,0.566,0.572,1.22,2.8,1.03,-35110130.0,-8.67
159741,恒生科技ETF嘉实,0.57,-0.87,-0.005,697092.0,39778800.0,0.5745,0.78,785914130,785914130,1378796720.0,0.575,0.576,0.568,0.575,1.39,5.06,1.09,-1958227.0,-4.92
159290,创业板综指增强ETF东财,1.125,-0.88,-0.01,12157.0,1368159.0,1.1272,0.2,50737946,50737946,45100396.0,1.133,1.135,1.112,1.135,2.03,2.7,0.9,298877.0,21.85
563550,A500增强ETF摩根,1.232,-0.88,-0.011,144550.0,17817075.0,1.2332,0.1,101712688,101712688,82559000.0,1.231,1.238,1.227,1.243,0.88,17.51,2.64,-831589.0,-4.67
562520,中证1000成长ETF华夏,1.339,-0.89,-0.012,25632.0,3427975.0,1.344,0.37,32896552,32896552,24568000.0,1.345,1.349,1.328,1.351,1.55,10.43,0.89,-33625.0,-0.98
512500,中证500ETF华夏,4.341,-0.89,-0.039,800548.0,346940417.0,4.3432,0.05,7855511801,7855511801,1809608800.0,4.327,4.371,4.295,4.38,1.74,4.42,1.17,-294627.0,-0.08
159691,港股红利ETF工银,1.226,-0.89,-0.011,694578.0,85490668.3,1.2233,-0.22,4433585507,4433585507,3616301392.0,1.242,1.244,1.226,1.237,1.46,1.92,1.22,1086932.0,1.27
512190,浙商之江凤凰ETF,2.89,-0.89,-0.026,3517.0,1013776.0,2.8878,-0.08,574296176,574296176,198718400.0,2.916,2.916,2.878,2.916,1.3,0.18,0.27,-304250.0,-30.01
159820,中证500ETF天弘,1.332,-0.89,-0.012,40350.0,5358210.9,1.3332,0.09,1806736074,1806736074,1356408464.0,1.323,1.344,1.317,1.344,2.01,0.3,1.09,-447161.0,-8.35
562300,碳中和ETF银华,0.67,-0.89,-0.006,2476.0,165664.0,0.6703,0.04,39191650,39191650,58495000.0,0.672,0.672,0.667,0.676,0.74,0.42,0.29,53816.0,32.49
159716,深证100ETF华宝,1.104,-0.9,-0.01,13513.0,1494114.3,1.1047,0.06,61456072,61456072,55666732.0,1.105,1.111,1.099,1.114,1.08,2.43,0.67,74312.0,4.97
561350,中证500ETF国泰,1.217,-0.9,-0.011,153215.0,18630371.0,1.2188,0.15,89692900,89692900,73700000.0,1.216,1.227,1.206,1.228,1.71,20.79,1.33,2724373.0,14.62
159995,芯片ETF华夏,1.107,-0.9,-0.01,4861265.0,533954969.526,1.1066,-0.04,26569246641,26569246641,24001126144.0,1.095,1.12,1.082,1.117,3.4,2.03,1.21,-29606419.0,-5.54
563030,中证500增强ETF易方达,1.546,-0.9,-0.014,17931.0,2767114.0,1.5415,-0.29,196603274,196603274,127169000.0,1.544,1.553,1.532,1.56,1.35,1.41,0.76,-1038129.0,-37.52
562970,光伏ETF易方达,0.976,-0.91,-0.009,85430.0,8304104.0,0.9754,-0.06,352773248,352773248,361448000.0,0.978,0.98,0.961,0.985,1.93,2.36,1.1,297225.0,3.58
560050,中国A50ETF汇添富,1.088,-0.91,-0.01,384132.0,41893473.0,1.0898,0.17,2358168627,2358168627,2167434400.0,1.096,1.096,1.087,1.098,0.82,1.77,1.01,7062940.0,16.86
513750,港股通非银ETF广发,1.509,-0.92,-0.014,1567273.0,237405933.0,1.5122,0.21,12289051470,12289051470,8143837952.0,1.53,1.531,1.506,1.523,1.64,1.92,0.65,-16978929.0,-7.15
589600,科创综指ETF富国,1.512,-0.92,-0.014,81504.0,12293137.0,1.5104,-0.11,334960920,334960920,221535000.0,1.51,1.526,1.484,1.526,2.75,3.68,1.23,-145434.0,-1.18
589000,科创综指ETF华夏,1.51,-0.92,-0.014,333667.0,50081360.0,1.5111,0.07,1587776790,1587776790,1051507808.0,1.51,1.525,1.483,1.524,2.76,3.17,1.04,547221.0,1.09
512370,A500增强ETF华夏,1.184,-0.92,-0.011,8665.0,1026475.0,1.1856,0.13,357938601,357938601,302313008.0,1.199,1.2,1.18,1.195,1.67,0.29,0.5,-139284.0,-13.57
563750,中证500ETF汇添富,1.072,-0.92,-0.01,45970.0,4924077.0,1.0731,0.1,361518073,361518073,337237008.0,1.072,1.08,1.062,1.082,1.66,1.36,0.72,420576.0,8.54
159602,中国A50ETF南方,1.078,-0.92,-0.01,21510.0,2323526.9,1.0791,0.1,436097294,436097294,404542944.0,1.082,1.085,1.078,1.088,0.64,0.53,0.52,-31726.0,-1.37
159966,创业板价值ETF华夏,0.537,-0.92,-0.005,96041.0,5166554.975,0.538,0.19,344753742,344753742,641999520.0,0.542,0.542,0.534,0.542,1.48,1.5,1.11,-2636.0,-0.05
560230,光伏ETF富国,0.749,-0.93,-0.007,3260.0,243053.0,0.7491,0.01,62832861,62832861,83889000.0,0.749,0.753,0.739,0.756,1.85,0.39,0.3,-23592.0,-9.71
515880,通信ETF国泰,0.642,-0.93,-0.006,27048130.0,1730805952.0,0.6433,0.2,40426594959,40426594959,62969774080.0,0.63,0.652,0.629,0.648,3.55,4.3,0.95,26863392.0,1.55
563650,中证A500ETF兴业,1.265,-0.94,-0.012,65733.0,8315329.0,1.2656,0.05,182044885,182044885,143909000.0,1.265,1.27,1.26,1.277,0.78,4.57,1.22,-203295.0,-2.44
589260,科创芯片设计ETF国泰,1.164,-0.94,-0.011,27990.0,3253087.0,1.1692,0.44,64201584,64201584,55156000.0,1.151,1.182,1.146,1.175,3.06,5.07,1.03,175660.0,5.4
561590,中证1000增强ETF华泰柏瑞,1.47,-0.94,-0.014,10729.0,1571614.0,1.4718,0.12,149204412,149204412,101499600.0,1.469,1.483,1.452,1.484,2.09,1.06,0.43,-244764.0,-15.57
589210,科创芯片设计ETF广发,0.634,-0.94,-0.006,507159.0,32078407.0,0.6355,0.24,827330692,827330692,1304938000.0,0.623,0.643,0.623,0.64,3.13,3.89,1.5,-151606.0,-0.47
589700,科创成长ETF南方,2.113,-0.94,-0.02,26257.0,5521701.0,2.1117,-0.06,68230883,68230883,32291000.0,2.077,2.138,2.066,2.133,3.38,8.13,0.61,1142133.0,20.68
516800,智能制造ETF华宝,0.938,-0.95,-0.009,38919.0,3633423.0,0.9418,0.4,171004904,171004904,182308000.0,0.93,0.948,0.923,0.947,2.64,2.13,0.92,94872.0,2.61
520570,恒生科技ETF南方,0.729,-0.95,-0.007,706418.0,51628728.0,0.7252,-0.52,2490173604,2490173604,3415876000.0,0.735,0.739,0.728,0.736,1.49,2.07,1.06,-3120158.0,-6.04
159721,深证100ETF永赢,1.039,-0.95,-0.01,286.0,29829.1,1.0415,0.24,70061532,70061532,67431696.0,1.049,1.049,1.039,1.049,0.95,0.04,0.02,-14643.0,-49.09
589680,科创综指ETF鹏华,1.466,-0.95,-0.014,429670.0,62796995.0,1.465,-0.07,2037657458,2037657458,1389943696.0,1.452,1.481,1.439,1.48,2.84,3.09,0.67,-2068881.0,-3.29
515790,光伏ETF华泰柏瑞,0.834,-0.95,-0.008,1005121.0,83487724.0,0.8344,0.05,5023593903,5023593903,6023493888.0,0.834,0.838,0.822,0.842,1.9,1.67,0.93,1617413.0,1.94
588180,科创50ETF国联安,1.039,-0.95,-0.01,121833.0,12612242.0,1.0415,0.24,767149490,767149490,738353696.0,1.041,1.052,1.024,1.049,2.67,1.65,0.94,-195261.0,-1.55
512180,MSCIA股ETF建信,1.668,-0.95,-0.016,23.0,3836.0,1.6754,0.44,80144064,80144064,48048000.0,1.668,1.668,1.668,1.684,0.0,0.0,0.09,3502.0,91.29
159523,沪深300成长ETF华夏,1.24,-0.96,-0.012,35813.0,4455222.9,1.2419,0.15,84961512,84961512,68517348.0,1.247,1.252,1.238,1.252,1.12,5.23,0.91,588018.0,13.2
159679,中证1000增强ETF国泰,1.243,-0.96,-0.012,27524.0,3416665.2,1.247,0.32,68724421,68724421,55289156.0,1.253,1.253,1.225,1.255,2.23,4.98,1.12,-168147.0,-4.92
588770,科创信息ETF摩根,1.758,-0.96,-0.017,52100.0,9193960.0,1.761,0.17,553061709,553061709,314597104.0,1.74,1.782,1.73,1.775,2.93,1.66,1.53,-732638.0,-7.97
516290,光伏ETF汇添富,0.517,-0.96,-0.005,107794.0,5541697.0,0.5168,-0.04,381130795,381130795,737196896.0,0.518,0.52,0.509,0.522,2.11,1.46,0.93,-348322.0,-6.29
159640,碳中和龙头ETF工银,0.925,-0.96,-0.009,810.0,75390.8,0.9275,0.27,55356808,55356808,59845198.0,0.934,0.934,0.925,0.934,0.96,0.14,0.09,-20717.0,-27.48
510530,中证500ETF工银,8.622,-0.96,-0.084,1586.0,1365289.0,8.6352,0.15,405056387,405056387,46979400.0,8.619,8.685,8.544,8.706,1.62,0.34,0.37,-70343.0,-5.15
589400,科创芯片设计ETF富国,0.711,-0.97,-0.007,38995.0,2761874.0,0.7129,0.27,204615277,204615277,287785200.0,0.711,0.72,0.701,0.718,2.65,1.36,0.55,53007.0,1.92
159517,中证800增强ETF银华,1.329,-0.97,-0.013,19738.0,2619332.8,1.3307,0.13,11618947,11618947,8742624.0,1.339,1.339,1.323,1.342,1.19,22.58,1.0,-7628.0,-0.29
588110,科创成长ETF广发,0.61,-0.97,-0.006,729335.0,44308352.0,0.6103,0.05,630149520,630149520,1033032000.0,0.603,0.619,0.596,0.616,3.73,7.06,0.92,1798225.0,4.06
159885,碳中和ETF鹏华,0.711,-0.97,-0.007,2282.0,162798.8,0.7126,0.22,175238262,175238262,246467316.0,0.727,0.727,0.708,0.718,2.65,0.09,0.74,-20870.0,-12.82
159706,深证100ETF华安,0.917,-0.97,-0.009,21740.0,1997266.5,0.9182,0.13,37034696,37034696,40386800.0,0.919,0.922,0.912,0.926,1.08,5.38,1.04,-10558.0,-0.53
588720,科创50ETF中银,1.619,-0.98,-0.016,23693.0,3841485.0,1.6227,0.23,177671974,177671974,109741800.0,1.618,1.64,1.594,1.635,2.81,2.16,0.8,-922613.0,-24.02
589660,科创综指ETF南方,1.523,-0.98,-0.015,365795.0,55511660.0,1.5211,-0.12,428770190,428770190,281530000.0,1.507,1.54,1.494,1.538,2.99,12.99,1.47,-455500.0,-0.82
159813,半导体ETF鹏华,0.709,-0.98,-0.007,1974884.0,139092087.877,0.7079,-0.16,6382222974,6382222974,9001724928.0,0.703,0.718,0.693,0.716,3.49,2.19,0.81,-7010802.0,-5.04
513260,恒生科技ETF汇添富,1.106,-0.98,-0.011,906522.0,100441966.0,1.1045,-0.14,5218376838,5218376838,4718243072.0,1.115,1.117,1.103,1.117,1.25,1.92,0.9,-6345022.0,-6.32
562380,央企科技ETF银华,1.208,-0.98,-0.012,5298.0,634455.0,1.2114,0.28,86527711,86527711,71628900.0,1.22,1.22,1.189,1.22,2.54,0.74,0.19,-37678.0,-5.94
515370,光伏ETF华夏,0.797,-0.99,-0.008,116581.0,9247548.0,0.7972,0.03,764891267,764891267,959713008.0,0.798,0.8,0.786,0.805,1.74,1.21,1.07,-581170.0,-6.28
159801,芯片ETF广发,1.098,-0.99,-0.011,1009851.0,110142002.977,1.0975,-0.05,4936739830,4936739830,4496120064.0,1.081,1.112,1.074,1.109,3.43,2.25,1.03,4514822.0,4.1
588370,科创50增强ETF南方,1.692,-0.99,-0.017,16257.0,2747045.0,1.695,0.18,132436224,132436224,78272000.0,1.688,1.711,1.669,1.709,2.46,2.08,0.51,-180149.0,-6.56
159583,通信ETF富国,1.589,-1.0,-0.016,1568540.0,247992445.1,1.5886,-0.03,3881280112,3881280112,2442592896.0,1.56,1.612,1.56,1.605,3.24,6.42,0.9,-1099707.0,-0.44
159123,光伏ETF嘉实,0.892,-1.0,-0.009,76818.0,6835384.3,0.8941,0.23,343461945,343461945,385047024.0,0.891,0.898,0.88,0.901,2.0,2.0,2.44,71310.0,1.04
159675,创业板增强ETF嘉实,1.391,-1.0,-0.014,24426.0,3397752.6,1.3963,0.38,88810747,88810747,63846691.0,1.391,1.407,1.382,1.405,1.78,3.83,0.85,209588.0,6.17
589880,科创综指ETF建信,1.49,-1.0,-0.015,95536.0,14187938.0,1.4902,0.01,685394040,685394040,459996000.0,1.506,1.506,1.464,1.505,2.79,2.08,0.76,-451606.0,-3.18
516640,芯片ETF富国,1.391,-1.0,-0.014,666103.0,92027886.0,1.3917,0.05,1875739575,1875739575,1348482800.0,1.379,1.407,1.36,1.405,3.35,4.94,1.14,6082790.0,6.61
512220,TMTETF景顺,3.68,-1.0,-0.037,56720.0,20714814.0,3.6789,-0.03,767160768,767160768,208467600.0,3.623,3.72,3.604,3.717,3.12,2.72,1.75,1783946.0,8.61
588400,科创创业ETF嘉实,1.079,-1.01,-0.011,358531.0,38648144.0,1.0785,-0.05,1444350056,1444350056,1338600608.0,1.07,1.091,1.066,1.09,2.29,2.68,1.38,-236800.0,-0.61
513890,恒生科技ETF摩根,0.88,-1.01,-0.009,141222.0,12446815.0,0.8804,0.05,790352640,790352640,898128000.0,0.887,0.889,0.878,0.889,1.24,1.57,0.85,-1805374.0,-14.5
159909,TMT50ETF招商,1.276,-1.01,-0.013,16137.0,2052744.1,1.2793,0.26,678273112,678273112,531562000.0,1.261,1.288,1.255,1.289,2.56,0.3,0.63,122386.0,5.96
588380,科创创业ETF富国,1.081,-1.01,-0.011,472168.0,50995026.0,1.0802,-0.07,2882778370,2882778370,2666770000.0,1.075,1.093,1.068,1.092,2.29,1.77,0.85,-5196557.0,-10.19
520520,恒生消费ETF华泰柏瑞,0.967,-1.02,-0.01,12340.0,1194011.0,0.9679,0.09,52804002,52804002,54606000.0,0.97,0.977,0.966,0.977,1.13,2.26,0.96,579615.0,48.54
520590,恒生科技ETF鹏华,0.776,-1.02,-0.008,49257.0,3832684.0,0.7764,0.05,152278360,152278360,196235000.0,0.784,0.785,0.775,0.784,1.28,2.51,0.83,-53858.0,-1.41
159782,双创50ETF银华,1.061,-1.03,-0.011,146628.0,15531624.5,1.0599,-0.1,592239879,592239879,558190272.0,1.06,1.073,1.05,1.072,2.15,2.63,0.96,-3139788.0,-20.22
560950,中证500增强ETF汇添富,1.341,-1.03,-0.014,5958.0,802942.0,1.3442,0.24,20762703,20762703,15483000.0,1.342,1.352,1.335,1.355,1.25,3.85,1.53,77369.0,9.64
159780,科创创业50ETF南方,1.058,-1.03,-0.011,471248.0,49759630.467,1.0604,0.23,3781766593,3781766593,3574448576.0,1.054,1.07,1.046,1.069,2.25,1.32,0.62,-3678331.0,-7.39
588390,科创创业ETF博时,1.158,-1.03,-0.012,33068.0,3834819.0,1.1578,-0.02,184047772,184047772,158935900.0,1.159,1.172,1.146,1.17,2.22,2.08,0.89,-410846.0,-10.71
561410,光伏ETF工银,0.965,-1.03,-0.01,84395.0,8110243.0,0.9675,0.26,245701794,245701794,254613258.0,0.951,0.975,0.951,0.975,2.46,3.31,0.64,470989.0,5.81
159219,深证100ETF融通,1.344,-1.03,-0.014,199.0,26818.4,1.3474,0.25,11273496,11273496,8388018.0,1.372,1.372,1.343,1.358,2.14,0.24,0.03,4884.0,18.21
512760,芯片ETF国泰,1.055,-1.03,-0.011,2044010.0,214317176.0,1.0549,-0.01,10140075007,10140075007,9611445504.0,1.047,1.067,1.031,1.066,3.38,2.13,0.95,-2646804.0,-1.23
513580,恒生科技ETF华安,0.572,-1.04,-0.006,577481.0,33088213.0,0.5774,0.94,3468675505,3468675505,6064118016.0,0.579,0.579,0.57,0.578,1.56,0.95,0.96,-2870437.0,-8.68
159560,芯片ETF景顺,2.195,-1.04,-0.023,51112.0,11139935.0,2.1921,-0.13,434426630,434426630,197916460.0,2.163,2.218,2.142,2.218,3.43,2.58,0.88,-1664945.0,-14.95
560550,碳中和ETF广发,0.954,-1.04,-0.01,5030.0,481407.0,0.9543,0.03,119819920,119819920,125597400.0,0.96,0.962,0.952,0.964,1.04,0.4,1.14,77396.0,16.08
159620,中证500成长ETF华夏,1.234,-1.04,-0.013,25861.0,3189135.4,1.2373,0.27,35959913,35959913,29140934.0,1.238,1.243,1.225,1.247,1.44,8.87,1.12,217943.0,6.83
159943,深证成指ETF大成,1.513,-1.05,-0.016,157253.0,23781729.3,1.5138,0.05,293869872,293869872,194229922.0,1.507,1.523,1.505,1.529,1.18,8.1,1.13,-3784193.0,-15.91
589890,科创综指ETF景顺,1.509,-1.05,-0.016,29293.0,4407110.0,1.5079,-0.07,128245383,128245383,84987000.0,1.498,1.524,1.483,1.525,2.69,3.45,1.52,-77395.0,-1.76
560310,光伏ETF博时,0.752,-1.05,-0.008,8234.0,618751.0,0.7537,0.23,139211744,139211744,185122000.0,0.748,0.756,0.744,0.76,1.58,0.44,0.59,-120130.0,-19.41
159211,深证100ETF富国,1.416,-1.05,-0.015,13727.0,1949809.8,1.4206,0.32,27871544,27871544,19683294.0,1.42,1.428,1.413,1.431,1.05,6.97,0.75,-336311.0,-17.25
159975,深100ETF招商,0.748,-1.06,-0.008,10346.0,774427.1,0.7493,0.17,36979444,36979444,49437760.0,0.754,0.754,0.746,0.756,1.06,2.09,0.63,-23948.0,-3.09
159618,光伏ETF华安,0.656,-1.06,-0.007,19237.0,1259407.1,0.6577,0.26,48630203,48630203,74131407.0,0.659,0.66,0.648,0.663,1.81,2.59,1.75,-3162.0,-0.25
589630,科创综指ETF国泰,0.75,-1.06,-0.008,225764.0,16846310.0,0.7513,0.17,261943500,261943500,349258000.0,0.752,0.759,0.737,0.758,2.9,6.46,1.07,215001.0,1.28
159389,数字经济ETF嘉实,1.768,-1.06,-0.019,45925.0,8070462.5,1.771,0.17,237077068,237077068,134093364.0,1.779,1.785,1.737,1.787,2.69,3.42,1.39,343074.0,4.25
560980,光伏龙头ETF广发,0.645,-1.07,-0.007,165272.0,10617433.0,0.645,0.0,215766690,215766690,334522000.0,0.644,0.648,0.634,0.652,2.15,4.94,1.27,-79617.0,-0.75
588260,科创信息ETF华安,2.41,-1.07,-0.026,3772.0,908419.0,2.4197,0.4,112657860,112657860,46746000.0,2.426,2.445,2.376,2.436,2.83,0.81,0.49,-34674.0,-3.82
530530,上证580ETF华夏,1.108,-1.07,-0.012,7709.0,850037.0,1.1124,0.4,148981680,148981680,134460000.0,1.109,1.114,1.093,1.12,1.88,0.57,0.97,156346.0,18.39
516350,芯片ETF易方达,1.574,-1.07,-0.017,527749.0,82503452.0,1.573,-0.06,2342765676,2342765676,1488415296.0,1.555,1.592,1.538,1.591,3.39,3.55,0.86,-1868277.0,-2.26
510570,中证500ETF兴业,1.204,-1.07,-0.013,14244.0,1712006.0,1.2066,0.22,39804962,39804962,33060600.0,1.205,1.211,1.194,1.217,1.4,4.31,1.44,-168019.0,-9.81
588020,科创成长ETF易方达,0.832,-1.07,-0.009,1592610.0,131578359.0,0.8318,-0.02,1666806343,1666806343,2003373008.0,0.82,0.843,0.813,0.841,3.57,7.95,0.76,-282286.0,-0.21
159667,工业母机ETF国泰,0.643,-1.08,-0.007,1085867.0,69574703.7,0.6443,0.2,2374631613,2374631613,3693050720.0,0.64,0.65,0.632,0.65,2.77,2.94,0.66,-6607352.0,-9.5
159656,沪深300成长ETF万家,1.187,-1.08,-0.013,37155.0,4426634.8,1.1894,0.2,270919041,270919041,228238451.0,1.198,1.199,1.184,1.2,1.25,1.63,0.74,-1947771.0,-44.0
588300,科创创业50ETF招商,1.099,-1.08,-0.012,216358.0,23711367.0,1.0984,-0.05,1656424335,1656424335,1507210496.0,1.1,1.111,1.086,1.111,2.25,1.44,0.91,-2219499.0,-9.36
159502,标普生物科技ETF嘉实,1.648,-1.08,-0.018,783231.0,128918620.0,1.6432,-0.29,1842996344,1842996344,1118323024.0,1.647,1.651,1.642,1.666,0.54,7.0,0.78,11637210.0,9.03
159385,数字经济ETF富国,1.744,-1.08,-0.019,13021.0,2252535.0,1.7455,0.09,85460404,85460404,49002525.0,1.749,1.76,1.714,1.763,2.61,2.66,0.64,-474287.0,-21.06
159387,创业板新能源ETF国泰,0.732,-1.08,-0.008,2574301.0,188095195.0,0.7311,-0.12,1095942822,1095942822,1497189648.0,0.734,0.739,0.725,0.74,1.89,17.19,1.33,4196288.0,2.23
512580,环保ETF广发,1.179,-1.09,-0.013,28588.0,3375848.0,1.1811,0.18,665983730,665983730,564871696.0,1.181,1.195,1.174,1.192,1.76,0.51,1.17,95040.0,2.82
560500,500质量成长ETF鹏扬,1.358,-1.09,-0.015,1910.0,259547.0,1.3613,0.24,399712373,399712373,294339008.0,1.363,1.365,1.352,1.373,0.95,0.06,0.21,11934.0,4.6
159518,标普油气ETF嘉实,1.257,-1.1,-0.014,912264.0,114750598.4,1.2575,0.04,2087028998,2087028998,1660325376.0,1.256,1.262,1.254,1.271,0.63,5.49,0.54,3780385.0,3.29
588330,双创50ETF华宝,1.078,-1.1,-0.012,473305.0,51003595.0,1.0811,0.29,1226481357,1226481357,1137737808.0,1.069,1.091,1.066,1.09,2.29,4.16,1.3,-1022796.0,-2.01
589770,科创综指ETF招商,1.529,-1.1,-0.017,105708.0,16134987.0,1.5314,0.16,250097307,250097307,163569200.0,1.531,1.545,1.505,1.546,2.59,6.46,1.24,511218.0,3.17
563630,A500增强ETF国联安,1.256,-1.1,-0.014,14161.0,1781424.0,1.2548,-0.1,47661558,47661558,37947100.0,1.269,1.271,1.255,1.27,1.26,3.73,1.02,-63812.0,-3.58
562560,信息技术ETF华夏,2.167,-1.1,-0.024,5810.0,1252953.0,2.1728,0.27,49332839,49332839,22765500.0,2.161,2.18,2.129,2.191,2.33,2.55,2.08,-4623.0,-0.37
512870,杭州湾区ETF南华,1.42,-1.11,-0.016,1258.0,178499.0,1.4278,0.55,31823052,31823052,22410600.0,1.441,1.441,1.407,1.436,2.37,0.56,0.31,40974.0,22.95
159939,信息技术ETF广发,1.065,-1.11,-0.012,100285.0,10599331.7,1.0666,0.15,836723759,836723759,785656112.0,1.059,1.075,1.042,1.077,3.06,1.28,0.58,325352.0,3.07
159289,创业板综指ETF鹏华,1.065,-1.11,-0.012,12922.0,1369159.1,1.0684,0.32,41431312,41431312,38902640.0,1.075,1.075,0.862,1.077,19.78,3.32,0.62,392329.0,28.65
589060,科创综指ETF东财,1.588,-1.12,-0.018,21875.0,3463563.0,1.5866,-0.09,122494985,122494985,77137900.0,1.593,1.601,1.567,1.606,2.12,2.84,1.29,139103.0,4.02
159388,创业板人工智能ETF国泰,0.97,-1.12,-0.011,681187.0,65674838.55,0.9684,-0.17,832974882,832974882,858736992.0,0.966,0.983,0.957,0.981,2.65,7.93,0.89,782765.0,1.19
588230,科创200ETF华泰柏瑞,1.743,-1.13,-0.02,303451.0,52391327.0,1.7408,-0.13,1280998691,1280998691,734939008.0,1.737,1.757,1.695,1.763,3.52,4.13,0.81,-108091.0,-0.21
562310,沪深300成长ETF银华,1.043,-1.14,-0.012,65706.0,6876517.0,1.0447,0.16,465774913,465774913,446572304.0,1.043,1.053,1.041,1.055,1.14,1.47,0.69,-983983.0,-14.31
562990,碳中和ETF易方达,0.958,-1.14,-0.011,38422.0,3688348.0,0.9595,0.16,361890248,361890248,377756000.0,0.963,0.969,0.955,0.969,1.44,1.02,1.48,-73705.0,-2.0
516180,光伏ETF平安,0.689,-1.15,-0.008,86202.0,5924861.0,0.6895,0.07,103341043,103341043,149987000.0,0.697,0.697,0.68,0.697,2.44,5.75,1.6,-295093.0,-4.98
512030,中证A50增强ETF易方达,1.115,-1.15,-0.013,12398.0,1388650.0,1.1173,0.21,50442600,50442600,45240000.0,1.119,1.123,1.115,1.128,0.71,2.74,0.88,40787.0,2.94
159960,恒生中国企业ETF平安,0.849,-1.16,-0.01,139756.0,11897975.8,0.8531,0.48,44635292,44635292,52573960.0,0.851,0.857,0.846,0.859,1.28,26.58,1.62,536949.0,4.51
516230,光伏ETF招商,0.768,-1.16,-0.009,33590.0,2574663.0,0.7703,0.3,570563334,570563334,742921008.0,0.77,0.773,0.76,0.777,1.67,0.45,0.65,220455.0,8.56
159861,碳中和50ETF国泰,1.024,-1.16,-0.012,8110.0,829574.3,1.0255,0.15,99448356,99448356,97117535.0,1.027,1.029,1.019,1.036,0.97,0.84,0.5,42980.0,5.18
159149,创业板新能源ETF工银,0.851,-1.16,-0.01,32413.0,2761401.3,0.8512,0.02,44690519,44690519,52515298.0,0.856,0.857,0.845,0.861,1.39,6.17,0.85,-90892.0,-3.29
159216,深证100ETF大成,1.451,-1.16,-0.017,7323.0,1066517.4,1.4543,0.23,16031011,16031011,11048250.0,1.453,1.462,1.449,1.468,0.89,6.63,0.53,56431.0,5.29
588070,科创成长ETF万家,2.121,-1.16,-0.025,31075.0,6571217.0,2.1278,0.32,90008877,90008877,42437000.0,2.131,2.155,2.061,2.146,4.38,7.32,0.87,970502.0,14.77
515190,中证500ETF中银证券,1.609,-1.17,-0.019,16792.0,2697447.0,1.612,0.19,472186948,472186948,293466096.0,1.612,1.62,1.596,1.628,1.47,0.57,2.49,-526164.0,-19.51
561950,中证500增强ETF招商,1.353,-1.17,-0.016,44459.0,6018296.0,1.3553,0.17,97627068,97627068,72156000.0,1.356,1.361,1.34,1.369,1.53,6.16,1.78,23338.0,0.39
513010,恒生科技ETF易方达,0.591,-1.17,-0.007,6009634.0,356499366.0,0.5926,0.27,26258311480,26258311480,44430307072.0,0.597,0.598,0.591,0.598,1.17,1.35,1.03,-26167645.0,-7.34
588240,科创200ETF鹏华,1.605,-1.17,-0.019,396435.0,62889663.0,1.6062,0.07,201640965,201640965,125633000.0,1.608,1.62,1.565,1.624,3.39,31.56,2.02,-660678.0,-1.05
589860,科创综指ETF天弘,1.504,-1.18,-0.018,142047.0,21267169.0,1.5054,0.09,268048896,268048896,178224000.0,1.507,1.522,1.48,1.522,2.76,7.97,1.28,-157884.0,-0.74
158006,化工ETF博时,0.996,-1.19,-0.012,5266.0,527392.105,0.997,0.1,40881828,40881828,41046012.0,1.014,1.014,0.992,1.008,2.18,1.28,0.68,58554.0,11.1
560060,碳中和ETF汇添富,0.912,-1.19,-0.011,1009.0,92334.0,0.9132,0.13,69394080,69394080,76090000.0,0.918,0.919,0.91,0.923,0.98,0.13,0.26,-78293.0,-84.79
159742,恒生科技ETF博时,0.582,-1.19,-0.007,915056.0,53411182.8,0.5822,0.03,3654918282,3654918282,6279928320.0,0.588,0.589,0.581,0.589,1.36,1.46,0.9,-5331270.0,-9.98
510590,中证500ETF平安,8.305,-1.2,-0.101,1950.0,1624278.0,8.3439,0.47,1016416561,1016416561,122386100.0,8.322,8.378,8.246,8.406,1.57,0.16,0.22,461823.0,28.43
159606,中证500成长ETF易方达,1.321,-1.2,-0.016,77678.0,10271191.0,1.3228,0.14,531336361,531336361,402222832.0,1.334,1.334,1.313,1.337,1.57,1.93,0.88,2484714.0,24.19
159680,中证1000增强ETF招商,1.628,-1.21,-0.02,315151.0,51030963.017,1.6288,0.05,1666157194,1666157194,1023438080.0,1.625,1.636,1.602,1.648,2.06,3.08,0.81,8281497.0,16.23
159599,芯片ETF东财,2.686,-1.21,-0.033,310644.0,82927765.6,2.6871,0.04,1925384064,1925384064,716822064.0,2.659,2.717,2.626,2.719,3.35,4.33,0.91,901808.0,1.09
159261,创业板新能源ETF鹏华,1.379,-1.22,-0.017,30198.0,4153784.7,1.3791,0.01,65936753,65936753,47814904.0,1.399,1.399,1.368,1.396,2.22,6.32,1.39,-120014.0,-2.89
159576,深证100ETF广发,1.525,-1.23,-0.019,17024.0,2601117.2,1.5267,0.11,57202158,57202158,37509612.0,1.529,1.535,1.517,1.544,1.17,4.54,1.18,14310.0,0.55
589820,科创200ETF建信,1.203,-1.23,-0.015,123049.0,14740144.0,1.2041,0.09,156053401,156053401,129720200.0,1.206,1.212,1.172,1.218,3.28,9.49,2.0,1787647.0,12.13
516920,芯片ETF汇添富,1.35,-1.24,-0.017,147396.0,19765156.0,1.3505,0.04,657400061,657400061,486963008.0,1.331,1.366,1.321,1.367,3.29,3.03,1.04,221967.0,1.12
159012,科创创业50ETF鹏华,0.873,-1.24,-0.011,24722.0,2158091.669,0.8718,-0.14,96799242,96799242,110881148.0,0.867,0.884,0.865,0.884,2.15,2.23,0.57,220567.0,10.22
159863,光伏ETF鹏华,0.559,-1.24,-0.007,27608.0,1537790.7,0.5591,0.02,163635712,163635712,292729360.0,0.574,0.574,0.553,0.566,3.71,0.94,0.91,-509304.0,-33.12
561220,数字经济ETF工银,1.737,-1.25,-0.022,20720.0,3595596.0,1.7416,0.26,79994061,79994061,46053000.0,1.715,1.75,1.706,1.759,2.5,4.5,1.3,-171927.0,-4.78
159541,创业板综ETF万家,1.499,-1.25,-0.019,43820.0,6564619.0,1.5034,0.29,92328396,92328396,61593326.0,1.503,1.516,1.484,1.518,2.11,7.11,1.53,-1244824.0,-18.96
159639,碳中和ETF南方,0.947,-1.25,-0.012,22880.0,2167621.404,0.9488,0.19,192515792,192515792,203290171.0,0.955,0.956,0.945,0.959,1.15,1.13,0.92,-273829.0,-12.63
159009,创业板新能源ETF易方达,0.87,-1.25,-0.011,6034.0,524014.8,0.8701,0.01,51671652,51671652,59392703.0,0.881,0.881,0.865,0.881,1.82,1.02,0.71,1732.0,0.33
589080,科创综指ETF汇添富,1.5,-1.25,-0.019,54390.0,8158563.0,1.5055,0.37,214591500,214591500,143061000.0,1.503,1.52,1.477,1.519,2.83,3.8,0.44,-51931.0,-0.64
159870,化工ETF鹏华,0.786,-1.26,-0.01,2459826.0,194322676.6,0.7862,0.03,13119210159,13119210159,16691107072.0,0.793,0.798,0.781,0.796,2.14,1.47,1.38,-33457724.0,-17.22
588140,科创200ETF广发,1.172,-1.26,-0.015,30863.0,3602908.0,1.1735,0.13,283332172,283332172,241751000.0,1.163,1.184,1.143,1.187,3.45,1.28,0.63,277369.0,7.7
520730,港股通汽车ETF万家,0.781,-1.26,-0.01,7313.0,573549.0,0.7798,-0.15,92466026,92466026,118394400.0,0.784,0.787,0.781,0.791,0.76,0.62,0.59,-186885.0,-32.58
589460,科创200ETF华宝,0.943,-1.26,-0.012,56562.0,5290168.0,0.9446,0.17,213712939,213712939,226630900.0,0.946,0.951,0.92,0.955,3.25,2.5,0.69,-145448.0,-2.75
588350,科创创业50ETF鹏扬,1.65,-1.26,-0.021,9613.0,1583468.0,1.6515,0.09,1063500900,1063500900,644546000.0,1.647,1.666,1.638,1.671,1.68,0.15,0.83,-7952.0,-0.5
159069,创业板新能源ETF华泰柏瑞,1.013,-1.27,-0.013,95419.0,9689337.255,1.0137,0.07,45352456,45352456,44770440.0,1.026,1.026,1.009,1.026,1.66,21.31,1.65,35748.0,0.37
588890,科创芯片ETF南方,3.798,-1.27,-0.049,285083.0,107702926.0,3.7979,0.0,3508630380,3508630380,923810000.0,3.764,3.847,3.717,3.847,3.38,3.09,1.4,-1740143.0,-1.62
589250,科创芯片设计ETF浦银,1.167,-1.27,-0.015,32382.0,3758217.0,1.1691,0.18,101647217,101647217,87101300.0,1.152,1.18,1.145,1.182,2.96,3.72,0.75,-849448.0,-22.6
516380,智能电动车ETF华宝,0.856,-1.27,-0.011,4122.0,355427.0,0.8604,0.51,71432601,71432601,83449300.0,0.87,0.87,0.854,0.867,1.85,0.49,1.37,182277.0,51.28
159076,创业板新能源ETF华宝,0.848,-1.28,-0.011,121134.0,10271374.143,0.8477,-0.04,214012317,214012317,252373015.0,0.85,0.853,0.841,0.859,1.4,4.8,1.48,-735511.0,-7.16
588670,科创综指增强ETF嘉实,1.693,-1.28,-0.022,6969.0,1184549.0,1.6971,0.24,67367856,67367856,39792000.0,1.701,1.712,1.67,1.715,2.45,1.75,1.02,-47136.0,-3.98
588360,科创创业ETF国泰,1.156,-1.28,-0.015,202102.0,23367095.0,1.1564,0.03,253258561,253258561,219081800.0,1.165,1.171,1.144,1.171,2.31,9.22,1.53,-267565.0,-1.15
588690,科创增强ETF银华,1.151,-1.29,-0.015,4397.0,505389.0,1.1571,0.53,59433036,59433036,51636000.0,1.166,1.166,1.135,1.166,2.66,0.85,0.76,67676.0,13.39
588680,科创100增强ETF广发,2.526,-1.29,-0.033,3278.0,819631.0,2.5187,-0.29,81743886,81743886,32361000.0,2.534,2.56,2.485,2.559,2.93,1.01,0.38,30539.0,3.73
588850,科创机械ETF嘉实,1.764,-1.29,-0.023,105310.0,18435259.0,1.7657,0.1,142494156,142494156,80779000.0,1.753,1.785,1.72,1.787,3.64,13.04,1.41,955241.0,5.18
560100,中证500增强ETF南方,1.304,-1.29,-0.017,42544.0,5547031.0,1.3094,0.41,71824711,71824711,55080300.0,1.322,1.322,1.296,1.321,1.97,7.72,1.1,232685.0,4.19
588100,科创信息ETF嘉实,0.832,-1.3,-0.011,78203.0,6509126.0,0.8356,0.43,167852838,167852838,201746200.0,0.838,0.846,0.822,0.843,2.85,3.88,1.2,-200589.0,-3.08
588310,科创创业ETF方正富邦,1.139,-1.3,-0.015,20457.0,2329690.0,1.144,0.44,41730113,41730113,36637500.0,1.152,1.153,1.128,1.154,2.17,5.58,0.68,434637.0,18.66
159243,创业板人工智能ETF招商,1.203,-1.31,-0.016,179529.0,21602335.4,1.2047,0.14,172065359,172065359,143030224.0,1.19,1.223,1.19,1.219,2.71,12.55,0.99,378435.0,1.75
159752,新能源ETF申万菱信,0.602,-1.31,-0.008,16496.0,990839.1,0.6025,0.08,246795265,246795265,409958912.0,0.609,0.609,0.597,0.61,1.97,0.4,0.57,53947.0,5.44
159641,碳中和ETF招商,0.983,-1.31,-0.013,7907.0,781482.6,0.9849,0.19,85244906,85244906,86719131.0,0.992,0.992,0.981,0.996,1.1,0.91,0.66,147061.0,18.82
159773,创业板科技ETF华泰柏瑞,1.279,-1.31,-0.017,264103.0,33734200.8,1.2812,0.17,232654090,232654090,181903120.0,1.293,1.293,1.262,1.296,2.39,14.52,10.26,24490006.0,72.6
159381,创业板人工智能ETF华夏,1.121,-1.32,-0.015,2356154.0,263757536.0,1.1216,0.05,1936138737,1936138737,1727153200.0,1.109,1.137,1.106,1.136,2.73,13.64,1.18,273818.0,0.1
588200,科创芯片ETF嘉实,1.119,-1.32,-0.015,16424275.0,1830309958.0,1.1184,-0.05,47744579326,47744579326,42667184384.0,1.112,1.134,1.095,1.134,3.44,3.85,1.07,-41551072.0,-2.27
515550,中证500ETF国联,1.72,-1.32,-0.023,5683.0,984449.0,1.731,0.64,34994604,34994604,20345700.0,1.726,1.737,1.72,1.743,0.98,2.79,0.76,115952.0,11.78
159279,创业板人工智能ETF华安,1.342,-1.32,-0.018,331387.0,44509130.0,1.343,0.07,225976071,225976071,168387534.0,1.331,1.361,1.324,1.36,2.72,19.68,1.03,-4449226.0,-10.0
159082,化工ETF华夏,0.967,-1.33,-0.013,92963.0,9068581.775,0.9695,0.26,132992682,132992682,137531212.0,0.973,0.991,0.964,0.98,2.76,6.76,0.58,48810.0,0.54
159246,创业板人工智能ETF富国,1.116,-1.33,-0.015,649519.0,72182278.8,1.115,-0.09,3785087650,3785087650,3391655600.0,1.101,1.13,1.101,1.131,2.56,1.92,0.77,3467673.0,4.8
159242,创业板人工智能ETF大成,1.999,-1.33,-0.027,521406.0,103713057.7,1.9962,-0.14,838137873,838137873,419278576.0,1.98,2.025,1.972,2.026,2.62,12.44,1.65,4623478.0,4.46
159603,科创创业ETF天弘,1.63,-1.33,-0.022,33871.0,5534810.3,1.6327,0.17,4143577230,4143577230,2542071920.0,1.649,1.652,1.616,1.652,2.18,0.13,0.84,-247028.0,-4.46
159363,创业板人工智能ETF华宝,1.182,-1.34,-0.016,6083483.0,718980447.308,1.184,0.17,6787244770,6787244770,5742169856.0,1.17,1.201,1.168,1.198,2.75,10.59,1.05,27726787.0,3.86
512770,战略新兴ETF华夏,2.505,-1.34,-0.034,9218.0,2315223.0,2.5202,0.6,246160839,246160839,98267800.0,2.478,2.544,2.478,2.539,2.6,0.94,0.92,-121823.0,-5.26
159368,创业板新能源ETF华夏,0.662,-1.34,-0.009,2255922.0,149335844.9,0.6626,0.09,688863748,688863748,1040579680.0,0.67,0.67,0.657,0.671,1.94,21.68,1.66,5545227.0,3.71
516220,化工ETF国泰,0.878,-1.35,-0.012,69465.0,6124103.0,0.8785,0.06,231941260,231941260,264170000.0,0.884,0.893,0.874,0.89,2.13,2.63,1.08,-402446.0,-6.57
588290,科创芯片ETF华安,1.095,-1.35,-0.015,1035633.0,112934553.0,1.0948,-0.02,5431409119,5431409119,4960190976.0,1.085,1.11,1.073,1.11,3.33,2.09,2.01,-3830314.0,-3.39
516270,新能源ETF华安,0.582,-1.36,-0.008,112992.0,6565591.0,0.5814,-0.1,162325043,162325043,278909008.0,0.589,0.589,0.577,0.59,2.03,4.05,1.51,-106005.0,-1.61
562010,绿色能源ETF华宝,0.871,-1.36,-0.012,650.0,56841.0,0.872,0.11,15938168,15938168,18298700.0,0.879,0.88,0.868,0.883,1.36,0.36,0.42,-16218.0,-28.53
589900,科创综指ETF博时,1.507,-1.37,-0.021,113326.0,17078868.0,1.5104,0.23,277149657,277149657,183908200.0,1.515,1.527,1.486,1.528,2.68,6.16,1.6,-968115.0,-5.67
516120,化工ETF富国,0.86,-1.38,-0.012,478412.0,41316075.0,0.8597,-0.03,4387360589,4387360589,5101582080.0,0.868,0.872,0.854,0.872,2.06,0.94,1.14,1246659.0,3.02
159642,碳中和ETF大成,0.93,-1.38,-0.013,787.0,73738.3,0.9335,0.37,20869128,20869128,22439923.0,0.938,0.94,0.93,0.943,1.06,0.35,4.07,-21452.0,-29.09
512480,半导体ETF国联安,0.996,-1.39,-0.014,9748598.0,964341144.0,0.9958,-0.02,19300495267,19300495267,19378007296.0,0.99,1.007,0.972,1.01,3.47,5.03,1.3,-89070304.0,-9.24
159133,化工ETF天弘,1.068,-1.39,-0.015,194990.0,20900839.9,1.0681,0.01,1685211451,1685211451,1577913344.0,1.08,1.086,1.062,1.083,2.22,1.24,1.11,-1080839.0,-5.17
560590,中证1000增强ETF鹏华,1.406,-1.4,-0.02,2321.0,327647.0,1.4119,0.42,40366260,40366260,28710000.0,1.426,1.426,1.394,1.426,2.24,0.81,0.31,-17388.0,-5.31
516020,化工ETF华宝,0.839,-1.41,-0.012,571658.0,48206831.0,0.8392,0.02,2893565189,2893565189,3448826208.0,0.85,0.853,0.834,0.851,2.23,1.66,1.14,-166730.0,-0.35
589130,科创芯片ETF易方达,1.331,-1.41,-0.019,1384340.0,183624993.0,1.3324,0.11,4483846180,4483846180,3368780000.0,1.321,1.35,1.3,1.35,3.7,4.11,1.38,3332111.0,1.81
513350,标普油气ETF富国,1.322,-1.42,-0.019,2004711.0,265794823.0,1.3194,-0.2,1107500212,1107500212,837746000.0,1.331,1.334,1.321,1.341,0.97,23.93,0.51,-1978063.0,-0.74
520680,港股通汽车ETF南方,0.825,-1.43,-0.012,11281.0,931566.0,0.8242,-0.1,58879425,58879425,71369000.0,0.825,0.832,0.824,0.837,0.96,1.58,0.28,-171361.0,-18.39
588520,科创增强ETF永赢,1.377,-1.43,-0.02,10996.0,1501491.0,1.3726,-0.32,17841789,17841789,12957000.0,1.384,1.387,1.348,1.397,2.79,8.49,1.62,-143036.0,-9.53
589990,科创综指ETF华泰柏瑞,1.58,-1.43,-0.023,21841.0,3451832.0,1.5891,0.57,167622200,167622200,106090000.0,1.594,1.604,1.56,1.603,2.74,2.06,0.98,-196061.0,-5.68
561550,中证500增强ETF华泰柏瑞,1.372,-1.44,-0.02,223047.0,30617985.0,1.3752,0.23,1753401731,1753401731,1277989600.0,1.379,1.386,1.361,1.392,1.8,1.75,0.96,11173362.0,36.49
561190,碳中和ETF富国,0.954,-1.45,-0.014,12230.0,1171634.0,0.956,0.21,185379372,185379372,194318000.0,0.963,0.963,0.952,0.968,1.14,0.63,0.77,108762.0,9.28
563210,专精特新ETF富国,1.973,-1.45,-0.029,26133.0,5126531.0,1.976,0.15,240838191,240838191,122067000.0,1.962,1.996,1.935,2.002,3.05,2.14,0.59,22528.0,0.44
159121,港股通汽车ETF易方达,0.747,-1.45,-0.011,112724.0,8453826.1,0.7464,-0.08,108674402,108674402,145481127.0,0.751,0.755,0.746,0.758,1.19,7.75,0.78,-456298.0,-5.4
589160,科创芯片ETF广发,1.22,-1.45,-0.018,126552.0,15369369.0,1.2186,-0.11,354161120,354161120,290296000.0,1.21,1.237,1.195,1.238,3.39,4.36,0.89,-715061.0,-4.65
159382,创业板人工智能ETF南方,2.514,-1.45,-0.037,476533.0,119585281.5,2.5139,0.0,2011340060,2011340060,800055712.0,2.49,2.551,2.483,2.551,2.67,5.96,1.13,1113325.0,0.93
588320,双创50增强ETF广发,1.684,-1.46,-0.025,40432.0,6833255.0,1.6829,-0.07,126004626,126004626,74824600.0,1.686,1.706,1.671,1.709,2.05,5.4,1.09,-1093442.0,-16.0
159957,创业板ETF华夏,2.23,-1.46,-0.033,543012.0,121026763.6,2.2272,-0.13,2550639569,2550639569,1143784560.0,2.234,2.253,2.211,2.263,1.86,4.75,1.2,-11791138.0,-9.74
159203,大盘成长ETF博时,1.335,-1.48,-0.02,548.0,73412.9,1.3365,0.11,13072204,13072204,9791913.0,1.343,1.345,1.333,1.355,0.89,0.56,0.17,-60011.0,-81.74
589100,科创芯片ETF国泰,0.866,-1.48,-0.013,295084.0,25438736.0,0.8667,0.08,784113202,784113202,905442496.0,0.866,0.879,0.849,0.879,3.41,3.26,0.99,169402.0,0.67
159991,创业板大盘ETF招商,0.801,-1.48,-0.012,26336.0,2120399.0,0.8035,0.31,82233201,82233201,102663172.0,0.801,0.813,0.799,0.813,1.72,2.57,0.87,-204478.0,-9.64
159948,创业板ETF南方,3.758,-1.49,-0.057,152373.0,57221304.2,3.7533,-0.13,4335596062,4335596062,1153697728.0,3.768,3.796,3.729,3.815,1.76,1.32,1.01,1078190.0,1.88
589500,科创综指ETF工银,1.524,-1.49,-0.023,27970.0,4278879.0,1.5347,0.7,122017536,122017536,80064000.0,1.524,1.547,1.506,1.547,2.65,3.49,1.2,1149700.0,26.87
159310,芯片ETF天弘,2.71,-1.49,-0.041,59489.0,16046114.3,2.7186,0.32,1341398748,1341398748,494981088.0,2.718,2.748,2.66,2.751,3.2,1.2,1.44,16952.0,0.11
159713,稀土ETF富国,1.248,-1.5,-0.019,246121.0,30861366.6,1.248,0.0,646158310,646158310,517755056.0,1.251,1.271,1.238,1.267,2.6,4.75,1.17,-1889171.0,-6.12
159971,创业板ETF富国,1.184,-1.5,-0.018,561339.0,66397666.234,1.1829,-0.09,1906264021,1906264021,1610020288.0,1.184,1.195,1.174,1.202,1.75,3.49,1.07,-10896327.0,-16.41
589220,科创200ETF国泰,0.98,-1.51,-0.015,309060.0,30081905.0,0.983,0.31,313105892,313105892,319495808.0,0.991,0.991,0.958,0.995,3.32,9.67,1.6,667152.0,2.22
159129,化工ETF嘉实,1.043,-1.51,-0.016,179811.0,18718591.7,1.0423,-0.07,1216040575,1216040575,1165906592.0,1.054,1.057,1.036,1.059,1.98,1.54,2.02,-187413.0,-1.0
159875,新能源ETF嘉实,0.585,-1.52,-0.009,636090.0,37209110.492,0.5845,-0.09,1504130294,1504130294,2571162896.0,0.588,0.59,0.58,0.594,1.68,2.47,1.14,-1522045.0,-4.09
588990,科创芯片ETF博时,3.497,-1.52,-0.054,47828.0,16668711.0,3.4995,0.07,691515664,691515664,197745400.0,3.478,3.549,3.433,3.551,3.27,2.42,0.73,-862684.0,-5.18
159028,港股汽车ETF天弘,0.775,-1.52,-0.012,18228.0,1418309.086,0.7807,0.73,97222987,97222987,125449016.0,0.786,0.786,0.774,0.787,1.52,1.45,0.53,-280956.0,-19.81
159952,创业板ETF广发,2.065,-1.53,-0.032,2970309.0,614287140.128,2.0652,0.01,10853402641,10853402641,5255885056.0,2.062,2.088,2.05,2.097,1.81,5.65,1.49,-36709549.0,-5.98
520600,港股通汽车ETF广发,1.023,-1.54,-0.016,578425.0,59425455.0,1.0235,0.05,254591964,254591964,248868000.0,1.028,1.034,1.022,1.039,1.15,23.24,0.94,1200101.0,2.02
589320,科创200ETF嘉实,0.83,-1.54,-0.013,46203.0,3820594.0,0.8337,0.44,94663990,94663990,114053000.0,0.843,0.843,0.813,0.843,3.56,4.05,2.08,-575613.0,-15.07
159325,半导体ETF南方,2.049,-1.54,-0.032,368146.0,74930585.746,2.0483,-0.03,1086913622,1086913622,530460528.0,2.028,2.072,2.005,2.081,3.22,6.94,1.08,-4096878.0,-5.47
159720,智能车ETF泰康,0.705,-1.54,-0.011,8944.0,633022.4,0.7084,0.48,32297712,32297712,45812357.0,0.715,0.715,0.703,0.716,1.68,1.95,1.11,-54803.0,-8.66
159949,创业板50ETF华安,1.596,-1.54,-0.025,5653052.0,904384056.512,1.596,0.0,23638012898,23638012898,14810785024.0,1.6,1.616,1.588,1.621,1.73,3.82,1.06,-127651998.0,-14.11
159814,创业大盘ETF西部利得,0.703,-1.54,-0.011,274324.0,19301760.7,0.7038,0.11,357297309,357297309,508246528.0,0.706,0.714,0.699,0.714,2.1,5.4,0.85,-794983.0,-4.12
516150,稀土ETF嘉实,1.709,-1.56,-0.027,517186.0,88690348.0,1.7086,-0.02,6560128107,6560128107,3838577008.0,1.71,1.742,1.66,1.736,4.72,1.35,1.21,1996595.0,2.25
159808,创100ETF融通,1.328,-1.56,-0.021,5372.0,705863.7,1.3127,-1.17,65715801,65715801,49484790.0,1.336,1.336,1.305,1.349,2.3,1.09,0.9,163478.0,23.16
520720,港股汽车ETF国泰,0.756,-1.56,-0.012,60429.0,4587685.0,0.7547,-0.17,92188152,92188152,121942000.0,0.758,0.772,0.755,0.768,2.21,4.96,0.58,381288.0,8.31
159087,化工ETF万家,1.008,-1.56,-0.016,7312.0,742009.472,1.0111,0.31,44344087,44344087,43992150.0,1.012,1.03,1.006,1.024,2.34,1.66,0.35,-37308.0,-5.03
159977,创业板ETF天弘,1.765,-1.56,-0.028,1313732.0,232454587.4,1.7643,-0.04,6219635520,6219635520,3523872816.0,1.763,1.784,1.752,1.793,1.78,3.73,1.76,-15855173.0,-6.82
159237,港股汽车ETF工银,0.874,-1.58,-0.014,54793.0,4802689.8,0.8733,-0.08,37874114,37874114,43334226.0,0.88,0.902,0.872,0.888,3.38,12.64,0.75,315597.0,6.57
159369,创业板50ETF易方达,1.367,-1.58,-0.022,162619.0,22260324.6,1.3677,0.05,505453018,505453018,369753488.0,1.363,1.384,1.36,1.389,1.73,4.4,1.03,86423.0,0.39
589050,科创综指ETF兴业,1.305,-1.58,-0.021,11716.0,1524467.0,1.3092,0.32,61293240,61293240,46968000.0,1.308,1.318,1.285,1.326,2.49,2.49,0.97,-302619.0,-19.85
588820,科创200ETF华夏,1.868,-1.58,-0.03,97336.0,18077555.0,1.8701,0.11,288419200,288419200,154400000.0,1.87,1.886,1.822,1.898,3.37,6.3,1.57,-224739.0,-1.24
589580,科创综指ETF兴银,1.495,-1.58,-0.024,3580.0,535368.0,1.505,0.66,21460426,21460426,14354800.0,1.51,1.534,1.489,1.519,2.96,2.49,0.55,2521.0,0.47
588750,科创芯片ETF汇添富,2.235,-1.59,-0.036,881059.0,196331645.0,2.2393,0.19,7270964580,7270964580,3253228000.0,2.23,2.272,2.193,2.271,3.48,2.71,1.35,-4560228.0,-2.32
516090,新能源ETF易方达,0.489,-1.61,-0.008,455164.0,22232585.0,0.4892,0.04,822911107,822911107,1682844800.0,0.493,0.494,0.485,0.497,1.81,2.7,1.14,-1480536.0,-6.66
588450,科创50增强ETF招商,2.063,-1.62,-0.034,24753.0,5095400.0,2.0676,0.22,124953228,124953228,60568700.0,2.095,2.095,2.03,2.097,3.1,4.09,0.8,-164532.0,-3.23
159915,创业板ETF易方达,3.401,-1.62,-0.056,11880459.0,4044248821.346,3.3998,-0.04,60352291938,60352291938,17745454848.0,3.404,3.44,3.376,3.457,1.85,6.69,1.28,-710536512.0,-17.57
561910,电池ETF招商,0.724,-1.63,-0.012,741649.0,53612603.0,0.7227,-0.18,3352175511,3352175511,4630076672.0,0.73,0.732,0.717,0.736,2.04,1.6,1.28,-11306116.0,-21.09
516850,新能源ETF华夏,0.906,-1.63,-0.015,96602.0,8767155.0,0.9066,0.07,127054722,127054722,140237000.0,0.921,0.921,0.901,0.921,2.17,6.89,1.39,77881.0,0.89
159908,创业板ETF博时,3.173,-1.64,-0.053,93342.0,29619252.3,3.1691,-0.12,987529693,987529693,311229024.0,3.168,3.209,3.15,3.226,1.83,3.0,0.6,-385488.0,-1.3
516590,智能汽车ETF易方达,1.08,-1.64,-0.018,11590.0,1256168.0,1.0851,0.47,56176200,56176200,52015000.0,1.098,1.098,1.077,1.098,1.91,2.23,1.22,116402.0,9.27
589200,科创200ETF工银,1.321,-1.64,-0.022,39643.0,5215156.0,1.3258,0.36,33694747,33694747,25507000.0,1.32,1.334,1.294,1.343,2.98,15.54,2.64,2468701.0,47.34
159367,创业板50ETF华夏,1.684,-1.64,-0.028,59313.0,9992440.6,1.683,-0.06,276309085,276309085,164079029.0,1.693,1.703,1.674,1.712,1.69,3.61,0.94,-700518.0,-7.01
159247,创业板ETF汇添富,1.017,-1.64,-0.017,419833.0,42685644.9,1.0162,-0.08,414920704,414920704,407984960.0,1.017,1.028,1.01,1.034,1.74,10.29,1.09,-8247715.0,-19.32
159210,港股通汽车ETF汇添富,0.84,-1.64,-0.014,85428.0,7201829.8,0.8395,-0.06,29021834,29021834,34549802.0,0.852,0.852,0.839,0.854,1.52,24.73,0.79,-731210.0,-10.15
516780,稀土ETF华泰柏瑞,0.835,-1.65,-0.014,393831.0,32968935.0,0.8346,-0.05,2024540746,2024540746,2424599696.0,0.835,0.851,0.828,0.849,2.71,1.62,0.68,-1086844.0,-3.3
588920,科创芯片ETF鹏华,1.074,-1.65,-0.018,90862.0,9735254.0,1.0756,0.15,361804824,361804824,336876000.0,1.066,1.091,1.055,1.092,3.3,2.7,0.63,-206761.0,-2.12
515700,新能源车ETF平安,2.146,-1.65,-0.036,102062.0,21964034.0,2.1454,-0.03,1466812906,1466812906,683510208.0,2.171,2.182,2.131,2.182,2.34,1.49,0.85,1125839.0,5.13
159956,创业板ETF建信,2.149,-1.65,-0.036,22778.0,4917059.9,2.1522,0.15,100957170,100957170,46978674.0,2.164,2.175,2.138,2.185,1.69,4.85,1.56,0.0,0.0
159122,创业板新能源ETF富国,0.888,-1.66,-0.015,10564.0,938210.1,0.891,0.34,59638910,59638910,67160935.0,0.897,0.899,0.884,0.903,1.66,1.57,0.98,-701.0,-0.07
520780,港股通汽车ETF华宝,0.83,-1.66,-0.014,425370.0,35443496.0,0.8289,-0.13,32751800,32751800,39460000.0,0.836,0.849,0.828,0.844,2.49,107.8,4.61,-257760.0,-0.73
159298,创业板50ETF大成,1.184,-1.66,-0.02,30507.0,3622139.5,1.1867,0.23,186220801,186220801,157281082.0,1.183,1.203,1.18,1.204,1.91,1.94,0.92,-976219.0,-26.95
159836,创业板300ETF天弘,1.239,-1.67,-0.021,18924.0,2352424.7,1.2439,0.39,140932673,140932673,113747113.0,1.26,1.26,1.231,1.26,2.3,1.66,1.59,81361.0,3.46
561620,化工ETF华泰柏瑞,1.004,-1.67,-0.017,14133.0,1420527.0,1.0055,0.15,45407908,45407908,45227000.0,1.015,1.018,1.0,1.021,1.76,3.12,0.42,55044.0,3.87
159323,港股通汽车ETF华夏,1.055,-1.68,-0.018,1287371.0,136364067.7,1.0534,-0.15,102437734,102437734,97097378.0,1.058,1.067,1.054,1.073,1.21,132.59,1.33,-1458388.0,-1.07
159806,新能源车ETF国泰,0.701,-1.68,-0.012,139027.0,9784895.0,0.7015,0.07,586799697,586799697,837089440.0,0.712,0.713,0.697,0.713,2.24,1.66,1.1,-1326049.0,-13.55
159678,500增强ETF博时,1.499,-1.7,-0.026,20081.0,3023948.2,1.5099,0.72,133626397,133626397,89143694.0,1.516,1.524,1.492,1.525,2.1,2.25,0.9,301618.0,9.97
159186,港股通汽车ETF鹏华,0.752,-1.7,-0.013,19460.0,1467178.7,0.7501,-0.25,63821672,63821672,84869245.0,0.763,0.763,0.751,0.765,1.57,2.29,0.91,-198723.0,-13.54
159715,稀土ETF易方达,1.152,-1.71,-0.02,246383.0,28497796.1,1.1516,-0.03,589858873,589858873,512030272.0,1.155,1.173,1.142,1.172,2.65,4.81,1.03,-1594692.0,-5.6
159682,创业板50ETF景顺,1.552,-1.71,-0.027,803893.0,125103229.6,1.5538,0.12,5001021495,5001021495,3222307664.0,1.554,1.573,1.545,1.579,1.77,2.49,0.8,-17916228.0,-14.32
159383,创业板50ETF华泰柏瑞,1.67,-1.71,-0.029,21246.0,3555488.7,1.6705,0.03,83654452,83654452,50092486.0,1.678,1.69,1.662,1.699,1.65,4.24,0.68,32586.0,0.92
159205,创业板ETF东财,1.663,-1.71,-0.029,534260.0,88904250.3,1.6617,-0.08,879820234,879820234,529056064.0,1.659,1.681,1.652,1.692,1.71,10.1,1.37,-13205038.0,-14.85
516390,新能源车ETF汇添富,0.855,-1.72,-0.015,33352.0,2847804.0,0.854,-0.12,156260655,156260655,182761000.0,0.859,0.87,0.849,0.87,2.41,1.82,1.66,-256950.0,-9.02
588270,科创200ETF易方达,1.633,-1.74,-0.029,198510.0,32177627.0,1.635,0.12,502000530,502000530,307410000.0,1.652,1.653,1.591,1.662,3.73,6.46,1.9,-1969864.0,-6.12
589330,科创200ETF东财,0.845,-1.74,-0.015,80339.0,6792727.0,0.848,0.35,140187190,140187190,165902000.0,0.855,0.855,0.834,0.86,2.44,4.84,2.45,-1269495.0,-18.69
159681,创业板50ETF鹏华,1.571,-1.75,-0.028,312889.0,49289594.5,1.5713,0.02,1595778340,1595778340,1015772336.0,1.57,1.592,1.565,1.599,1.69,3.08,1.05,-17238973.0,-34.97
512460,电池ETF华夏,0.843,-1.75,-0.015,151936.0,12793636.0,0.8426,-0.05,245163796,245163796,290823008.0,0.855,0.855,0.837,0.858,2.1,5.22,1.8,634621.0,4.96
159239,港股通汽车ETF富国,0.785,-1.75,-0.014,54899.0,4328802.2,0.7839,-0.14,69692891,69692891,88780753.0,0.797,0.797,0.785,0.799,1.5,6.18,1.47,-129063.0,-2.98
589780,科创200ETF富国,1.179,-1.75,-0.021,22278.0,2629384.0,1.1874,0.71,70993485,70993485,60215000.0,1.188,1.197,1.159,1.2,3.17,3.7,2.24,-1720944.0,-65.45
159093,化工ETF汇添富,1.006,-1.76,-0.018,4663.0,472929.15,1.0081,0.21,31871559,31871559,31681470.0,1.018,1.02,1.003,1.024,1.66,1.47,0.17,-11393.0,-2.41
159190,创业板新能源ETF天弘,0.838,-1.76,-0.015,166238.0,13999590.3,0.8428,0.57,60394073,60394073,72069299.0,0.848,0.848,0.836,0.853,1.41,23.07,2.01,124007.0,0.89
159597,创业板成长ETF易方达,0.781,-1.76,-0.014,270278.0,21107036.3,0.7812,0.03,849928823,849928823,1088257136.0,0.784,0.79,0.772,0.795,2.26,2.48,1.06,-9105430.0,-43.14
588220,科创100ETF鹏华,1.725,-1.77,-0.031,2698972.0,463846036.0,1.7263,0.08,6354378884,6354378884,3683697904.0,1.716,1.746,1.692,1.756,3.08,7.33,1.01,-3716417.0,-0.8
589190,科创芯片ETF华宝,0.607,-1.78,-0.011,867259.0,52668270.0,0.6094,0.39,1701762134,1701762134,2803562000.0,0.603,0.617,0.597,0.618,3.24,3.09,1.73,-1151435.0,-2.19
159676,创业板增强ETF富国,1.578,-1.8,-0.029,109929.0,17328411.732,1.5755,-0.16,190250281,190250281,120564183.0,1.573,1.595,1.561,1.607,2.12,9.12,1.53,-3747584.0,-21.63
159106,民企300ETF前海开源,1.032,-1.81,-0.019,6013.0,622454.8,1.0335,0.15,40846032,40846032,39579488.0,1.03,1.04,1.023,1.051,1.62,1.52,1.69,-90966.0,-14.61
159964,创业板ETF平安,2.218,-1.81,-0.041,11157.0,2481098.7,2.2248,0.31,367038812,367038812,165481881.0,2.231,2.245,2.209,2.259,1.59,0.67,0.74,-309360.0,-12.47
159637,新能源车ETF东财,0.804,-1.83,-0.015,51185.0,4131180.8,0.8046,0.07,496685549,496685549,617768096.0,0.815,0.818,0.8,0.819,2.2,0.83,1.07,-835056.0,-20.21
159370,创50ETF工银,1.772,-1.83,-0.033,25671.0,4557372.6,1.772,0.0,402803968,402803968,227316009.0,1.801,1.801,1.765,1.805,1.99,1.13,1.28,-692362.0,-15.19
516160,新能源ETF南方,2.46,-1.84,-0.046,348307.0,85831296.0,2.4619,0.08,3793669320,3793669320,1542142000.0,2.478,2.499,2.446,2.506,2.11,2.26,1.34,-1852215.0,-2.16
588800,科创100ETF华夏,1.711,-1.84,-0.032,1673896.0,285298214.0,1.7115,0.03,2844327061,2844327061,1662377008.0,1.7,1.732,1.68,1.743,2.98,10.07,1.88,-7590830.0,-2.66
515030,新能源车ETF华夏,1.603,-1.84,-0.03,480428.0,77223818.0,1.6033,0.02,2427557552,2427557552,1514384000.0,1.622,1.629,1.593,1.633,2.2,3.17,1.15,791586.0,1.03
588810,科创芯片ETF富国,2.396,-1.84,-0.045,215824.0,51589045.0,2.3972,0.05,1438376304,1438376304,600324000.0,2.379,2.431,2.351,2.441,3.28,3.6,1.08,5136760.0,9.96
159175,电池ETF易方达,0.903,-1.85,-0.017,206329.0,18619070.1,0.9028,-0.02,440005157,440005157,487270384.0,0.91,0.913,0.896,0.92,1.85,4.23,1.9,-1201670.0,-6.45
159796,电池ETF汇添富,0.845,-1.86,-0.016,1716666.0,145062253.3,0.8449,-0.01,5352625108,5352625108,6334467584.0,0.853,0.857,0.838,0.861,2.21,2.71,1.34,-8431995.0,-5.81
159077,电池ETF鑫元,0.952,-1.86,-0.018,9936.0,943229.594,0.9535,0.16,39262930,39262930,41242574.0,0.964,0.964,0.946,0.97,1.86,2.41,0.74,-41535.0,-4.4
516580,新能源ETF博时,0.578,-1.87,-0.011,15028.0,869511.0,0.5795,0.26,84459730,84459730,146124100.0,0.586,0.587,0.576,0.589,1.87,1.03,0.48,5780.0,0.66
588030,科创100ETF博时,1.728,-1.87,-0.033,890259.0,153573766.0,1.7276,-0.02,3944744230,3944744230,2282838096.0,1.733,1.748,1.696,1.761,2.95,3.9,1.21,-5801733.0,-3.78
588190,科创100ETF银华,1.722,-1.88,-0.033,371635.0,63802181.0,1.7218,-0.01,2327486719,2327486719,1351618304.0,1.723,1.743,1.689,1.755,3.08,2.75,1.14,-7516253.0,-11.78
159371,创业板50ETF富国,1.674,-1.88,-0.032,56208.0,9492213.3,1.6771,0.18,298342242,298342242,178221172.0,1.7,1.7,1.658,1.706,2.46,3.15,2.0,-5457099.0,-57.49
560410,电池ETF鹏华,0.837,-1.88,-0.016,3962.0,331642.0,0.8388,0.21,50040966,50040966,59786100.0,0.853,0.853,0.831,0.853,2.58,0.66,0.66,-75058.0,-22.63
159373,创业板50ETF嘉实,1.708,-1.9,-0.033,244154.0,41894097.8,1.7107,0.16,240072200,240072200,140557494.0,1.733,1.733,1.703,1.741,1.72,17.37,1.79,-6851596.0,-16.35
159958,创业板ETF工银,2.05,-1.91,-0.04,40596.0,8350074.8,2.0568,0.33,478903468,478903468,233611448.0,2.089,2.089,2.041,2.09,2.3,1.74,1.67,-1102668.0,-13.21
159824,新能源车ETF博时,1.074,-1.92,-0.021,2548.0,274229.7,1.0743,0.03,88213065,88213065,82135070.0,1.095,1.095,1.068,1.095,2.47,0.31,0.17,-176649.0,-64.42
159821,创业板ETF中银证券,1.27,-1.93,-0.025,11830.0,1506053.4,1.2758,0.45,77114400,77114400,60720000.0,1.301,1.301,1.266,1.295,2.7,1.95,1.34,-564303.0,-37.47
159295,创业综指ETF西部利得,1.009,-1.94,-0.02,86336.0,8649088.8,1.0053,-0.37,75632863,75632863,74958239.0,1.004,1.028,0.993,1.029,3.4,11.52,1.88,-2489309.0,-28.78
159840,锂电池ETF工银,0.757,-1.94,-0.015,685453.0,51927110.9,0.7562,-0.11,1500052160,1500052160,1981574848.0,0.764,0.767,0.752,0.772,1.94,3.46,1.67,-10319922.0,-19.87
159147,电池ETF南方,0.849,-1.96,-0.017,310692.0,26433770.9,0.8501,0.13,1756928710,1756928710,2069409552.0,0.857,0.863,0.843,0.866,2.31,1.5,1.51,-1350751.0,-5.11
159183,新能源车ETF招商,0.852,-1.96,-0.017,53123.0,4538510.5,0.852,0.0,39522400,39522400,46387793.0,0.859,0.875,0.849,0.869,2.99,11.45,2.12,-526798.0,-11.61
512330,信息科技ETF南方,1.791,-1.97,-0.036,19886.0,3546660.0,1.7998,0.49,638828208,638828208,356688000.0,1.827,1.827,1.761,1.827,3.61,0.56,0.95,241955.0,6.82
589300,科创综指ETF嘉实,1.641,-1.97,-0.033,4298.0,706401.0,1.6538,0.77,68236883,68236883,41582500.0,1.641,1.665,1.627,1.674,2.27,1.03,0.83,-141296.0,-20.0
159372,创业板50ETF万家,1.787,-1.97,-0.036,17199.0,3091767.3,1.7945,0.42,109813988,109813988,61451588.0,1.796,1.813,1.786,1.823,1.48,2.8,1.06,-465289.0,-15.05
159755,电池ETF广发,0.937,-1.99,-0.019,2359962.0,221565370.672,0.9361,-0.1,7730856037,7730856037,8250646784.0,0.947,0.951,0.93,0.956,2.2,2.86,1.27,2442516.0,1.1
159160,电池ETF东财,0.833,-2.0,-0.017,91445.0,7628135.3,0.8349,0.23,179777439,179777439,215819254.0,0.841,0.845,0.827,0.85,2.12,4.24,1.19,-375671.0,-4.92
159810,创业板ETF浦银,1.36,-2.02,-0.028,13862.0,1888339.2,1.36,0.0,76806623,76806623,56475458.0,1.365,1.385,1.339,1.388,3.31,2.45,0.75,28829.0,1.53
159775,电池ETF建信,0.776,-2.02,-0.016,221294.0,17229182.8,0.7772,0.15,523527593,523527593,674648960.0,0.793,0.796,0.773,0.792,2.9,3.28,1.74,73979.0,0.43
561160,电池ETF富国,0.729,-2.02,-0.015,333462.0,24286530.0,0.7285,-0.07,1664915721,1664915721,2283835008.0,0.735,0.74,0.723,0.744,2.28,1.46,1.26,-3906956.0,-16.09
516360,新材料ETF华宝,1.011,-2.03,-0.021,7079.0,715445.0,1.0135,0.25,58184870,58184870,57551800.0,1.03,1.03,1.003,1.032,2.62,1.23,0.47,297889.0,41.64
589980,科创100ETF汇添富,1.788,-2.03,-0.037,28634.0,5135534.0,1.7881,0.01,230870136,230870136,129122000.0,1.784,1.805,1.757,1.825,2.63,2.22,1.5,-40602.0,-0.79
589960,科创新能源ETF易方达,0.866,-2.04,-0.018,325835.0,28107957.0,0.8639,-0.24,149225656,149225656,172316000.0,0.879,0.88,0.851,0.884,3.28,18.91,1.56,-2730753.0,-9.72
589950,科创100ETF富国,1.293,-2.05,-0.027,27508.0,3549273.0,1.2938,0.06,439455799,439455799,339873008.0,1.299,1.309,1.27,1.32,2.95,0.81,1.22,-630214.0,-17.76
159155,电池ETF大成,0.85,-2.07,-0.018,236405.0,20070498.4,0.8501,0.01,416086302,416086302,489513296.0,0.87,0.872,0.844,0.868,3.23,4.83,1.45,-822268.0,-4.1
560910,电池ETF华泰柏瑞,0.752,-2.08,-0.016,135564.0,10225603.0,0.7527,0.09,144926192,144926192,192721000.0,0.759,0.76,0.748,0.768,1.56,7.03,2.17,-75236.0,-0.74
562880,电池ETF嘉实,0.747,-2.1,-0.016,168152.0,12571741.0,0.7474,0.05,661020001,661020001,884899600.0,0.754,0.76,0.741,0.763,2.49,1.9,0.91,-802139.0,-6.38
510170,大宗商品ETF国联安,1.383,-2.12,-0.03,78820.0,11001012.0,1.3858,0.2,468719168,468719168,338914800.0,1.41,1.41,1.378,1.413,2.26,2.33,1.29,86707.0,0.79
516710,新材料ETF华夏,0.737,-2.12,-0.016,12189.0,900020.0,0.7394,0.32,56212464,56212464,76272000.0,0.743,0.745,0.73,0.753,1.99,1.6,0.6,8512.0,0.95
159761,新材料ETF国泰,0.785,-2.12,-0.017,21857.0,1717579.3,0.7865,0.19,155221282,155221282,197734117.0,0.798,0.798,0.778,0.802,2.49,1.11,0.5,66515.0,3.87
588550,科创综指增强ETF易方达,1.285,-2.13,-0.028,15708.0,2019622.0,1.2939,0.69,86467650,86467650,67290000.0,1.292,1.305,1.268,1.313,2.82,2.33,0.5,36104.0,1.79
588120,科创100ETF国泰,0.875,-2.13,-0.019,821042.0,71798015.0,0.8775,0.28,836169250,836169250,955622000.0,0.87,0.888,0.861,0.894,3.02,8.59,1.76,1002813.0,1.4
516660,新能源车ETF华安,0.967,-2.13,-0.021,1850.0,181006.0,0.973,0.62,149584263,149584263,154689000.0,0.983,0.987,0.967,0.988,2.02,0.12,0.29,-63850.0,-35.28
159906,深成长ETF大成,1.653,-2.13,-0.036,107500.0,17814569.7,1.6539,0.05,245701465,245701465,148639725.0,1.655,1.676,1.639,1.689,2.19,7.23,1.26,-4879703.0,-27.39
159757,电池ETF景顺,0.78,-2.13,-0.017,114424.0,8957455.0,0.7799,-0.01,189486875,189486875,242931891.0,0.798,0.798,0.776,0.797,2.76,4.71,1.64,-692551.0,-7.73
589180,科创新材料ETF汇添富,1.681,-2.15,-0.037,99534.0,16671130.0,1.68,-0.06,230831558,230831558,137318000.0,1.681,1.704,1.648,1.718,3.26,7.25,0.79,-262492.0,-1.57
510410,资源ETF博时,1.949,-2.16,-0.043,23782.0,4656164.0,1.9501,0.06,848318622,848318622,435258400.0,1.99,1.99,1.94,1.992,2.51,0.55,0.56,398262.0,8.55
159375,创业板50ETF国泰,0.714,-2.19,-0.016,130167.0,9310989.7,0.7143,0.04,252467076,252467076,353595344.0,0.72,0.728,0.712,0.73,2.19,3.68,1.19,-682181.0,-7.33
159763,新材料ETF建信,0.709,-2.21,-0.016,21978.0,1564814.7,0.7115,0.35,63602793,63602793,89707747.0,0.725,0.725,0.705,0.725,2.76,2.45,0.73,-138721.0,-8.87
588880,科创100ETF华泰柏瑞,1.709,-2.23,-0.039,23254.0,3976249.0,1.7165,0.44,185200912,185200912,108368000.0,1.71,1.733,1.685,1.748,2.75,2.15,0.84,-229783.0,-5.78
588830,科创新能源ETF鹏华,1.223,-2.24,-0.028,511205.0,62394476.0,1.2219,-0.09,782533987,782533987,639847904.0,1.237,1.242,1.204,1.251,3.04,7.99,1.39,-266772.0,-0.43
588210,科创100ETF易方达,1.736,-2.25,-0.04,55431.0,9615766.0,1.7401,0.24,417948944,417948944,240754000.0,1.736,1.761,1.707,1.776,3.04,2.3,0.82,-222007.0,-2.31
516890,新材料ETF平安,0.761,-2.31,-0.018,1047.0,80133.0,0.7659,0.64,25349975,25349975,33311400.0,0.772,0.772,0.758,0.779,1.8,0.31,0.33,-29813.0,-37.2
159967,创业板成长ETF华夏,0.761,-2.31,-0.018,6349173.0,483901348.52,0.761,0.0,5490543356,5490543356,7214905856.0,0.762,0.773,0.754,0.779,2.44,8.8,1.14,-42833933.0,-8.85
588160,科创新材料ETF南方,1.05,-2.33,-0.025,1518669.0,158718956.0,1.05,0.0,895645800,895645800,852996000.0,1.052,1.065,1.03,1.075,3.26,17.8,1.21,-273122.0,-0.17
588960,科创新能源ETF富国,1.126,-2.34,-0.027,35814.0,4041647.0,1.1277,0.15,160544855,160544855,142579800.0,1.148,1.148,1.112,1.153,3.12,2.51,1.15,-43674.0,-1.08
159767,电池龙头ETF兴银,0.761,-2.44,-0.019,22846.0,1745024.7,0.7625,0.2,182543864,182543864,239873672.0,0.78,0.78,0.757,0.78,2.95,0.95,1.16,-966873.0,-55.41
159582,半导体ETF博时,0.737,-2.51,-0.019,847441.0,62400624.6,0.7364,-0.08,755873179,755873179,1025608112.0,0.739,0.752,0.721,0.756,4.1,8.26,1.15,-2519460.0,-4.04
588980,科创100ETF广发,1.575,-2.54,-0.041,2790.0,439639.0,1.5883,0.84,18774000,18774000,11920000.0,1.595,1.616,1.557,1.616,3.65,2.34,0.5,-87939.0,-20.0
159944,材料ETF广发,1.476,-2.57,-0.039,9467.0,1413413.4,1.4802,0.28,46653913,46653913,31608342.0,1.518,1.518,1.473,1.515,2.97,3.0,0.47,103714.0,7.34
588010,科创新材料ETF博时,1.023,-2.57,-0.027,1156929.0,118032761.0,1.0242,0.12,962055602,962055602,940425808.0,1.028,1.038,1.004,1.05,3.24,12.3,1.31,-620692.0,-0.53
588500,科创100增强ETF易方达,2.473,-2.6,-0.066,20133.0,4952370.0,2.4709,-0.08,120304031,120304031,48647000.0,2.473,2.519,2.428,2.539,3.58,4.14,0.66,-313286.0,-6.33
561980,半导体设备ETF招商,0.668,-2.62,-0.018,3087744.0,205775550.0,0.6675,-0.07,5571487325,5571487325,8340549888.0,0.67,0.679,0.654,0.686,3.64,3.7,1.07,-16121174.0,-7.83
588900,科创100ETF南方,1.767,-2.64,-0.048,29246.0,5169308.0,1.776,0.51,623367575,623367575,352783008.0,1.779,1.793,1.745,1.815,2.64,0.83,0.86,54151.0,1.05
159703,新材料ETF天弘,0.88,-2.65,-0.024,11623.0,1026655.9,0.8848,0.54,50847800,50847800,57781591.0,0.904,0.904,0.874,0.904,3.32,2.01,0.54,-45534.0,-4.44
159156,电池ETF万家,0.874,-2.67,-0.024,34064.0,2988270.3,0.8746,0.07,185691135,185691135,212461253.0,0.879,0.898,0.869,0.898,3.23,1.6,1.87,-849676.0,-28.43
159157,有色金属ETF天弘,0.829,-2.93,-0.025,1042256.0,86797437.8,0.828,-0.12,6611074926,6611074926,7974758656.0,0.851,0.851,0.823,0.854,3.28,1.31,1.53,-12121756.0,-13.97
560860,工业有色ETF万家,1.585,-3.12,-0.051,1242185.0,198338984.0,1.5853,0.02,8930259444,8930259444,5634233088.0,1.625,1.629,1.575,1.636,3.3,2.2,1.53,-375131.0,-0.19
562800,稀有金属ETF嘉实,0.929,-3.13,-0.03,1482450.0,138995078.0,0.9287,-0.03,5251957527,5251957527,5653345024.0,0.95,0.955,0.921,0.959,3.55,2.62,1.17,-15582518.0,-11.21
515040,工业有色ETF华夏,1.042,-3.16,-0.034,31700.0,3331407.0,1.0428,0.08,60769023,60769023,58319600.0,1.076,1.076,1.035,1.076,3.81,5.44,1.16,-317070.0,-9.52
159162,工业有色ETF鹏华,0.823,-3.18,-0.027,175543.0,14480493.3,0.8233,0.04,361247488,361247488,438939840.0,0.845,0.846,0.818,0.85,3.29,4.0,4.09,-675549.0,-4.67
561390,稀有金属ETF平安,0.974,-3.18,-0.032,49961.0,4892496.0,0.9732,-0.08,90706769,90706769,93128100.0,1.003,1.003,0.966,1.006,3.68,5.36,0.85,-669615.0,-13.69
159171,工业有色ETF博时,0.792,-3.18,-0.026,26959.0,2143068.997,0.7924,0.05,172286084,172286084,217532934.0,0.808,0.812,0.787,0.818,3.06,1.24,1.5,-320036.0,-14.93
560490,工业有色ETF华泰柏瑞,0.943,-3.18,-0.031,72124.0,6839862.0,0.944,0.11,106070526,106070526,112482000.0,0.974,0.974,0.939,0.974,3.59,6.41,1.22,-353899.0,-5.17
159032,工业有色ETF易方达,0.879,-3.19,-0.029,106655.0,9452314.1,0.8799,0.1,224887772,224887772,255845019.0,0.903,0.906,0.873,0.908,3.63,4.17,1.16,-1051291.0,-11.12
159053,稀有金属ETF华夏,0.894,-3.25,-0.03,166520.0,15027977.0,0.8946,0.07,145899130,145899130,163198132.0,0.91,0.92,0.887,0.924,3.57,10.2,1.65,-406631.0,-2.71
159608,稀有金属ETF广发,1.071,-3.25,-0.036,642502.0,69271198.939,1.0707,-0.03,3708241179,3708241179,3462410064.0,1.092,1.1,1.062,1.107,3.43,1.86,1.23,-10039958.0,-14.49
159168,有色ETF富国,0.86,-3.26,-0.029,203127.0,17592442.7,0.8609,0.1,459631348,459631348,534455056.0,0.883,0.884,0.855,0.889,3.26,3.8,1.2,-1528362.0,-8.69
159881,有色金属ETF国泰,0.916,-3.27,-0.031,137557.0,12713293.0,0.9146,-0.15,186405236,186405236,203499166.0,0.95,0.95,0.91,0.947,4.22,6.76,1.7,-1328835.0,-10.45
560870,工业有色ETF中银,0.908,-3.3,-0.031,61133.0,5608068.0,0.9117,0.41,84763525,84763525,93351900.0,0.934,0.934,0.906,0.939,2.98,6.55,1.03,8679.0,0.15
560470,有色ETF易方达,0.9,-3.33,-0.031,139758.0,12673163.0,0.8993,-0.08,280206000,280206000,311340000.0,0.923,0.929,0.896,0.931,3.54,4.49,2.21,-412934.0,-3.26
560970,工业有色ETF平安,0.928,-3.33,-0.032,14388.0,1347398.0,0.9299,0.2,63232064,63232064,68138000.0,0.951,0.951,0.926,0.96,2.6,2.11,2.14,-250661.0,-18.6
562590,半导体设备ETF华夏,0.988,-3.33,-0.034,4044245.0,398860373.0,0.9869,-0.11,8885073061,8885073061,8992988928.0,0.998,1.008,0.964,1.022,4.31,4.5,1.29,-39747091.0,-9.97
159327,半导体设备ETF万家,1.12,-3.36,-0.039,1437575.0,160730274.3,1.1198,-0.02,3260962988,3260962988,2911574096.0,1.128,1.145,1.093,1.159,4.49,4.94,1.25,-12887831.0,-8.02
561050,稀有金属ETF易方达,0.861,-3.37,-0.03,92980.0,8059711.0,0.8614,0.05,202550250,202550250,235250000.0,0.878,0.888,0.856,0.891,3.59,3.95,1.04,-24616.0,-0.31
159671,稀有金属ETF工银,1.312,-3.39,-0.046,206200.0,27294326.338,1.3114,-0.05,1167091888,1167091888,889551744.0,1.347,1.35,1.303,1.358,3.46,2.32,1.26,-482910.0,-1.77
512400,有色金属ETF南方,1.883,-3.39,-0.066,4749793.0,904791604.0,1.8825,-0.03,25188964633,25188964633,13377039104.0,1.946,1.946,1.87,1.949,3.9,3.55,1.52,-54439890.0,-6.02
159558,半导体设备ETF易方达,1.096,-3.44,-0.039,9730206.0,1064985357.45,1.0953,-0.06,20838866039,20838866039,19013563904.0,1.111,1.12,1.07,1.135,4.41,5.12,1.15,-122735834.0,-11.52
159516,半导体设备ETF国泰,0.698,-3.46,-0.025,35803054.0,2494757429.986,0.698,0.0,41852331235,41852331235,59960359936.0,0.708,0.714,0.682,0.723,4.43,5.97,1.25,-262997984.0,-10.54
159876,有色ETF华宝,0.976,-3.46,-0.035,447690.0,44214523.8,0.9757,-0.03,1690019175,1690019175,1731577024.0,1.003,1.007,0.97,1.011,3.66,2.59,0.86,-6691931.0,-15.14
159045,稀有金属ETF大成,0.797,-3.51,-0.029,54774.0,4386433.435,0.7985,0.19,134159180,134159180,168330213.0,0.824,0.824,0.793,0.826,3.75,3.25,1.04,-1101949.0,-25.12
159880,有色ETF鹏华,0.962,-3.51,-0.035,260929.0,25334595.4,0.9615,-0.05,1230497124,1230497124,1279103040.0,1.0,1.001,0.955,0.997,4.61,2.04,1.32,-10733.0,-0.04
561250,稀有金属ETF鹏华,1.007,-3.54,-0.037,26016.0,2654069.0,1.0094,0.24,111527465,111527465,110752200.0,1.02,1.057,1.0,1.044,5.46,2.35,0.76,242994.0,9.16
159062,稀有金属ETF南方,0.813,-3.56,-0.03,89482.0,7334833.52,0.8144,0.17,90813121,90813121,111701256.0,0.83,0.843,0.769,0.843,8.78,8.01,1.69,26608.0,0.36
561800,稀有金属ETF华富,0.999,-3.57,-0.037,136442.0,13749491.0,1.001,0.2,205371623,205371623,205577200.0,1.018,1.03,0.994,1.036,3.47,6.64,1.71,-1207152.0,-8.78
159029,有色ETF广发,0.917,-3.58,-0.034,145495.0,13475991.034,0.9155,-0.16,285304112,285304112,311127712.0,0.947,0.948,0.911,0.951,3.89,4.68,1.47,-1130371.0,-8.39
159652,有色ETF汇添富,1.628,-3.61,-0.061,695429.0,114506101.8,1.6291,0.07,2932549429,2932549429,1801320288.0,1.689,1.689,1.62,1.689,4.09,3.86,1.42,2593932.0,2.27
159871,有色ETF银华,0.957,-3.63,-0.036,361591.0,34995090.2,0.9571,0.01,1109385514,1109385514,1159232512.0,0.987,0.988,0.951,0.993,3.73,3.12,1.76,2059148.0,5.88
560780,半导体设备ETF广发,1.029,-3.65,-0.039,5378579.0,552265603.0,1.0291,0.01,13254022086,13254022086,12880487936.0,1.043,1.052,1.005,1.068,4.4,4.18,1.22,-44779427.0,-8.11
516650,有色金属ETF华夏,1.84,-3.66,-0.07,795816.0,148668836.0,1.8407,0.04,9607495291,9607495291,5221464832.0,1.905,1.905,1.83,1.91,3.93,1.52,1.4,259775.0,0.17
159163,有色ETF泰康,0.762,-3.67,-0.029,33270.0,2560362.3,0.7616,-0.05,203306944,203306944,266807013.0,0.787,0.787,0.757,0.791,3.79,1.25,0.93,-12207.0,-0.48
561330,矿业ETF国泰,0.957,-3.72,-0.037,570801.0,55246325.0,0.9576,0.06,1729674236,1729674236,1807392096.0,0.991,0.992,0.951,0.994,4.12,3.16,1.33,1021997.0,1.85
560290,有色ETF景顺,0.822,-3.75,-0.032,75004.0,6209594.0,0.821,-0.12,304710468,304710468,370694000.0,0.849,0.85,0.816,0.854,3.98,2.02,1.89,-505225.0,-8.14
159055,稀有金属ETF富国,0.904,-3.83,-0.036,82172.0,7535411.7,0.9083,0.47,108745733,108745733,120293952.0,0.933,0.934,0.902,0.94,3.4,6.83,1.53,182326.0,2.42
159690,有色矿业ETF招商,1.954,-3.84,-0.078,120530.0,23780349.8,1.9546,0.03,541578425,541578425,277163984.0,2.021,2.023,1.943,2.032,3.94,4.35,1.61,246746.0,1.04
589020,科创半导体设备ETF鹏华,1.175,-3.92,-0.048,5423317.0,637635808.0,1.1741,-0.08,5250414669,5250414669,4468438016.0,1.194,1.207,1.15,1.223,4.66,12.14,1.26,-73827388.0,-11.58
588710,科创半导体设备ETF华泰柏瑞,0.997,-3.95,-0.041,9231217.0,920911239.0,0.9964,-0.06,11259006337,11259006337,11292884992.0,1.012,1.024,0.975,1.038,4.72,8.17,1.22,-131776201.0,-14.31
588170,科创半导体ETF华夏,0.965,-3.98,-0.04,40869074.0,3948289615.0,0.9647,-0.03,42368756270,42368756270,43905446912.0,0.981,0.991,0.944,1.005,4.68,9.31,1.16,-541838496.0,-13.72
512940,有色ETF华安,0.836,-4.02,-0.035,444734.0,37565453.0,0.8367,0.08,1799661387,1799661387,2152705008.0,0.871,0.871,0.832,0.871,4.48,2.07,1.56,-2865134.0,-7.63
159562,黄金股ETF华夏,2.384,-4.03,-0.1,1212006.0,294888498.91,2.3802,-0.16,6000839141,6000839141,2517130512.0,2.5,2.506,2.374,2.484,5.31,4.82,1.28,378886.0,0.13
517400,黄金股ETF国泰,1.735,-4.2,-0.076,928844.0,163540767.0,1.7272,-0.45,1587164120,1587164120,914792000.0,1.822,1.829,1.724,1.811,5.8,10.15,1.79,7193603.0,4.4
159321,黄金股ETF华安,1.682,-4.21,-0.074,497506.0,84998472.6,1.6759,-0.36,654130473,654130473,388900400.0,1.777,1.777,1.668,1.756,6.21,12.79,1.92,-6585115.0,-7.75
159315,黄金股ETF工银,1.794,-4.22,-0.079,180529.0,32973224.3,1.7925,-0.08,325771780,325771780,181589621.0,1.883,1.886,1.786,1.873,5.34,9.94,1.56,-2891061.0,-8.77
159322,黄金股ETF平安,1.757,-4.3,-0.079,111854.0,20019429.6,1.7601,0.18,199264341,199264341,113411691.0,1.843,1.858,1.752,1.836,5.77,9.86,1.32,340093.0,1.7
517520,黄金股ETF永赢,2.193,-4.36,-0.1,3149814.0,702236161.0,2.1911,-0.09,16151234332,16151234332,7364903936.0,2.311,2.311,2.185,2.293,5.49,4.28,1.11,-38024297.0,-5.41
589270,科创100ETF前海开源,1.087,-4.57,-0.052,17016.0,1857662.0,1.0931,0.56,26649544,26649544,24516600.0,1.11,1.111,1.073,1.139,3.34,6.94,1.18,504252.0,27.14
159049,有色ETF工银,1.012,-5.33,-0.057,56971.0,5827353.2,1.0118,-0.02,42578199,42578199,42073319.0,1.07,1.07,1.007,1.069,5.89,13.54,1.53,-1761962.0,-30.24
511820,鹏华添利ETF,nan,nan,nan,nan,nan,nan,nan,61160000,61160000,611600.0,nan,nan,nan,100.0,nan,0.0,nan,nan,nan
