股票代码,股票名称,最新价格,涨跌幅(%),市盈率PE,市净率PB,总市值,板块类型,风险状态
600000,浦发银行,9.11,0.33,6.035,0.403,303416186913,上交所主板,正常上市
600004,白云机场,7.55,1.48,14.519,0.919,19458196715,上交所主板,正常上市
600006,东风股份,5.31,1.92,,1.329,10620000000,上交所主板,正常上市
600007,中国国贸,18.93,0.11,15.939,1.897,19067858369,上交所主板,正常上市
600008,首创环保,2.83,1.07,11.525,0.981,20773871616,上交所主板,正常上市
600009,上海机场,23.27,1.39,25.3,1.343,57903044441,上交所主板,正常上市
600010,包钢股份,2.18,0.46,196.53,1.882,98592751827,上交所主板,正常上市
600011,华能国际,6.66,-0.3,8.91,1.621,104549301771,上交所主板,正常上市
600012,皖通高速,15.65,-1.39,14.355,2.002,26739463063,上交所主板,正常上市
600015,华夏银行,6.73,2.12,3.949,0.333,107107468590,上交所主板,正常上市
600016,民生银行,3.47,1.17,5.179,0.264,151924992202,上交所主板,正常上市
600017,日照港,2.68,0.37,18.796,0.586,8242752420,上交所主板,正常上市
600018,上港集团,5.2,0.58,8.859,0.833,121055794621,上交所主板,正常上市
600019,宝钢股份,5.89,-0.34,12.657,0.616,128296479172,上交所主板,正常上市
600020,中原高速,3.78,1.07,13.025,0.713,8495065525,上交所主板,正常上市
600021,上海电力,13.63,0.0,15.351,1.848,38462167222,上交所主板,正常上市
600022,山东钢铁,1.32,1.54,,0.751,14122481411,上交所主板,正常上市
600023,浙能电力,4.88,0.62,8.842,0.848,65434615815,上交所主板,正常上市
600025,华能水电,9.65,-1.13,21.055,2.534,179790059580,上交所主板,正常上市
600026,中远海能,18.31,-0.05,18.207,2.075,100177931599,上交所主板,正常上市
600027,华电国际,4.51,0.22,8.917,1.047,52369101570,上交所主板,正常上市
600028,中国石化,5.14,-0.39,17.484,0.746,621557143101,上交所主板,正常上市
600029,南方航空,5.03,0.8,29.546,2.459,91148478315,上交所主板,正常上市
600030,中信证券,27.04,-0.41,12.542,1.375,422480320612,上交所主板,正常上市
600031,三一重工,19.05,0.63,20.805,1.934,175164834525,上交所主板,正常上市
600032,浙江新能,6.78,0.3,36.198,1.269,16303698697,上交所主板,正常上市
600033,福建高速,3.55,0.28,10.173,0.774,9742620000,上交所主板,正常上市
600035,楚天高速,3.38,0.6,10.831,0.598,5442191745,上交所主板,正常上市
600036,招商银行,38.86,-0.74,6.501,0.865,980043200055,上交所主板,正常上市
600037,歌华有线,6.86,0.59,141.363,0.747,9547596284,上交所主板,正常上市
600038,中直股份,26.51,2.71,44.563,1.234,21735369077,上交所主板,正常上市
600039,四川路桥,8.35,-1.76,10.346,1.372,72608181886,上交所主板,正常上市
600048,保利发展,5.25,0.38,,0.324,62844827945,上交所主板,正常上市
600050,中国联通,4.25,1.92,19.21,0.775,132873807640,上交所主板,正常上市
600051,宁波联合,6.36,2.09,26.078,0.578,1977196800,上交所主板,正常上市
600052,东望时代,3.88,3.74,,1.517,3275475595,上交所主板,正常上市
600053,*ST九鼎,6.91,1.17,,1.347,2995766928,上交所主板,*ST退市风险警示
600054,黄山旅游,11.25,1.44,28.274,1.708,8205518700,上交所主板,正常上市
600055,万东医疗,11.54,5.97,,1.827,8113324609,上交所主板,正常上市
600056,中国医药,9.6,2.56,29.741,1.195,14360445581,上交所主板,正常上市
600057,厦门象屿,6.26,-0.95,13.615,1.128,17772237274,上交所主板,正常上市
600058,五矿发展,10.6,0.09,,2.33,11362253537,上交所主板,正常上市
600059,古越龙山,7.94,-1.12,32.123,1.226,7237646759,上交所主板,正常上市
600060,海信视像,25.93,0.08,13.583,1.55,33837930546,上交所主板,正常上市
600061,国投资本,6.25,0.81,11.876,0.731,39963111081,上交所主板,正常上市
600062,华润双鹤,16.21,2.21,10.359,1.389,16835422503,上交所主板,正常上市
600063,皖维高新,5.86,0.17,26.799,1.433,12124963791,上交所主板,正常上市
600064,南京高科,7.74,1.57,7.588,0.678,13392828845,上交所主板,正常上市
600066,宇通客车,30.05,0.74,12.126,5.127,66528873651,上交所主板,正常上市
600067,冠城新材,2.79,2.57,201.264,0.694,3882755782,上交所主板,正常上市
600071,凤凰光学,15.69,1.03,162.443,8.673,4417894318,上交所主板,正常上市
600072,中船科技,8.61,0.7,,1.699,12920593994,上交所主板,正常上市
600073,光明肉业,5.43,3.23,,1.085,5091871033,上交所主板,正常上市
600075,新疆天业,4.66,1.75,,0.901,7958335618,上交所主板,正常上市
600076,康欣新材,3.11,1.63,,1.175,4181529871,上交所主板,正常上市
600078,澄星股份,10.67,0.19,67.434,4.013,7252002727,上交所主板,正常上市
600079,ST人福,17.86,-1.05,15.317,1.501,29151555735,上交所主板,ST风险警示
600080,ST金花,4.79,2.57,97.867,1.122,1787964665,上交所主板,ST风险警示
600081,东风科技,10.1,1.92,244.404,1.208,5585564317,上交所主板,正常上市
600082,ST海泰,2.74,1.11,,1.048,1770357363,上交所主板,ST风险警示
600084,*ST尼雅,4.06,1.0,,3.583,4562330930,上交所主板,*ST退市风险警示
600085,同仁堂,24.44,1.58,31.084,2.38,33518733203,上交所主板,正常上市
600088,中视传媒,11.45,1.6,,3.629,4553738280,上交所主板,正常上市
600089,特变电工,20.05,-1.28,16.423,1.408,101308491049,上交所主板,正常上市
600094,大名城,3.94,1.03,63.49,0.891,9160303177,上交所主板,正常上市
600095,湘财股份,7.73,0.65,50.338,1.797,22101521253,上交所主板,正常上市
600096,云天化,29.83,0.13,10.211,2.141,54379813506,上交所主板,正常上市
600097,开创国际,8.57,1.66,80.012,0.917,2064826311,上交所主板,正常上市
600098,广州发展,6.25,0.81,9.12,0.789,21911656131,上交所主板,正常上市
600099,林海股份,9.0,2.27,78.192,3.579,1972080000,上交所主板,正常上市
600100,同方股份,6.66,0.91,67.31,1.407,22312982769,上交所主板,正常上市
600101,明星电力,7.85,0.38,23.339,1.362,4300720397,上交所主板,正常上市
600103,青山纸业,2.87,1.77,164.227,1.617,6431172764,上交所主板,正常上市
600104,上汽集团,10.18,1.9,11.576,0.389,117021924991,上交所主板,正常上市
600105,永鼎股份,38.85,2.4,135.698,15.608,56798498058,上交所主板,正常上市
600106,重庆路桥,4.32,2.13,67.431,1.08,5741388268,上交所主板,正常上市
600107,*ST尔雅,5.81,2.83,,5.159,2091600000,上交所主板,*ST退市风险警示
600108,亚盛集团,3.41,-2.29,124.517,1.531,6638980563,上交所主板,正常上市
600109,国金证券,8.5,0.35,13.197,0.872,31495601735,上交所主板,正常上市
600110,诺德股份,9.76,-1.11,,2.819,16935365896,上交所主板,正常上市
600114,东睦股份,29.8,5.67,34.213,5.279,18815227615,上交所主板,正常上市
600115,中国东航,3.48,0.87,77.252,5.451,76865323612,上交所主板,正常上市
600116,三峡水利,6.31,-0.79,25.532,1.064,12065621724,上交所主板,正常上市
600117,西宁特钢,2.26,1.8,,2.137,7356559577,上交所主板,正常上市
600119,*ST长投,4.59,4.56,,22.589,1676590998,上交所主板,*ST退市风险警示
600120,浙江东方,4.8,0.84,11.671,0.978,16393831162,上交所主板,正常上市
600123,兰花科创,7.27,-0.14,,0.709,10710454953,上交所主板,正常上市
600125,铁龙物流,5.46,1.11,13.224,0.909,7128149432,上交所主板,正常上市
600126,杭钢股份,6.97,2.05,342.423,1.211,23539007909,上交所主板,正常上市
600127,金健米业,8.6,9.97,,8.221,5519335675,上交所主板,正常上市
600128,苏豪弘业,8.26,1.6,35.831,0.963,2079031262,上交所主板,正常上市
600129,太极集团,16.63,7.99,82.135,2.57,9170084417,上交所主板,正常上市
600130,波导股份,4.31,0.0,564.129,3.555,3232500000,上交所主板,正常上市
600131,国网信通,15.45,0.13,28.192,2.856,18493428586,上交所主板,正常上市
600133,东湖高新,8.26,1.1,41.764,0.987,8807141368,上交所主板,正常上市
600135,乐凯胶片,7.25,1.68,,1.703,4011476468,上交所主板,正常上市
600136,ST明诚,1.41,0.71,,12.714,2877564563,上交所主板,ST风险警示
600137,浪莎股份,17.95,1.7,56.59,3.098,1745055705,上交所主板,正常上市
600138,中青旅,7.05,2.17,63.54,0.81,5103072000,上交所主板,正常上市
600141,兴发集团,30.86,-1.81,25.788,1.483,37085691987,上交所主板,正常上市
600148,长春一东,15.33,1.79,131.47,4.507,2169447179,上交所主板,正常上市
600149,廊坊发展,5.05,4.55,119.323,7.52,1919808000,上交所主板,正常上市
600150,中国船舶,32.99,-0.45,21.958,1.66,248270246291,上交所主板,正常上市
600151,航天机电,9.6,-1.54,,3.125,13768821955,上交所主板,正常上市
600152,维科技术,7.84,-0.38,,2.53,4147982300,上交所主板,正常上市
600153,建发股份,9.15,3.51,,0.616,26530777742,上交所主板,正常上市
600155,华创云信,5.77,0.7,50.543,0.638,12772140092,上交所主板,正常上市
600156,华升股份,7.89,0.13,,8.589,3172653439,上交所主板,正常上市
600157,永泰能源,1.55,0.65,154.142,0.721,33817534425,上交所主板,正常上市
600158,中体产业,6.91,1.62,,2.763,6630235293,上交所主板,正常上市
600159,大龙地产,2.54,2.83,,1.446,2108208209,上交所主板,正常上市
600160,巨化股份,38.7,-0.26,25.161,4.834,104480173335,上交所主板,正常上市
600161,天坛生物,12.7,3.5,25.821,2.117,25112617364,上交所主板,正常上市
600162,香江控股,4.19,3.46,,2.392,13694755731,上交所主板,正常上市
600163,中闽能源,4.94,0.2,20.142,1.282,9400800946,上交所主板,正常上市
600165,ST宁科,3.23,5.9,,4.564,5219304593,上交所主板,ST风险警示
600166,福田汽车,2.97,2.06,16.449,1.461,23514679090,上交所主板,正常上市
600167,联美控股,5.63,0.9,21.212,1.064,12739791807,上交所主板,正常上市
600168,武汉控股,4.48,1.82,42.226,0.82,4450421109,上交所主板,正常上市
600169,ST太重,2.04,0.99,28.041,1.308,6799608660,上交所主板,ST风险警示
600170,上海建工,2.27,1.79,14.23,0.644,20171083219,上交所主板,正常上市
600171,上海贝岭,22.46,-0.22,72.289,3.501,15922417385,上交所主板,正常上市
600173,卧龙新能,6.16,1.82,,1.207,4315118463,上交所主板,正常上市
600176,中国巨石,41.42,2.12,43.381,5.135,165809923274,上交所主板,正常上市
600177,雅戈尔,8.0,1.14,14.416,0.872,36987535216,上交所主板,正常上市
600178,东安动力,9.25,1.76,,1.699,4314904489,上交所主板,正常上市
600179,安通控股,4.3,-0.69,16.566,1.503,18195566010,上交所主板,正常上市
600180,*ST瑞茂,1.55,1.97,,0.392,1684272569,上交所主板,*ST退市风险警示
600182,S佳通,13.33,-1.77,20.52,3.924,4532200000,上交所主板,正常上市
600183,生益科技,126.28,0.65,59.051,16.58,306734583448,上交所主板,正常上市
600184,光电股份,17.39,-0.23,197.755,2.965,10133630669,上交所主板,正常上市
600185,珠免集团,4.56,1.33,,99.563,8595626425,上交所主板,正常上市
600187,*ST国中,1.32,2.33,,0.716,2130191056,上交所主板,*ST退市风险警示
600188,兖矿能源,21.36,-2.02,22.441,2.803,214387159147,上交所主板,正常上市
600189,泉阳泉,7.47,1.77,266.966,4.321,5342527656,上交所主板,正常上市
600191,华资实业,10.57,-1.12,74.592,2.984,5125731240,上交所主板,正常上市
600192,长城电工,6.81,0.44,,3.96,3008303880,上交所主板,正常上市
600195,中牧股份,6.85,2.54,53.2,1.229,6994865581,上交所主板,正常上市
600196,复星医药,24.84,5.12,19.08,1.35,66333464433,上交所主板,正常上市
600197,伊力特,10.56,1.54,28.22,1.255,4996725012,上交所主板,正常上市
600198,大唐电信,7.58,2.99,,51.355,9881314841,上交所主板,正常上市
600199,金种子酒,7.14,0.56,,2.415,4696669323,上交所主板,正常上市
600201,生物股份,13.0,-0.99,99.446,2.671,14299061738,上交所主板,正常上市
600202,哈空调,5.01,2.24,,2.369,1920536767,上交所主板,正常上市
600203,福日电子,9.8,1.77,455.443,3.38,5811283204,上交所主板,正常上市
600207,安彩高科,4.29,0.94,,2.489,4673150857,上交所主板,正常上市
600208,衢州发展,2.98,2.05,167.225,0.607,25356643584,上交所主板,正常上市
600210,紫江企业,6.0,0.67,8.377,1.317,9100416948,上交所主板,正常上市
600211,西藏药业,41.86,10.01,13.788,3.448,13492281545,上交所主板,正常上市
600212,绿能慧充,5.56,1.46,1822.733,6.785,3915075184,上交所主板,正常上市
600215,派斯林,6.5,1.56,,1.211,2969738720,上交所主板,正常上市
600216,浙江医药,14.52,4.24,18.585,1.242,13962980130,上交所主板,正常上市
600217,中再资环,3.14,2.61,,1.827,5205032533,上交所主板,正常上市
600218,全柴动力,7.57,1.61,50.113,1.008,3297491387,上交所主板,正常上市
600221,海航控股,1.31,0.0,16.493,8.142,56612478621,上交所主板,正常上市
600222,太龙药业,8.11,0.12,74.287,2.898,4536435414,上交所主板,正常上市
600223,福瑞达,5.61,3.31,33.758,1.337,5702950828,上交所主板,正常上市
600226,亨通股份,6.03,-0.33,88.51,4.84,17935518781,上交所主板,正常上市
600227,赤天化,3.74,0.54,,2.816,6315841542,上交所主板,正常上市
600228,返利科技,8.2,-2.15,,8.947,3416713901,上交所主板,正常上市
600229,城市传媒,5.16,2.38,,1.234,3409252165,上交所主板,正常上市
600230,沧州大化,14.69,0.41,56.2,1.48,6081087310,上交所主板,正常上市
600231,凌钢股份,1.68,1.82,,1.355,4825066480,上交所主板,正常上市
600232,金鹰股份,6.32,0.0,62.922,2.397,2305021198,上交所主板,正常上市
600234,科新发展,21.53,1.8,,12.555,5652076549,上交所主板,正常上市
600235,民丰特纸,5.72,1.42,201.773,1.331,2009436000,上交所主板,正常上市
600236,桂冠电力,9.88,-1.79,20.224,4.305,77877892684,上交所主板,正常上市
600237,铜峰电子,8.4,1.45,45.17,2.646,5296113942,上交所主板,正常上市
600238,ST椰岛,4.88,4.95,,28.046,2187216000,上交所主板,ST风险警示
600239,ST云城,1.39,1.46,,2.211,2231904804,上交所主板,ST风险警示
600241,时代万恒,7.29,2.68,,2.097,2145462418,上交所主板,正常上市
600243,*ST海华,3.7,1.37,,2.982,1623745000,上交所主板,*ST退市风险警示
600248,陕建股份,2.9,1.75,,0.39,10770394929,上交所主板,正常上市
600249,两面针,5.27,1.93,,1.355,2898500000,上交所主板,正常上市
600250,南京商旅,9.24,10.0,290.672,4.627,2890192573,上交所主板,正常上市
600251,冠农股份,10.51,5.21,17.964,2.021,8166202557,上交所主板,正常上市
600252,中恒集团,2.36,5.83,,1.428,7514624845,上交所主板,正常上市
600255,鑫科材料,3.19,0.95,107.149,3.836,5761608786,上交所主板,正常上市
600256,广汇能源,6.12,-0.65,44.031,1.603,39119058140,上交所主板,正常上市
600257,大湖股份,5.57,0.18,109.326,3.284,2680491137,上交所主板,正常上市
600258,首旅酒店,12.31,1.74,16.411,1.123,13745384481,上交所主板,正常上市
600259,中稀有色,84.75,-1.19,113.51,7.786,28512943373,上交所主板,正常上市
600261,阳光照明,3.2,1.59,31.409,1.209,4272169491,上交所主板,正常上市
600262,北方股份,14.65,2.3,15.343,1.864,3486700000,上交所主板,正常上市
600265,*ST景谷,22.7,2.48,,13.917,2946460000,上交所主板,*ST退市风险警示
600266,城建发展,4.31,3.61,,0.49,8946454515,上交所主板,正常上市
600267,海正药业,14.02,1.67,23.566,1.878,16547414786,上交所主板,正常上市
600268,国电南自,10.5,-1.04,20.703,2.853,10663660476,上交所主板,正常上市
600269,赣粤高速,3.79,1.07,12.236,0.46,8851192583,上交所主板,正常上市
600271,航天信息,6.74,1.51,,0.962,12488442460,上交所主板,正常上市
600273,嘉化能源,6.83,0.59,10.983,0.911,8956241303,上交所主板,正常上市
600278,东方创业,6.23,1.96,29.377,0.718,5361031233,上交所主板,正常上市
600279,重庆港,4.27,0.47,86.717,0.752,5067919028,上交所主板,正常上市
600280,中央商场,2.99,1.36,,12.691,3373721016,上交所主板,正常上市
600282,南钢股份,4.77,-0.21,10.189,1.042,29407484122,上交所主板,正常上市
600283,钱江水利,7.83,0.38,21.952,1.381,4391258951,上交所主板,正常上市
600284,浦东建设,5.09,1.39,17.525,0.619,4938603040,上交所主板,正常上市
600285,羚锐制药,19.79,-0.9,14.385,3.473,11223215468,上交所主板,正常上市
600287,苏豪时尚,4.86,3.62,92.945,0.929,2122828920,上交所主板,正常上市
600288,大恒科技,11.26,-0.09,30.073,2.472,4918368000,上交所主板,正常上市
600289,ST信通,4.32,-1.14,,3.032,2726144938,上交所主板,ST风险警示
600292,电投水电,12.23,2.51,74.837,2.676,58265983333,上交所主板,正常上市
600293,三峡新材,2.82,2.55,,1.919,3271609030,上交所主板,正常上市
600295,鄂尔多斯,13.15,1.08,14.381,1.637,36803907740,上交所主板,正常上市
600298,安琪酵母,42.31,-0.05,22.581,2.95,36717281040,上交所主板,正常上市
600299,安迪苏,8.61,1.65,26.643,1.351,26516899403,上交所主板,正常上市
600300,维维股份,3.24,0.62,15.065,1.413,5239540663,上交所主板,正常上市
600301,华锡有色,47.34,0.51,31.43,5.881,29945744456,上交所主板,正常上市
600302,ST标准,6.46,0.94,,4.612,2235223334,上交所主板,ST风险警示
600303,曙光股份,2.86,2.88,,2.075,1955108043,上交所主板,正常上市
600305,恒顺醋业,6.72,-0.74,48.257,2.223,7423380169,上交所主板,正常上市
600307,酒钢宏兴,1.42,0.71,,1.672,8893967542,上交所主板,正常上市
600308,华泰股份,3.24,1.57,,0.543,4914659370,上交所主板,正常上市
600309,万华化学,75.16,1.72,17.875,2.112,235286247410,上交所主板,正常上市
600310,广西能源,4.12,0.73,,2.223,6038728175,上交所主板,正常上市
600312,平高电气,19.29,-1.53,20.58,2.206,26175012051,上交所主板,正常上市
600315,上海家化,18.4,6.79,32.312,1.75,12368958032,上交所主板,正常上市
600316,洪都航空,28.31,0.75,375.402,3.765,20301511835,上交所主板,正常上市
600318,新力金融,6.51,2.84,78.366,3.009,3337856884,上交所主板,正常上市
600319,亚星化学,6.25,2.12,,7.177,2423183650,上交所主板,正常上市
600320,振华重工,4.04,0.25,24.901,1.331,21236509426,上交所主板,正常上市
600322,津投城开,2.66,1.92,,38.663,2941162000,上交所主板,正常上市
600323,瀚蓝环境,29.6,-1.14,11.32,1.587,24134275522,上交所主板,正常上市
600325,华发股份,2.39,3.02,,0.767,6577643557,上交所主板,正常上市
600327,大东方,4.24,10.13,,1.328,3751465156,上交所主板,正常上市
600328,中盐化工,6.28,0.16,,0.777,9208423867,上交所主板,正常上市
600329,达仁堂,36.28,1.77,32.941,4.703,27939023236,上交所主板,正常上市
600330,天通股份,27.89,4.65,,4.435,34400485862,上交所主板,正常上市
600331,宏达股份,12.69,3.09,,10.762,33521904000,上交所主板,正常上市
600332,白云山,21.51,2.14,11.872,0.884,34970763313,上交所主板,正常上市
600333,长春燃气,6.25,0.0,328.648,1.965,3806441775,上交所主板,正常上市
600335,国机汽车,5.04,1.0,18.124,0.646,7496782736,上交所主板,正常上市
600336,澳柯玛,6.17,1.31,,2.175,4923751125,上交所主板,正常上市
600337,ST美克,3.12,3.65,,11.429,4483434187,上交所主板,ST风险警示
600338,西藏珠峰,13.1,0.85,21.149,2.521,11976153201,上交所主板,正常上市
600339,中油工程,3.34,-0.3,50.046,0.693,18647712553,上交所主板,正常上市
600340,*ST华幸,1.09,0.93,,,4243757018,上交所主板,*ST退市风险警示
600345,长江通信,46.0,2.38,60.432,3.981,15162158072,上交所主板,正常上市
600346,恒力石化,18.84,-0.11,11.809,1.843,132616639968,上交所主板,正常上市
600348,华阳股份,8.88,0.34,20.151,1.15,32034600000,上交所主板,正常上市
600350,山东高速,10.51,-0.1,15.713,1.656,50811339371,上交所主板,正常上市
600351,亚宝药业,7.15,2.29,15.308,1.754,4947800329,上交所主板,正常上市
600352,浙江龙盛,12.91,0.86,21.318,1.267,42000514313,上交所主板,正常上市
600353,旭光电子,34.8,2.99,175.015,14.936,28842628333,上交所主板,正常上市
600354,敦煌种业,6.84,-0.15,117.901,4.823,3610166227,上交所主板,正常上市
600356,恒丰纸业,8.9,1.71,12.943,0.951,2932874886,上交所主板,正常上市
600358,国旅联合,5.07,1.81,,2.737,5897197924,上交所主板,正常上市
600359,新农开发,6.63,0.76,,3.75,2529429997,上交所主板,正常上市
600360,华微电子,10.89,2.35,59.472,2.976,10457615861,上交所主板,正常上市
600361,创新新材,3.62,1.12,15.992,1.185,13512239745,上交所主板,正常上市
600362,江西铜业,44.57,1.25,19.303,1.835,154333849581,上交所主板,正常上市
600363,联创光电,18.36,0.05,18.531,1.825,8278311942,上交所主板,正常上市
600365,ST通葡,2.77,2.21,,5.71,1257386100,上交所主板,ST风险警示
600366,宁波韵升,11.75,0.43,25.979,2.012,12913732349,上交所主板,正常上市
600368,五洲交通,3.96,0.51,11.427,0.86,6374229278,上交所主板,正常上市
600369,西南证券,4.01,0.5,23.64,1.002,26646887587,上交所主板,正常上市
600370,*ST三房,1.47,2.08,,1.201,5913314300,上交所主板,*ST退市风险警示
600372,中航机载,10.9,0.28,46.004,1.391,52743973267,上交所主板,正常上市
600373,中文传媒,7.05,0.71,44.581,0.531,9498878969,上交所主板,正常上市
600375,汉马科技,3.94,2.34,100.312,1.86,6316101186,上交所主板,正常上市
600377,宁沪高速,12.02,0.84,12.751,1.397,60553724950,上交所主板,正常上市
600378,昊华科技,44.54,-2.43,36.649,3.092,57456583075,上交所主板,正常上市
600379,宝光股份,14.45,0.07,90.401,5.906,4771412600,上交所主板,正常上市
600380,健康元,10.37,3.29,14.43,1.215,18971431613,上交所主板,正常上市
600381,*ST春天,4.91,9.35,,2.944,2882468238,上交所主板,*ST退市风险警示
600382,广东明珠,6.25,1.79,22.966,1.383,4340050556,上交所主板,正常上市
600383,金地集团,2.27,3.65,,0.229,10248104708,上交所主板,正常上市
600386,北巴传媒,3.38,2.74,,1.623,2725632000,上交所主板,正常上市
600388,紫金龙净,17.4,-0.06,18.058,2.025,22098805498,上交所主板,正常上市
600390,五矿资本,4.81,1.48,40.988,0.51,21635694858,上交所主板,正常上市
600391,航发科技,29.69,0.99,213.259,5.524,9801540906,上交所主板,正常上市
600392,盛和资源,22.28,-0.13,39.131,3.035,39052975980,上交所主板,正常上市
600395,盘江股份,5.25,0.38,23.508,1.052,11269780694,上交所主板,正常上市
600396,华电辽能,14.67,0.62,532.786,14.076,21604609005,上交所主板,正常上市
600398,海澜之家,6.01,0.17,13.24,1.499,28864649479,上交所主板,正常上市
600399,抚顺特钢,4.25,1.19,,1.593,8381425000,上交所主板,正常上市
600400,红豆股份,3.04,-0.98,,5.021,6965770430,上交所主板,正常上市
600403,大有能源,7.11,4.25,,5.085,16998676178,上交所主板,正常上市
600405,动力源,4.51,2.5,,71.701,2763861442,上交所主板,正常上市
600406,国电南瑞,23.07,-1.87,22.271,3.464,185292614519,上交所主板,正常上市
600409,三友化工,6.65,-1.48,806.368,0.997,13727923829,上交所主板,正常上市
600410,华胜天成,13.56,-1.24,,3.451,14868467901,上交所主板,正常上市
600415,小商品城,12.58,4.75,15.711,2.89,68983175063,上交所主板,正常上市
600416,湘电股份,8.42,0.24,55.689,1.276,12426087673,上交所主板,正常上市
600418,江淮汽车,21.12,0.86,,3.835,47608243478,上交所主板,正常上市
600419,天润乳业,8.89,0.23,19.407,1.141,2804926643,上交所主板,正常上市
600420,国药现代,8.8,1.97,16.424,0.848,11802319690,上交所主板,正常上市
600422,昆药集团,8.81,1.97,56.673,1.277,6668956419,上交所主板,正常上市
600423,*ST柳化,2.81,2.93,,4.149,2244333023,上交所主板,*ST退市风险警示
600425,青松建化,3.59,0.0,19.806,0.896,5760886308,上交所主板,正常上市
600426,华鲁恒升,20.86,-0.48,13.993,1.642,57363811293,上交所主板,正常上市
600429,三元股份,4.6,1.32,,1.431,6909609699,上交所主板,正常上市
600433,冠豪高新,3.3,1.85,,1.299,5775921469,上交所主板,正常上市
600435,北方导航,10.6,-1.21,131.784,5.519,16030992139,上交所主板,正常上市
600436,片仔癀,129.65,1.85,41.118,5.142,78220076277,上交所主板,正常上市
600438,通威股份,12.32,0.16,,1.586,55464528381,上交所主板,正常上市
600439,ST瑞贝卡,1.85,1.09,,0.832,2094173064,上交所主板,ST风险警示
600444,国机通用,14.18,-0.84,35.163,2.719,2076262996,上交所主板,正常上市
600446,金证股份,10.49,0.87,,2.792,9873895855,上交所主板,正常上市
600448,华纺股份,2.93,2.45,,2.024,1845371610,上交所主板,正常上市
600449,宁夏建材,11.96,3.64,30.749,0.776,5719045262,上交所主板,正常上市
600452,涪陵电力,9.19,2.68,32.707,2.458,14120817800,上交所主板,正常上市
600455,博通股份,24.3,2.14,31.339,4.23,1517729400,上交所主板,正常上市
600456,宝钛股份,26.38,-0.79,33.285,1.74,12603771479,上交所主板,正常上市
600458,时代新材,11.66,4.57,19.956,1.368,11101634782,上交所主板,正常上市
600459,贵研铂业,21.3,-1.48,26.605,1.924,17535823935,上交所主板,正常上市
600461,洪城环境,8.9,-0.11,9.786,1.117,11523804844,上交所主板,正常上市
600463,空港股份,8.15,2.0,,2.754,2445000000,上交所主板,正常上市
600467,好当家,2.37,1.72,98.294,1.006,3462556500,上交所主板,正常上市
600468,百利电气,5.87,1.56,77.289,3.132,6385006334,上交所主板,正常上市
600469,风神股份,5.22,1.36,17.988,0.994,4645981719,上交所主板,正常上市
600475,华光环能,14.9,1.5,38.019,1.645,14243889362,上交所主板,正常上市
600476,*ST湘邮,9.37,0.97,,,1509225900,上交所主板,*ST退市风险警示
600477,杭萧钢构,2.39,2.58,80.175,1.127,5637934562,上交所主板,正常上市
600478,科力远,4.8,0.21,57.187,2.727,8130810797,上交所主板,正常上市
600479,千金药业,10.07,1.82,16.085,1.597,4956554861,上交所主板,正常上市
600480,凌云股份,8.34,0.85,13.181,1.236,10193375941,上交所主板,正常上市
600481,双良节能,4.16,0.0,,1.978,8587077362,上交所主板,正常上市
600482,中国动力,31.31,-1.57,47.558,1.736,71018793782,上交所主板,正常上市
600483,福能股份,10.25,-0.49,9.981,1.023,28496502742,上交所主板,正常上市
600486,扬农化工,55.5,0.11,17.828,1.896,22428212559,上交所主板,正常上市
600487,亨通光电,62.02,5.28,47.375,4.72,152965647779,上交所主板,正常上市
600488,津药药业,5.91,0.85,244.382,2.116,6453050279,上交所主板,正常上市
600489,中金黄金,26.37,4.68,20.368,3.897,127823632313,上交所主板,正常上市
600490,鹏欣资源,7.25,2.69,70.363,2.521,16043431323,上交所主板,正常上市
600491,ST龙元,1.71,9.62,,0.376,2615886103,上交所主板,ST风险警示
600493,凤竹纺织,6.04,1.34,267.916,1.473,1642880000,上交所主板,正常上市
600495,晋西车轴,4.13,1.47,144.112,1.521,4989828359,上交所主板,正常上市
600496,精工钢构,3.38,2.11,10.64,0.719,6726624525,上交所主板,正常上市
600497,驰宏锌锗,9.75,0.83,40.858,2.859,49143709709,上交所主板,正常上市
600498,烽火通信,38.5,3.08,124.787,2.976,52289448057,上交所主板,正常上市
600499,科达制造,13.83,-1.36,17.128,2.016,26523953888,上交所主板,正常上市
600501,航天晨光,13.91,0.94,,4.071,5951034622,上交所主板,正常上市
600502,安徽建工,4.47,0.45,4.957,0.629,7672906703,上交所主板,正常上市
600503,华丽家族,2.18,4.81,,1.012,3492992200,上交所主板,正常上市
600505,西昌电力,10.44,-0.57,249.72,3.097,3806084700,上交所主板,正常上市
600506,统一股份,14.61,1.18,104.836,7.198,3647015611,上交所主板,正常上市
600507,方大特钢,4.2,-0.47,12.146,0.946,9715389138,上交所主板,正常上市
600508,上海能源,8.8,0.46,46.91,0.698,8903885760,上交所主板,正常上市
600509,天富能源,7.25,-1.49,43.776,1.254,9964381201,上交所主板,正常上市
600510,黑牡丹,6.51,1.4,79.531,0.636,6718485725,上交所主板,正常上市
600511,国药股份,26.84,-1.14,10.505,1.077,20250860466,上交所主板,正常上市
600512,腾达建设,2.04,2.0,275.066,0.525,3238306533,上交所主板,正常上市
600513,联环药业,17.45,1.04,,3.895,4981211912,上交所主板,正常上市
600515,海南机场,2.86,2.51,141.682,1.347,32676385462,上交所主板,正常上市
600516,方大炭素,5.08,0.4,215.374,1.252,20451929469,上交所主板,正常上市
600517,国网英大,4.92,1.03,12.145,1.174,28134703860,上交所主板,正常上市
600518,康美药业,1.39,2.96,,2.643,19222166399,上交所主板,正常上市
600519,贵州茅台,1291.5,-1.25,19.826,6.426,1614480387692,上交所主板,正常上市
600520,三佳科技,24.55,0.37,290.289,9.88,3889456500,上交所主板,正常上市
600521,华海药业,17.37,1.28,69.693,2.707,26007270645,上交所主板,正常上市
600522,中天科技,32.84,2.56,35.095,2.949,112081266572,上交所主板,正常上市
600523,贵航股份,11.6,1.13,22.507,1.44,4690011312,上交所主板,正常上市
600525,ST长园,5.57,2.2,,2.614,7345605447,上交所主板,ST风险警示
600526,菲达环保,4.59,3.61,12.826,0.873,4078094926,上交所主板,正常上市
600527,江南高纤,2.13,1.43,168.479,1.779,3688650721,上交所主板,正常上市
600528,中铁工业,7.01,0.57,11.385,0.611,15573076632,上交所主板,正常上市
600529,山东药玻,19.19,0.95,19.087,1.52,12734754828,上交所主板,正常上市
600530,ST交昂,3.7,0.27,704.43,9.122,2867204000,上交所主板,ST风险警示
600531,豫光金铅,13.09,2.19,17.468,2.229,15829248717,上交所主板,正常上市
600533,栖霞建设,2.17,3.33,,1.718,2278500000,上交所主板,正常上市
600535,天士力,15.47,1.51,19.908,1.81,23111406577,上交所主板,正常上市
600536,中国软件,35.95,3.72,,9.549,33569627695,上交所主板,正常上市
600537,*ST亿晶,2.11,1.93,,,2497638688,上交所主板,*ST退市风险警示
600538,国发股份,5.28,4.97,,4.069,2767767277,上交所主板,正常上市
600539,狮头股份,15.36,10.03,,11.758,3532800000,上交所主板,正常上市
600540,新赛股份,4.07,2.26,,6.149,2366204227,上交所主板,正常上市
600543,*ST莫高,4.01,1.78,,1.857,1287691200,上交所主板,*ST退市风险警示
600545,卓郎智能,4.15,1.22,,2.831,7419835721,上交所主板,正常上市
600546,山煤国际,13.08,0.08,19.351,1.552,25930526311,上交所主板,正常上市
600547,山东黄金,35.4,8.59,31.633,5.099,163191505185,上交所主板,正常上市
600548,深高速,8.28,-0.48,17.798,0.895,21013448732,上交所主板,正常上市
600549,厦门钨业,53.29,-0.76,27.89,4.623,84602448668,上交所主板,正常上市
600550,保变电气,10.97,-2.32,79.127,20.597,20201567426,上交所主板,正常上市
600551,时代出版,6.98,1.6,11.805,0.792,4732825568,上交所主板,正常上市
600552,凯盛科技,18.05,0.11,128.448,3.95,17050154437,上交所主板,正常上市
600556,天下秀,4.61,0.0,401.478,2.174,8333716630,上交所主板,正常上市
600557,康缘药业,12.82,3.72,24.21,1.482,7258155893,上交所主板,正常上市
600558,大西洋,4.72,0.21,21.511,1.708,4236694802,上交所主板,正常上市
600559,老白干酒,11.62,0.61,24.004,1.941,10629365299,上交所主板,正常上市
600560,金自天正,11.1,1.09,49.127,2.515,2482465050,上交所主板,正常上市
600561,江西长运,5.72,2.69,112.617,1.786,1627207296,上交所主板,正常上市
600562,国睿科技,26.07,2.12,51.358,4.817,32375233889,上交所主板,正常上市
600563,法拉电子,128.52,-1.38,24.186,4.592,28917000000,上交所主板,正常上市
600566,济川药业,25.11,1.09,13.316,1.544,23137929904,上交所主板,正常上市
600567,山鹰国际,1.33,0.76,,0.568,8253259281,上交所主板,正常上市
600568,ST中珠,2.21,0.45,,2.726,4404241995,上交所主板,ST风险警示
600569,安阳钢铁,1.74,1.75,,3.429,4998013212,上交所主板,正常上市
600570,恒生电子,21.25,1.24,30.061,4.035,40240018768,上交所主板,正常上市
600571,信雅达,10.22,3.02,135.496,4.122,4765773118,上交所主板,正常上市
600572,康恩贝,4.51,3.68,23.683,1.577,11448779460,上交所主板,正常上市
600573,惠泉啤酒,9.92,0.92,27.804,1.795,2480000000,上交所主板,正常上市
600575,淮河能源,3.32,0.0,15.297,1.066,23793750004,上交所主板,正常上市
600576,祥源文旅,5.44,2.06,55.837,2.217,5736743514,上交所主板,正常上市
600577,精达股份,7.87,-0.63,28.77,2.718,17564378840,上交所主板,正常上市
600578,京能电力,5.62,0.36,10.611,1.492,37623770104,上交所主板,正常上市
600579,中化装备,7.02,1.15,,2.283,3465077328,上交所主板,正常上市
600581,*ST八钢,2.26,0.44,,,3464349186,上交所主板,*ST退市风险警示
600582,天地科技,4.85,0.0,13.906,0.771,20072156126,上交所主板,正常上市
600583,海油工程,6.1,-0.65,12.982,0.935,26970264280,上交所主板,正常上市
600584,长电科技,79.48,2.24,86.084,4.944,142222670024,上交所主板,正常上市
600585,海螺水泥,17.61,0.86,11.961,0.481,92929027375,上交所主板,正常上市
600586,金晶科技,4.14,1.97,,1.164,5867778078,上交所主板,正常上市
600587,新华医疗,12.79,3.48,15.837,0.988,7758983782,上交所主板,正常上市
600588,用友网络,10.88,-0.09,,5.391,37176931810,上交所主板,正常上市
600589,大位科技,7.69,-0.65,,18.384,11393272454,上交所主板,正常上市
600590,泰豪科技,8.18,-0.49,92.852,2.148,6976474555,上交所主板,正常上市
600592,龙溪股份,13.81,0.51,39.841,2.134,5517834816,上交所主板,正常上市
600593,大连圣亚,40.06,2.12,102.248,24.994,5225626700,上交所主板,正常上市
600594,益佰制药,3.88,1.31,,1.424,3043448332,上交所主板,正常上市
600595,中孚实业,5.98,-1.48,8.588,1.31,23967272582,上交所主板,正常上市
600596,新安股份,10.53,-1.68,67.671,1.132,14211256926,上交所主板,正常上市
600597,光明乳业,6.77,1.04,,1.015,9332267376,上交所主板,正常上市
600600,青岛啤酒,51.44,0.14,15.002,2.163,70174197024,上交所主板,正常上市
600601,方正科技,12.32,0.16,60.298,10.032,52652512368,上交所主板,正常上市
600602,云赛智联,18.97,1.44,132.266,5.273,25944765441,上交所主板,正常上市
600603,广汇物流,4.68,3.77,30.747,0.757,5399783771,上交所主板,正常上市
600604,市北高新,4.56,2.7,,1.421,8542269906,上交所主板,正常上市
600605,汇通能源,24.49,3.68,172.526,3.516,5051856686,上交所主板,正常上市
600606,绿地控股,1.28,2.4,,0.467,17989399442,上交所主板,正常上市
600609,金杯汽车,3.24,2.86,20.113,2.495,4226769728,上交所主板,正常上市
600610,中毅达,8.02,2.82,154.956,61.787,8591622332,上交所主板,正常上市
600611,大众交通,4.46,-2.19,,1.101,10543987973,上交所主板,正常上市
600612,老凤祥,34.96,0.58,10.828,1.332,18288197029,上交所主板,正常上市
600613,神奇制药,8.56,10.03,126.52,1.965,4571653136,上交所主板,正常上市
600615,鑫源智造,9.31,1.86,,2.911,2100565119,上交所主板,正常上市
600616,金枫酒业,4.31,1.89,7009.945,1.491,2883411334,上交所主板,正常上市
600617,国新能源,3.35,-0.3,,2.02,6462792450,上交所主板,正常上市
600618,氯碱化工,10.11,-0.39,13.97,1.227,11691203757,上交所主板,正常上市
600619,海立股份,13.79,-2.13,114.745,2.399,14801419359,上交所主板,正常上市
600620,天宸股份,4.41,3.52,496.171,2.123,3028246068,上交所主板,正常上市
600621,华鑫股份,12.78,0.95,20.745,1.45,13558292952,上交所主板,正常上市
600622,光大嘉宝,2.26,4.15,,1.696,3389289009,上交所主板,正常上市
600623,华谊集团,8.21,-0.36,30.789,0.773,17401019583,上交所主板,正常上市
600624,ST复华,4.18,0.0,,6.683,2839670218,上交所主板,ST风险警示
600626,申达股份,3.55,1.43,105.543,1.462,4688643568,上交所主板,正常上市
600628,新世界,6.24,2.3,56.064,0.951,4036502396,上交所主板,正常上市
600629,华建集团,16.55,0.36,1223.96,3.612,19029270731,上交所主板,正常上市
600630,龙头股份,6.65,1.68,52.664,3.472,2825329620,上交所主板,正常上市
600633,浙数文化,10.21,0.89,26.07,1.253,12947040359,上交所主板,正常上市
600635,大众公用,4.49,-0.22,48.759,1.491,13256431691,上交所主板,正常上市
600637,东方明珠,7.97,1.14,47.994,0.895,26794341541,上交所主板,正常上市
600638,新黄浦,4.97,3.76,26.079,0.716,3346782026,上交所主板,正常上市
600639,浦东金桥,9.56,0.74,10.289,0.712,10730267257,上交所主板,正常上市
600640,国脉文化,10.6,1.73,355.894,2.121,8390444204,上交所主板,正常上市
600641,先导基电,32.84,-0.94,727.749,3.697,31095076813,上交所主板,正常上市
600642,申能股份,8.49,1.19,10.962,1.09,41550733902,上交所主板,正常上市
600643,爱建集团,3.92,2.62,,0.636,6245229450,上交所主板,正常上市
600644,乐山电力,8.87,1.84,225.455,2.481,5129705656,上交所主板,正常上市
600645,中源协和,21.08,3.23,89.639,2.652,9864362601,上交所主板,正常上市
600648,外高桥,9.09,1.56,13.593,0.775,12361602062,上交所主板,正常上市
600649,城投控股,4.16,10.05,37.974,0.495,10365891195,上交所主板,正常上市
600650,锦江在线,10.36,0.48,40.076,1.345,5714680709,上交所主板,正常上市
600651,飞乐音响,5.69,0.0,237.151,5.654,14264989405,上交所主板,正常上市
600653,申华控股,1.66,0.61,,5.165,3230991326,上交所主板,正常上市
600654,中安科,2.85,1.79,111.471,4.866,8109417534,上交所主板,正常上市
600655,豫园股份,4.61,0.88,,0.599,17938470646,上交所主板,正常上市
600657,信达地产,2.68,5.1,,0.493,7643034635,上交所主板,正常上市
600658,电子城,4.01,4.7,,1.107,4485526030,上交所主板,正常上市
600660,福耀玻璃,57.82,-0.14,17.799,3.953,150895371020,上交所主板,正常上市
600661,昂立教育,8.79,-1.46,21.941,9.499,2518764216,上交所主板,正常上市
600662,外服控股,4.28,1.66,14.415,1.802,9773136485,上交所主板,正常上市
600663,陆家嘴,9.55,1.27,31.665,1.885,48085717634,上交所主板,正常上市
600664,哈药股份,9.08,0.22,73.815,3.902,22868069674,上交所主板,正常上市
600665,天地源,3.44,0.88,,2.097,2972581472,上交所主板,正常上市
600666,奥瑞德,3.51,-0.28,68.964,8.808,9657124053,上交所主板,正常上市
600667,太极实业,21.21,0.43,96.586,5.074,44361609595,上交所主板,正常上市
600668,尖峰集团,7.48,2.89,,0.564,3088496443,上交所主板,正常上市
600671,天目药业,21.05,1.74,156.839,34.725,2563445529,上交所主板,正常上市
600674,川投能源,15.5,-0.32,16.344,1.691,75556405834,上交所主板,正常上市
600675,中华企业,2.3,2.68,,0.969,13906111261,上交所主板,正常上市
600676,久事动娱,6.59,2.49,,1.421,6777768501,上交所主板,正常上市
600678,ST金顶,5.36,0.94,,7.254,1870586400,上交所主板,ST风险警示
600679,上海凤凰,9.49,1.39,53.335,2.295,4700342689,上交所主板,正常上市
600681,百川能源,3.43,0.88,18.767,1.25,4599131998,上交所主板,正常上市
600682,南京新百,5.92,4.41,,0.485,7963182748,上交所主板,正常上市
600683,京投发展,10.65,10.02,,,7889281408,上交所主板,正常上市
600684,珠江股份,3.5,1.74,62.42,3.072,3871259991,上交所主板,正常上市
600685,中船防务,25.29,0.72,29.302,1.96,35747576300,上交所主板,正常上市
600686,金龙汽车,11.11,1.65,13.938,2.192,7966396803,上交所主板,正常上市
600688,上海石化,2.81,-0.35,,1.265,29624755175,上交所主板,正常上市
600689,上海三毛,10.72,2.58,185.329,4.546,2154627197,上交所主板,正常上市
600690,海尔智家,21.77,-0.91,10.907,1.631,204150997481,上交所主板,正常上市
600691,潞化科技,2.51,-0.4,,1.917,5963714700,上交所主板,正常上市
600692,亚通股份,6.49,6.74,85.189,2.348,2282948775,上交所主板,正常上市
600693,东百集团,8.95,-1.21,159.074,2.16,7785123902,上交所主板,正常上市
600694,大商股份,14.55,1.61,11.021,0.603,5511447040,上交所主板,正常上市
600697,欧亚集团,10.76,2.18,,0.766,1711787687,上交所主板,正常上市
600698,湖南天雁,6.64,0.91,,9.604,7095754540,上交所主板,正常上市
600699,均胜电子,19.31,-0.57,21.428,1.709,29945379572,上交所主板,正常上市
600702,舍得酒业,35.28,1.06,,1.682,11716165717,上交所主板,正常上市
600703,三安光电,13.75,1.78,,1.966,68599007496,上交所主板,正常上市
600704,物产中大,4.89,1.03,7.004,0.6,25287069662,上交所主板,正常上市
600706,曲江文旅,7.94,2.72,,4.512,2025174693,上交所主板,正常上市
600708,光明地产,3.08,2.67,,1.151,6864201168,上交所主板,正常上市
600710,苏美达,10.21,0.59,9.724,1.558,13341911721,上交所主板,正常上市
600711,盛屯矿业,11.64,1.66,13.261,2.012,35974718454,上交所主板,正常上市
600712,南宁百货,5.37,1.7,,3.858,2924799283,上交所主板,正常上市
600713,南京医药,5.37,1.7,11.293,0.956,7024840852,上交所主板,正常上市
600715,文投控股,1.57,0.64,,5.896,6373969995,上交所主板,正常上市
600716,凤凰股份,3.56,2.89,,0.749,3332375700,上交所主板,正常上市
600717,天津港,4.27,0.47,11.674,0.604,12357384432,上交所主板,正常上市
600718,东软集团,8.13,1.75,,1.099,9727047867,上交所主板,正常上市
600719,大连热电,7.05,2.17,,7.939,2852427180,上交所主板,正常上市
600720,中交设计,5.23,4.18,8.377,0.75,12000734805,上交所主板,正常上市
600721,百花医药,13.66,-0.44,197.405,6.497,5252920694,上交所主板,正常上市
600722,金牛化工,13.24,3.12,189.372,7.141,9007432510,上交所主板,正常上市
600724,宁波富达,5.07,3.05,39.511,2.593,7327372230,上交所主板,正常上市
600725,云维股份,3.16,-1.86,,15.178,3894605200,上交所主板,正常上市
600726,华电能源,5.65,0.0,133.949,8.483,44676449587,上交所主板,正常上市
600727,鲁北化工,7.37,0.0,29.583,1.164,3895657705,上交所主板,正常上市
600728,佳都科技,4.58,2.23,148.474,1.237,9767304615,上交所主板,正常上市
600729,重百集团,19.45,1.3,10.087,1.054,8566812348,上交所主板,正常上市
600730,*ST高科,10.21,-1.64,,3.571,5989757780,上交所主板,*ST退市风险警示
600731,湖南海利,5.92,-0.67,14.153,1.028,3278806303,上交所主板,正常上市
600732,爱旭股份,11.76,-0.34,,5.251,24874688531,上交所主板,正常上市
600733,北汽蓝谷,5.21,3.78,,5.509,33172872142,上交所主板,正常上市
600734,*ST实达,1.63,0.62,,15.494,3550634063,上交所主板,*ST退市风险警示
600735,ST新华锦,5.95,3.66,,2.392,2551230403,上交所主板,ST风险警示
600736,苏州高新,6.76,2.11,36.053,1.044,7782740051,上交所主板,正常上市
600737,中粮糖业,15.85,6.16,34.235,2.915,33900744414,上交所主板,正常上市
600738,丽尚国潮,4.09,0.25,16.591,1.46,3113861115,上交所主板,正常上市
600739,辽宁成大,10.96,4.58,17.747,0.569,16684582571,上交所主板,正常上市
600741,华域汽车,15.45,0.78,6.79,0.715,48709585553,上交所主板,正常上市
600742,富维股份,7.57,2.3,12.553,0.66,5624948152,上交所主板,正常上市
600743,华远控股,2.26,1.8,,9.572,5302187975,上交所主板,正常上市
600744,华银电力,6.39,-0.47,89.925,10.069,12978884111,上交所主板,正常上市
600745,*ST闻泰,16.52,1.35,,0.916,21662371933,上交所主板,*ST退市风险警示
600746,江苏索普,6.57,0.0,117.325,1.408,7672727748,上交所主板,正常上市
600748,上实发展,3.88,2.37,,0.693,7156904021,上交所主板,正常上市
600749,西藏旅游,13.75,3.07,251.715,3.0,3120775859,上交所主板,正常上市
600750,华润江中,24.2,0.88,16.906,3.564,15381236594,上交所主板,正常上市
600751,海航科技,3.17,1.93,126.044,1.216,9190900772,上交所主板,正常上市
600753,ST海钦,9.86,1.13,46.72,26.265,2270828746,上交所主板,ST风险警示
600754,锦江酒店,19.24,2.23,19.948,1.273,20472869609,上交所主板,正常上市
600755,厦门国贸,5.68,1.25,35.52,0.629,12141687831,上交所主板,正常上市
600756,浪潮软件,14.42,-1.3,,2.255,5041646618,上交所主板,正常上市
600757,长江传媒,7.71,0.52,9.866,0.904,9357243605,上交所主板,正常上市
600759,ST洲际,2.51,0.8,49.001,1.146,10414013293,上交所主板,ST风险警示
600760,中航沈飞,43.5,-0.07,37.919,5.186,123319430249,上交所主板,正常上市
600761,安徽合力,16.55,0.12,12.125,1.322,14740965195,上交所主板,正常上市
600763,通策医疗,36.54,3.66,26.579,3.951,16343944335,上交所主板,正常上市
600764,中国海防,17.4,1.28,107.389,1.507,12364951316,上交所主板,正常上市
600765,中航重机,13.09,0.08,35.716,1.417,20322148463,上交所主板,正常上市
600768,富邦新材,14.95,0.4,18.614,4.153,1999520640,上交所主板,正常上市
600769,祥龙电业,15.18,-0.98,407.025,43.359,5692153896,上交所主板,正常上市
600770,综艺股份,5.03,1.21,47.955,1.922,6539000000,上交所主板,正常上市
600771,广誉远,13.92,2.73,102.931,4.009,6813716683,上交所主板,正常上市
600773,西藏城投,10.67,1.04,,2.395,10153431850,上交所主板,正常上市
600774,汉商集团,7.39,3.07,,1.473,2180289451,上交所主板,正常上市
600775,南京熊猫,9.46,2.6,264.546,2.779,8644912484,上交所主板,正常上市
600776,东方通信,12.38,1.89,34.0,4.071,15549280792,上交所主板,正常上市
600777,新潮能源,4.1,-0.24,36.711,1.257,27882032882,上交所主板,正常上市
600778,友好集团,5.56,2.21,125.767,6.852,1731891917,上交所主板,正常上市
600779,水井坊,27.18,0.93,34.271,2.507,13250336922,上交所主板,正常上市
600780,通宝能源,5.82,0.87,10.236,0.779,6672644684,上交所主板,正常上市
600782,新钢股份,2.72,1.12,,0.341,8660540245,上交所主板,正常上市
600784,鲁银投资,7.86,-0.76,36.416,1.599,5310626897,上交所主板,正常上市
600785,新华百货,8.85,1.03,46.963,1.211,2795571559,上交所主板,正常上市
600787,中储股份,4.57,0.22,18.331,0.709,9917263690,上交所主板,正常上市
600789,鲁抗医药,7.69,3.92,92.427,1.555,8037509393,上交所主板,正常上市
600790,轻纺城,3.38,2.74,16.326,0.833,4954373337,上交所主板,正常上市
600791,京能置业,7.4,1.65,,,3351312000,上交所主板,正常上市
600793,宜宾纸业,14.33,0.42,,11.188,2535034349,上交所主板,正常上市
600794,保税科技,3.19,0.95,,1.531,3828485381,上交所主板,正常上市
600795,国电电力,5.16,0.58,14.183,1.528,92031794463,上交所主板,正常上市
600796,钱江生化,5.14,1.58,25.832,1.281,4454250837,上交所主板,正常上市
600797,浙大网新,6.81,1.04,,2.114,6997454580,上交所主板,正常上市
600798,宁波海运,3.29,-2.08,60.555,1.005,3969497521,上交所主板,正常上市
600800,渤海化学,3.3,0.92,,3.743,3663149213,上交所主板,正常上市
600801,华新建材,22.77,-0.91,14.568,1.44,47338730928,上交所主板,正常上市
600802,福建水泥,4.59,2.46,,2.299,2103360156,上交所主板,正常上市
600803,新奥股份,17.62,-1.56,12.509,2.254,54537161585,上交所主板,正常上市
600805,悦达投资,4.42,2.08,105.08,0.881,3760953663,上交所主板,正常上市
600807,济高发展,2.6,2.77,,7.78,2300050301,上交所主板,正常上市
600808,马钢股份,2.51,2.45,,0.803,19328709777,上交所主板,正常上市
600809,山西汾酒,118.5,-0.67,13.165,3.211,144565760307,上交所主板,正常上市
600810,神马股份,6.2,0.49,,0.966,6761589850,上交所主板,正常上市
600812,华北制药,5.14,1.58,54.763,1.589,8818854102,上交所主板,正常上市
600814,杭州解百,6.75,0.75,21.752,1.296,4961780537,上交所主板,正常上市
600815,厦工股份,3.91,-0.26,,4.771,6936709417,上交所主板,正常上市
600816,建元信托,2.48,1.64,21.265,1.615,24414231670,上交所主板,正常上市
600817,宇通重工,9.53,1.71,17.256,2.075,5070597042,上交所主板,正常上市
600818,ST中路,6.9,-2.4,,4.44,2217990579,上交所主板,ST风险警示
600819,耀皮玻璃,5.45,1.87,45.442,1.374,5323326048,上交所主板,正常上市
600820,隧道股份,5.41,0.37,7.8,0.529,17009559869,上交所主板,正常上市
600821,金开新能,5.96,0.34,,1.301,11725256720,上交所主板,正常上市
600822,上海物贸,8.36,1.83,146.58,3.341,4146333561,上交所主板,正常上市
600824,益民集团,3.63,0.83,30.169,1.51,3826118275,上交所主板,正常上市
600825,新华传媒,4.95,1.43,121.414,2.072,5172194858,上交所主板,正常上市
600826,兰生股份,7.87,2.21,16.908,1.335,5699324680,上交所主板,正常上市
600827,百联股份,7.59,1.34,11.009,0.658,13541836008,上交所主板,正常上市
600828,茂业商业,3.93,1.55,,1.012,6806691406,上交所主板,正常上市
600830,香溢融通,8.12,1.63,44.847,1.628,3689100706,上交所主板,正常上市
600831,广电网络,3.32,0.91,,6.66,2360344013,上交所主板,正常上市
600833,第一医药,11.04,3.27,32.291,2.084,2462873271,上交所主板,正常上市
600834,申通地铁,7.56,2.72,73.417,2.071,3609007202,上交所主板,正常上市
600835,上海机电,18.23,1.17,23.929,1.318,18362983201,上交所主板,正常上市
600838,上海九百,7.51,2.74,70.246,1.95,3010623677,上交所主板,正常上市
600839,四川长虹,6.96,1.46,43.308,2.087,32129059785,上交所主板,正常上市
600841,动力新科,5.66,1.07,2.519,1.224,7855071297,上交所主板,正常上市
600843,上工申贝,6.86,1.48,,1.804,4892322053,上交所主板,正常上市
600844,金煤科技,3.52,4.14,,45.186,3578165325,上交所主板,正常上市
600845,宝信软件,17.69,0.8,38.911,4.56,50556324184,上交所主板,正常上市
600846,XD同济科,11.96,0.17,30.835,1.72,7472147731,上交所主板,正常上市
600847,万里股份,12.74,2.82,,4.075,1952881476,上交所主板,正常上市
600848,上海临港,8.5,0.47,23.262,1.278,21441139534,上交所主板,正常上市
600850,电科数字,14.3,0.14,38.443,2.378,11672210393,上交所主板,正常上市
600851,海欣股份,8.96,4.55,62.912,2.379,10815227960,上交所主板,正常上市
600853,龙建股份,3.3,2.17,8.611,0.938,3345206981,上交所主板,正常上市
600854,春兰股份,4.53,1.34,18.656,0.949,2353147177,上交所主板,正常上市
600855,航天长峰,11.92,-0.25,,3.995,5585029318,上交所主板,正常上市
600857,宁波中百,20.25,2.69,97.384,5.136,4542478360,上交所主板,正常上市
600858,银座股份,4.95,2.06,44.425,0.934,2574329616,上交所主板,正常上市
600859,王府井,9.9,2.06,,0.573,11126921098,上交所主板,正常上市
600860,京城股份,8.29,-0.84,,5.717,4538658841,上交所主板,正常上市
600861,北京人力,13.16,2.57,8.851,0.984,7450043369,上交所主板,正常上市
600862,中航高科,17.37,0.06,26.189,3.051,24197262989,上交所主板,正常上市
600863,华能蒙电,4.75,0.21,16.42,1.78,37217150410,上交所主板,正常上市
600864,哈投股份,5.31,0.19,29.714,0.834,11047829461,上交所主板,正常上市
600865,百大集团,8.68,0.93,,1.423,3265765943,上交所主板,正常上市
600866,星湖科技,4.46,2.53,34.736,0.968,7410167867,上交所主板,正常上市
600867,通化东宝,8.5,3.16,13.461,2.299,16647614047,上交所主板,正常上市
600868,梅雁吉祥,2.71,1.5,,2.659,5143982920,上交所主板,正常上市
600869,远东股份,16.6,7.79,336.236,8.564,36841255584,上交所主板,正常上市
600871,石化油服,2.22,-0.45,62.244,4.205,42084641749,上交所主板,正常上市
600872,中炬高新,18.73,0.64,20.886,2.602,14502518042,上交所主板,正常上市
600873,梅花生物,7.85,1.29,10.122,1.405,22013296953,上交所主板,正常上市
600874,创业环保,5.64,0.71,10.02,0.841,8857157999,上交所主板,正常上市
600875,东方电气,25.68,-0.89,20.833,1.894,88810693172,上交所主板,正常上市
600876,凯盛新能,7.03,1.15,,1.651,4539094990,上交所主板,正常上市
600877,电科芯片,12.19,-1.14,483.38,5.766,14433685207,上交所主板,正常上市
600880,博瑞传播,3.85,1.85,,1.402,4209328554,上交所主板,正常上市
600881,亚泰集团,1.99,5.85,,14.962,6431980466,上交所主板,正常上市
600882,妙可蓝多,20.85,-0.95,94.947,2.288,10601258540,上交所主板,正常上市
600883,博闻科技,7.84,2.75,65.784,1.884,1850929920,上交所主板,正常上市
600884,杉杉股份,11.65,-0.26,34.614,1.164,26161697356,上交所主板,正常上市
600885,宏发股份,34.84,-1.05,27.66,4.081,53918185865,上交所主板,正常上市
600886,国投电力,13.94,-0.85,15.011,1.617,111582650012,上交所主板,正常上市
600887,伊利股份,25.52,1.15,13.357,2.709,161423204222,上交所主板,正常上市
600888,新疆众和,9.81,0.2,21.606,1.19,15235773160,上交所主板,正常上市
600889,*ST京化,13.4,0.75,4018.857,4.977,7860297250,上交所主板,*ST退市风险警示
600892,大晟文化,3.75,1.63,,238.854,2097990705,上交所主板,正常上市
600893,航发动力,35.78,0.59,151.539,2.372,95374961836,上交所主板,正常上市
600894,广日股份,7.88,1.29,9.385,0.754,6675985085,上交所主板,正常上市
600897,厦门空港,14.85,1.02,12.152,1.246,6191469900,上交所主板,正常上市
600900,长江电力,28.16,-0.91,19.096,3.023,689025010883,上交所主板,正常上市
600901,江苏金租,6.46,-1.82,11.051,1.452,37415457144,上交所主板,正常上市
600903,贵州燃气,6.16,0.65,93.133,2.315,7170149140,上交所主板,正常上市
600905,三峡能源,3.72,0.81,46.083,1.185,106346058528,上交所主板,正常上市
600906,财达证券,6.42,0.47,23.61,1.665,20832900000,上交所主板,正常上市
600908,无锡银行,5.4,0.56,5.095,0.512,11851281153,上交所主板,正常上市
600909,华安证券,8.04,-0.5,20.027,1.531,40394642595,上交所主板,正常上市
600916,中国黄金,7.69,0.65,42.411,1.769,12919200000,上交所主板,正常上市
600917,重庆燃气,4.84,1.26,33.535,1.31,7555432438,上交所主板,正常上市
600918,中泰证券,5.6,2.38,28.909,0.992,44342709578,上交所主板,正常上市
600919,江苏银行,12.1,1.26,6.144,0.818,222051026002,上交所主板,正常上市
600925,苏能股份,4.36,0.93,137.056,1.927,30035555556,上交所主板,正常上市
600926,杭州银行,16.81,0.12,6.205,0.87,121855732832,上交所主板,正常上市
600927,永安期货,12.91,2.22,23.009,1.402,18725240509,上交所主板,正常上市
600928,西安银行,3.56,1.14,5.874,0.441,15822222224,上交所主板,正常上市
600929,雪天盐业,5.27,0.57,147.752,1.143,8643396859,上交所主板,正常上市
600930,华电新能,3.91,0.26,25.474,1.477,163102857142,上交所主板,正常上市
600933,爱柯迪,13.65,0.0,12.407,1.43,14059763349,上交所主板,正常上市
600935,华塑股份,2.27,1.34,,1.374,8160055387,上交所主板,正常上市
600936,北投科技,4.93,4.45,,8.065,8238159358,上交所主板,正常上市
600938,中国海油,33.3,-0.15,12.696,1.891,1582747467667,上交所主板,正常上市
600939,重庆建工,2.59,2.78,,0.703,4927410105,上交所主板,正常上市
600941,中国移动,96.7,-0.48,15.912,1.475,2097153610529,上交所主板,正常上市
600955,维远股份,12.85,1.98,,0.921,7067500000,上交所主板,正常上市
600956,XD新天绿,7.04,1.59,19.958,1.285,31681883010,上交所主板,正常上市
600958,东方证券,8.92,0.45,13.101,0.926,75790076005,上交所主板,正常上市
600959,江苏有线,3.02,1.34,69.457,0.664,15102167412,上交所主板,正常上市
600960,渤海汽车,3.96,2.86,23.516,1.069,3764041451,上交所主板,正常上市
600961,株冶集团,27.09,-1.24,11.682,4.959,29064121524,上交所主板,正常上市
600962,国投中鲁,25.22,1.0,363.96,6.983,6612936200,上交所主板,正常上市
600963,岳阳林纸,3.32,0.3,,0.767,5835125275,上交所主板,正常上市
600965,*ST福成,2.79,-1.41,41.932,1.038,2284175664,上交所主板,*ST退市风险警示
600966,博汇纸业,4.82,2.12,40.914,0.861,6443589468,上交所主板,正常上市
600967,内蒙一机,10.81,0.93,64.133,1.54,18396400350,上交所主板,正常上市
600968,海油发展,4.01,-1.23,10.378,1.351,40762067838,上交所主板,正常上市
600969,郴电国际,8.59,0.23,41.386,0.873,3178733658,上交所主板,正常上市
600970,中材国际,7.78,1.3,7.686,0.872,20397704549,上交所主板,正常上市
600971,恒源煤电,8.67,1.05,,0.876,10404042344,上交所主板,正常上市
600973,宝胜股份,6.04,1.51,,2.446,8283052138,上交所主板,正常上市
600975,新五丰,5.0,1.83,,3.497,6248308700,上交所主板,正常上市
600976,健民集团,28.63,0.95,13.879,1.629,4391801918,上交所主板,正常上市
600977,中国电影,11.93,1.27,155.427,2.027,22273310000,上交所主板,正常上市
600979,广安爱众,3.84,0.79,,1.167,4841570365,上交所主板,正常上市
600980,北矿科技,19.6,0.05,29.885,2.454,3787965110,上交所主板,正常上市
600981,苏豪汇鸿,2.41,1.69,,1.085,5404263993,上交所主板,正常上市
600982,宁波能源,4.81,1.05,14.216,1.178,5375788203,上交所主板,正常上市
600983,惠而浦,7.84,2.75,12.042,1.955,6008881760,上交所主板,正常上市
600984,建设机械,4.49,0.0,,3.155,5644127223,上交所主板,正常上市
600985,淮北矿业,17.6,2.68,36.31,1.128,47401353278,上交所主板,正常上市
600986,浙文互联,7.06,0.14,,2.035,10500860878,上交所主板,正常上市
600987,航民股份,6.53,-0.15,9.253,0.989,6665947241,上交所主板,正常上市
600988,赤峰黄金,46.1,7.91,24.423,6.131,87608955306,上交所主板,正常上市
600989,宝丰能源,23.4,-1.1,11.172,3.108,171600624000,上交所主板,正常上市
600990,四创电子,17.8,1.83,,3.119,4788425989,上交所主板,正常上市
600992,贵绳股份,9.67,0.73,,1.658,2370020300,上交所主板,正常上市
600993,马应龙,23.49,1.34,17.147,2.205,10125455900,上交所主板,正常上市
600995,南网储能,12.33,-0.24,22.285,1.706,39406751576,上交所主板,正常上市
600996,贵广网络,6.57,0.92,,5.221,8191475041,上交所主板,正常上市
600997,开滦股份,5.56,-0.18,,0.652,8828167172,上交所主板,正常上市
600998,九州通,5.04,1.82,12.593,0.924,25414049979,上交所主板,正常上市
600999,招商证券,17.83,0.0,11.648,1.247,155059072951,上交所主板,正常上市
601000,唐山港,4.61,0.44,13.085,1.246,27318530911,上交所主板,正常上市
601001,晋控煤业,17.15,-0.29,17.314,1.468,28703955000,上交所主板,正常上市
601002,晋亿实业,5.21,-0.19,19.52,1.132,5010200251,上交所主板,正常上市
601003,柳钢股份,3.6,0.0,21.844,1.01,9483198376,上交所主板,正常上市
601005,重庆钢铁,1.18,0.0,,0.77,11339020638,上交所主板,正常上市
601006,大秦铁路,4.8,0.63,16.687,0.582,95341885334,上交所主板,正常上市
601007,金陵饭店,6.78,2.26,40.485,1.637,2644200000,上交所主板,正常上市
601009,南京银行,11.92,1.36,6.453,0.763,147373721560,上交所主板,正常上市
601010,ST文峰,1.42,0.71,,0.635,2568348604,上交所主板,ST风险警示
601011,宝泰隆,3.2,5.26,,1.132,6130126525,上交所主板,正常上市
601012,隆基绿能,12.41,-0.32,,1.863,94043838127,上交所主板,正常上市
601016,节能风电,3.38,0.3,44.427,1.242,22120366986,上交所主板,正常上市
601018,宁波港,3.39,0.0,12.773,0.805,65950376673,上交所主板,正常上市
601019,山东出版,7.02,0.72,12.425,0.932,14650038000,上交所主板,正常上市
601020,华钰矿业,21.27,2.01,20.383,4.056,17440649126,上交所主板,正常上市
601021,春秋航空,44.28,0.32,16.515,2.324,43320603970,上交所主板,正常上市
601022,宁波远洋,8.2,-1.8,17.347,1.709,10730793339,上交所主板,正常上市
601026,道生天合,16.33,2.0,52.344,4.231,10768002000,上交所主板,正常上市
601033,永兴股份,14.35,-0.49,14.329,1.168,12915000000,上交所主板,正常上市
601038,一拖股份,12.93,1.97,17.194,1.767,14528733406,上交所主板,正常上市
601058,赛轮轮胎,14.15,0.64,13.142,2.076,46526618665,上交所主板,正常上市
601059,信达证券,16.35,0.37,26.958,2.466,53023050000,上交所主板,正常上市
601061,中信金属,11.96,3.55,16.768,2.419,58604000000,上交所主板,正常上市
601065,江盐集团,6.78,1.19,21.534,0.968,4358021816,上交所主板,正常上市
601066,XD中信建,24.81,-0.56,15.31,2.198,192443597914,上交所主板,正常上市
601068,中铝国际,4.44,0.91,50.598,4.272,13261915773,上交所主板,正常上市
601069,西部黄金,30.9,4.89,28.999,5.355,28149872901,上交所主板,正常上市
601077,渝农商行,6.82,0.89,6.288,0.57,77454740000,上交所主板,正常上市
601083,锦江航运,11.62,1.22,10.169,1.553,15037674400,上交所主板,正常上市
601086,国芳集团,7.64,0.13,52.622,3.122,5088240000,上交所主板,正常上市
601088,中国神华,46.55,0.06,19.579,1.866,1009643166851,上交所主板,正常上市
601089,福元医药,18.14,6.64,22.459,2.333,8707200000,上交所主板,正常上市
601096,宏盛华源,4.13,-0.72,30.999,2.309,11048390513,上交所主板,正常上市
601098,中南传媒,10.26,-0.1,11.476,1.113,18426960000,上交所主板,正常上市
601099,太平洋,3.34,0.6,136.345,2.292,22766496676,上交所主板,正常上市
601100,恒立液压,101.4,0.4,49.107,7.601,135959248589,上交所主板,正常上市
601101,昊华能源,12.75,1.11,22.699,1.476,18359973557,上交所主板,正常上市
601106,中国一重,3.04,2.01,,4.036,20847660098,上交所主板,正常上市
601107,四川成渝,5.56,-0.18,11.46,0.979,17002813600,上交所主板,正常上市
601108,财通证券,8.38,-1.06,13.148,1.02,38914784136,上交所主板,正常上市
601111,中国国航,5.85,0.69,60.312,1.874,119881482026,上交所主板,正常上市
601112,振石股份,15.16,-0.66,33.194,4.022,26383954124,上交所主板,正常上市
601113,华鼎股份,3.37,1.81,33.133,0.961,4563493002,上交所主板,正常上市
601116,三江购物,10.58,-0.38,32.778,1.73,5794437472,上交所主板,正常上市
601117,中国化学,7.51,0.94,6.992,0.666,45852760572,上交所主板,正常上市
601118,海南橡胶,6.2,9.93,,2.774,26532452341,上交所主板,正常上市
601121,宝地矿业,7.31,-0.14,45.753,1.644,7194814488,上交所主板,正常上市
601126,四方股份,43.49,-0.89,42.221,7.008,36231758195,上交所主板,正常上市
601127,赛力斯,51.49,2.0,69.048,2.393,89694812078,上交所主板,正常上市
601128,常熟银行,6.26,1.13,5.262,0.713,22837602067,上交所主板,正常上市
601133,柏诚股份,25.18,-0.32,68.992,4.392,13249781040,上交所主板,正常上市
601136,首创证券,13.81,0.44,34.253,2.668,37747339778,上交所主板,正常上市
601137,博威合金,18.91,1.23,,1.851,17361780284,上交所主板,正常上市
601138,工业富联,62.13,0.49,26.281,7.015,1232913453605,上交所主板,正常上市
601139,深圳燃气,6.33,-0.31,12.629,1.104,18209792400,上交所主板,正常上市
601155,新城控股,11.31,2.08,37.116,0.412,25511094501,上交所主板,正常上市
601156,东航物流,18.36,0.0,10.712,1.442,29147520008,上交所主板,正常上市
601158,重庆水务,4.14,0.73,23.808,1.135,19872124693,上交所主板,正常上市
601162,天风证券,3.6,1.12,274.961,1.324,36266346842,上交所主板,正常上市
601163,三角轮胎,13.03,1.72,10.695,0.736,10424000000,上交所主板,正常上市
601166,兴业银行,18.17,-0.38,4.961,0.462,384529157351,上交所主板,正常上市
601168,西部矿业,36.66,-0.46,14.701,3.897,87360780000,上交所主板,正常上市
601169,北京银行,5.06,0.8,5.216,0.378,106983500416,上交所主板,正常上市
601177,杭齿前进,12.68,0.79,19.684,1.775,5169807180,上交所主板,正常上市
601179,中国西电,12.81,-1.46,48.297,2.803,65662552929,上交所主板,正常上市
601186,中国铁建,6.07,1.68,4.682,0.297,82427816905,上交所主板,正常上市
601187,厦门银行,7.3,0.27,7.182,0.707,19265633582,上交所主板,正常上市
601188,龙江交通,2.85,1.79,24.159,0.822,3720589258,上交所主板,正常上市
601198,东兴证券,13.54,0.0,18.967,1.438,43767312341,上交所主板,正常上市
601199,江南水务,6.4,2.56,16.593,1.273,5985345869,上交所主板,正常上市
601200,上海环境,6.98,0.87,15.577,0.795,9396687152,上交所主板,正常上市
601208,东材科技,45.72,1.46,121.415,7.586,46185564154,上交所主板,正常上市
601211,国泰海通,17.49,-2.07,9.511,0.925,307492703511,上交所主板,正常上市
601212,白银有色,5.54,2.59,,2.581,41022450791,上交所主板,正常上市
601216,君正集团,4.43,1.37,12.347,1.252,37380417038,上交所主板,正常上市
601218,吉鑫科技,4.39,0.69,26.866,1.403,4254057118,上交所主板,正常上市
601222,林洋能源,5.46,-0.18,61.624,0.742,11145062052,上交所主板,正常上市
601225,陕西煤业,25.55,-0.16,15.319,2.426,247707250000,上交所主板,正常上市
601226,华电科工,6.11,2.0,37.997,1.633,7101186807,上交所主板,正常上市
601228,广州港,3.05,0.99,29.182,1.069,23010820621,上交所主板,正常上市
601229,上海银行,9.84,0.82,5.769,0.552,139816941172,上交所主板,正常上市
601231,环旭电子,27.27,1.49,33.655,2.818,65146275939,上交所主板,正常上市
601233,桐昆股份,23.62,-0.38,16.926,1.397,56192015194,上交所主板,正常上市
601236,红塔证券,6.81,0.74,28.693,1.256,31960921538,上交所主板,正常上市
601238,广汽集团,5.41,7.98,,0.529,55166126519,上交所主板,正常上市
601279,英利汽车,3.22,2.88,,1.231,5106230872,上交所主板,正常上市
601288,农业银行,6.81,0.59,8.099,0.843,2383384460675,上交所主板,正常上市
601298,青岛港,8.92,-0.11,11.042,1.23,57900612000,上交所主板,正常上市
601311,骆驼股份,7.69,0.79,11.864,0.881,9021493647,上交所主板,正常上市
601318,中国平安,52.14,0.12,7.11,0.927,944132453619,上交所主板,正常上市
601319,中国人保,6.92,0.58,7.182,0.961,306030014834,上交所主板,正常上市
601326,秦港股份,3.38,0.0,11.706,0.911,18885452560,上交所主板,正常上市
601328,交通银行,7.11,-0.56,6.516,0.539,628266505826,上交所主板,正常上市
601330,绿色动力,7.02,0.29,15.715,1.214,10042705282,上交所主板,正常上市
601333,广深铁路,2.95,0.68,13.594,0.722,20896434150,上交所主板,正常上市
601336,新华保险,58.08,0.73,4.91,1.467,181183266528,上交所主板,正常上市
601339,百隆东方,7.97,1.66,14.476,1.298,11951564930,上交所主板,正常上市
601360,三六零,8.8,-0.34,80.996,2.18,61596109335,上交所主板,正常上市
601366,利群股份,3.63,0.83,,0.797,3483860240,上交所主板,正常上市
601368,绿城水务,4.6,1.77,34.324,0.84,4061676154,上交所主板,正常上市
601369,陕鼓动力,8.72,-0.91,21.719,1.652,15028697570,上交所主板,正常上市
601375,中原证券,4.02,1.01,35.789,1.283,18664396494,上交所主板,正常上市
601377,兴业证券,5.78,0.17,13.603,0.888,49916006559,上交所主板,正常上市
601388,怡球资源,3.31,1.22,34.968,1.554,7286046859,上交所主板,正常上市
601390,中国中铁,4.36,1.16,5.039,0.335,106956513034,上交所主板,正常上市
601398,工商银行,7.78,-0.26,7.467,0.703,2772840680152,上交所主板,正常上市
601399,国机重装,3.1,0.32,46.637,1.503,22362023259,上交所主板,正常上市
601456,国联民生,8.81,0.69,23.501,0.936,50046022621,上交所主板,正常上市
601500,通用股份,4.05,2.02,28.462,1.049,6411152977,上交所主板,正常上市
601512,中新集团,7.84,1.55,12.828,0.762,11751297600,上交所主板,正常上市
601515,衢州东峰,3.31,2.16,,1.3,6369997921,上交所主板,正常上市
601518,吉林高速,2.77,0.73,10.652,0.898,5236832278,上交所主板,正常上市
601519,大智慧,7.68,0.0,,11.777,15276748800,上交所主板,正常上市
601528,瑞丰银行,4.91,0.41,4.906,0.477,9634212449,上交所主板,正常上市
601555,东吴证券,7.91,0.0,11.65,0.898,39302439441,上交所主板,正常上市
601566,九牧王,8.47,1.19,28.279,1.191,4867176661,上交所主板,正常上市
601567,三星电气,15.09,-0.2,22.274,1.813,21204609846,上交所主板,正常上市
601568,北元化工,3.71,0.27,359.507,1.295,14736944451,上交所主板,正常上市
601577,长沙银行,9.54,1.17,4.66,0.52,38365622813,上交所主板,正常上市
601579,会稽山,18.65,0.97,33.014,2.301,8941992578,上交所主板,正常上市
601588,北辰实业,1.73,2.37,,0.889,5824944600,上交所主板,正常上市
601595,上海电影,16.42,1.8,121.382,4.35,7359444000,上交所主板,正常上市
601598,中国外运,6.64,0.45,11.738,1.141,47633708147,上交所主板,正常上市
601599,浙文影业,3.04,2.01,31.662,2.304,3528049057,上交所主板,正常上市
601600,中国铝业,9.17,-1.93,10.726,1.951,157311087069,上交所主板,正常上市
601601,中国太保,30.17,-0.1,5.383,0.908,290245701697,上交所主板,正常上市
601606,长城军工,30.46,-1.26,3185.171,10.109,22059997064,上交所主板,正常上市
601607,上海医药,16.66,1.77,10.635,0.799,61781307738,上交所主板,正常上市
601608,中信重工,4.65,-1.27,56.095,2.259,21294923482,上交所主板,正常上市
601609,金田股份,12.87,-0.62,27.088,2.181,22247573544,上交所主板,正常上市
601611,中国核建,10.72,0.28,27.601,1.435,32308302753,上交所主板,正常上市
601615,明阳智能,10.75,-0.28,63.563,0.922,24311089590,上交所主板,正常上市
601616,广电电气,3.76,1.35,,1.347,3209819199,上交所主板,正常上市
601618,中国中冶,2.58,1.57,39.624,0.518,53384377459,上交所主板,正常上市
601619,嘉泽新能,4.1,-2.15,24.539,1.501,12066195192,上交所主板,正常上市
601628,中国人寿,36.89,0.14,7.202,1.743,1042684967450,上交所主板,正常上市
601633,长城汽车,15.55,2.1,14.724,1.509,133395203291,上交所主板,正常上市
601636,旗滨集团,5.93,0.85,108.251,1.174,17544816607,上交所主板,正常上市
601658,邮储银行,4.97,-0.2,6.792,0.578,596872415855,上交所主板,正常上市
601665,齐鲁银行,6.54,1.4,6.815,0.796,40246130114,上交所主板,正常上市
601666,平煤股份,9.46,0.42,116.994,1.069,23360193931,上交所主板,正常上市
601668,中国建筑,4.43,0.45,4.825,0.369,183049329667,上交所主板,正常上市
601669,中国电建,4.63,0.22,8.542,0.542,79757117716,上交所主板,正常上市
601677,明泰铝业,16.65,-1.54,8.531,1.018,20700788940,上交所主板,正常上市
601678,滨化股份,6.44,-0.46,56.265,1.133,15513717057,上交所主板,正常上市
601686,友发集团,5.17,1.37,11.309,1.139,7648225675,上交所主板,正常上市
601688,华泰证券,18.74,-0.85,9.644,0.95,169163427350,上交所主板,正常上市
601689,拓普集团,46.2,-0.65,29.033,3.265,80288003796,上交所主板,正常上市
601696,中银证券,11.64,2.02,28.706,1.671,32335920000,上交所主板,正常上市
601699,潞安环能,16.26,-0.67,41.327,1.049,48640313592,上交所主板,正常上市
601700,风范股份,7.5,9.97,,3.971,8540679750,上交所主板,正常上市
601717,中创智领,14.99,-0.99,6.533,1.068,26763144951,上交所主板,正常上市
601718,ST际华,1.84,2.79,,0.663,8024367886,上交所主板,ST风险警示
601727,上海电气,6.52,0.0,78.279,1.846,101321593067,上交所主板,正常上市
601728,中国电信,6.56,-1.35,18.954,1.282,600286829865,上交所主板,正常上市
601766,中国中车,6.19,1.64,12.757,1.007,177645968705,上交所主板,正常上市
601777,千里科技,8.17,0.86,327.652,3.569,36937387580,上交所主板,正常上市
601778,晶科科技,3.55,-0.56,56.027,0.807,13216807968,上交所主板,正常上市
601788,光大证券,14.22,-0.42,15.354,1.067,65565400227,上交所主板,正常上市
601789,宁波建工,4.26,2.4,20.53,1.033,6493909396,上交所主板,正常上市
601798,蓝科高新,7.6,1.06,49.481,2.082,2694414305,上交所主板,正常上市
601799,星宇股份,88.3,-0.6,15.222,2.18,25225492698,上交所主板,正常上市
601800,中国交建,5.93,1.72,7.182,0.331,96147752634,上交所主板,正常上市
601801,皖新传媒,5.5,0.36,14.361,0.886,10768621804,上交所主板,正常上市
601808,中海油服,12.31,0.16,15.416,1.236,58738297520,上交所主板,正常上市
601811,新华文轩,12.04,0.5,9.488,0.955,14855445640,上交所主板,正常上市
601816,京沪高铁,4.96,0.2,18.177,1.153,242671369675,上交所主板,正常上市
601818,光大银行,3.02,0.67,4.718,0.354,178438364204,上交所主板,正常上市
601825,沪农商行,8.77,1.39,6.855,0.642,84581777783,上交所主板,正常上市
601827,三峰环境,8.29,0.73,11.075,1.111,13860327057,上交所主板,正常上市
601828,美凯龙,2.18,1.87,,0.421,9491039563,上交所主板,正常上市
601838,成都银行,18.59,0.98,5.868,0.857,78792513268,上交所主板,正常上市
601857,中国石油,10.99,-1.96,12.716,1.238,2011400546220,上交所主板,正常上市
601858,中国科传,22.17,0.41,36.011,3.071,17525385000,上交所主板,正常上市
601860,紫金银行,2.54,0.79,7.432,0.455,9299204864,上交所主板,正常上市
601865,福莱特,10.27,1.48,26.366,1.092,24061383177,上交所主板,正常上市
601866,中远海发,2.37,0.0,20.182,1.005,31122974426,上交所主板,正常上市
601868,中国能建,2.52,0.8,18.487,0.945,105061732363,上交所主板,正常上市
601869,长飞光纤,358.0,3.7,256.133,20.826,296390028664,上交所主板,正常上市
601872,招商轮船,18.46,-0.75,18.844,3.308,149055980747,上交所主板,正常上市
601877,正泰电器,26.28,10.0,11.138,1.227,56474904689,上交所主板,正常上市
601878,浙商证券,9.2,0.55,16.135,1.116,42078929079,上交所主板,正常上市
601880,辽港股份,1.47,1.38,23.705,0.851,34650497803,上交所主板,正常上市
601881,中国银河,11.95,0.42,10.189,1.078,130666106959,上交所主板,正常上市
601882,海天精工,20.48,1.34,24.218,3.494,10690560000,上交所主板,正常上市
601886,江河集团,12.86,1.1,20.157,2.014,14570406492,上交所主板,正常上市
601888,中国中免,53.1,0.42,27.606,1.904,110331001796,上交所主板,正常上市
601890,亚星锚链,8.47,1.19,23.263,2.087,8126118000,上交所主板,正常上市
601898,中煤能源,14.26,-0.56,10.648,1.153,189068540084,上交所主板,正常上市
601899,紫金矿业,34.25,4.55,14.763,4.617,910731975804,上交所主板,正常上市
601900,南方传媒,11.76,-0.68,10.138,1.136,10371968305,上交所主板,正常上市
601901,XD方正证,6.74,0.6,13.021,1.059,55484363402,上交所主板,正常上市
601908,京运通,2.96,-0.67,,0.965,7147224469,上交所主板,正常上市
601916,浙商银行,2.95,1.37,6.245,0.442,81020676091,上交所主板,正常上市
601918,新集能源,9.93,-1.1,11.951,1.473,25724080074,上交所主板,正常上市
601919,中远海控,16.64,0.54,10.142,1.081,254061566138,上交所主板,正常上市
601921,浙版传媒,7.54,-1.18,13.344,1.152,16755555561,上交所主板,正常上市
601928,凤凰传媒,9.38,0.64,13.948,1.172,23871162000,上交所主板,正常上市
601929,吉视传媒,2.29,2.69,,1.708,7991614905,上交所主板,正常上市
601933,永辉超市,3.16,1.94,,13.401,28203117441,上交所主板,正常上市
601939,建设银行,10.58,0.28,8.096,0.78,2767732035836,上交所主板,正常上市
601949,中国出版,5.13,-0.58,16.974,0.982,9767356117,上交所主板,正常上市
601952,苏垦农发,8.88,1.02,25.568,1.701,12236640000,上交所主板,正常上市
601956,东贝集团,4.95,1.02,220.465,1.248,3077002121,上交所主板,正常上市
601958,金钼股份,21.8,1.16,20.82,3.551,70339975920,上交所主板,正常上市
601963,重庆银行,11.25,2.46,7.005,0.686,40790001094,上交所主板,正常上市
601965,中国汽研,14.2,2.08,13.559,1.78,14237607095,上交所主板,正常上市
601966,玲珑轮胎,11.14,2.39,15.599,0.714,16303419889,上交所主板,正常上市
601968,宝钢包装,4.42,2.08,28.809,1.239,5638945213,上交所主板,正常上市
601969,海南矿业,9.23,0.0,38.864,2.631,18317021310,上交所主板,正常上市
601975,招商南油,3.77,0.0,12.096,1.473,17644899436,上交所主板,正常上市
601985,中国核电,8.73,-0.34,21.813,1.497,179558658106,上交所主板,正常上市
601988,中国银行,6.05,-0.49,7.947,0.713,1949385091475,上交所主板,正常上市
601990,南京证券,6.6,0.92,26.541,1.23,29037543447,上交所主板,正常上市
601991,大唐发电,6.05,0.33,13.924,3.04,111965598549,上交所主板,正常上市
601992,金隅集团,1.39,1.46,,0.382,14842101876,上交所主板,正常上市
601995,中金公司,34.06,0.68,14.517,1.601,164416368924,上交所主板,正常上市
601996,丰林集团,2.46,1.65,,1.124,2757449463,上交所主板,正常上市
601997,贵阳银行,5.75,1.05,3.979,0.319,21023138937,上交所主板,正常上市
601998,中信银行,8.32,1.96,6.502,0.623,462967750036,上交所主板,正常上市
601999,XD出版传,6.05,2.37,31.834,1.241,3333033935,上交所主板,正常上市
603000,人民网,16.04,0.75,93.065,4.609,17735284538,上交所主板,正常上市
603001,奥康国际,8.13,6.55,,1.381,3259967400,上交所主板,正常上市
603002,宏昌电子,16.32,-0.91,629.86,5.356,18508161267,上交所主板,正常上市
603004,鼎龙科技,20.09,0.65,33.337,2.277,4731596800,上交所主板,正常上市
603005,晶方科技,32.9,2.94,58.038,4.604,21456449127,上交所主板,正常上市
603006,联明股份,11.15,2.58,27.29,2.085,2834934888,上交所主板,正常上市
603007,顺景科技,4.59,1.1,,17.321,4059607604,上交所主板,正常上市
603008,ST喜临门,7.99,1.52,21.888,0.837,2942656556,上交所主板,ST风险警示
603009,北特科技,45.0,4.05,126.045,7.582,15587541675,上交所主板,正常上市
603010,万盛股份,11.9,1.88,,2.708,6961860487,上交所主板,正常上市
603011,合锻智能,23.38,1.56,,6.201,11559409537,上交所主板,正常上市
603012,创力集团,8.73,-1.36,61.576,1.469,5643945000,上交所主板,正常上市
603013,亚普股份,16.17,0.56,14.649,1.774,8217910350,上交所主板,正常上市
603014,威高血净,33.4,2.14,28.578,1.924,13952985804,上交所主板,正常上市
603015,弘讯科技,10.92,-1.44,110.862,3.187,4414071480,上交所主板,正常上市
603016,新宏泰,30.68,10.0,82.744,5.371,4545548800,上交所主板,正常上市
603017,中衡设计,9.5,2.7,53.95,1.757,2623807784,上交所主板,正常上市
603018,华设集团,5.24,1.95,15.089,0.791,4292334089,上交所主板,正常上市
603019,中科曙光,84.34,-0.78,55.644,5.471,123399185223,上交所主板,正常上市
603020,爱普股份,10.05,2.03,43.131,1.162,3775159629,上交所主板,正常上市
603021,*ST华鹏,5.25,0.19,,,1679727368,上交所主板,*ST退市风险警示
603022,新通联,8.75,2.82,29.466,2.05,1750000000,上交所主板,正常上市
603023,威帝股份,4.02,0.5,,2.931,2243631976,上交所主板,正常上市
603025,大豪科技,13.9,0.72,18.402,5.62,15521501345,上交所主板,正常上市
603027,千禾味业,7.35,1.24,29.185,2.789,9780928798,上交所主板,正常上市
603028,赛福天,7.0,2.49,,4.327,2009280000,上交所主板,正常上市
603029,天鹅股份,15.88,1.34,25.805,2.008,1926910960,上交所主板,正常上市
603030,全筑股份,2.07,2.99,,3.899,2726052386,上交所主板,正常上市
603031,安孚科技,39.29,2.72,46.497,5.101,14688407376,上交所主板,正常上市
603032,德新科技,18.15,-0.06,61.581,3.619,4233077310,上交所主板,正常上市
603033,三维股份,7.49,1.49,,3.057,7723415019,上交所主板,正常上市
603035,常熟汽饰,11.1,2.49,12.318,0.755,4066452588,上交所主板,正常上市
603036,如通股份,15.49,10.01,32.013,2.265,3191033327,上交所主板,正常上市
603037,凯众股份,10.08,1.0,38.062,2.708,2686703020,上交所主板,正常上市
603038,华立股份,16.41,0.67,52.966,3.074,4408991309,上交所主板,正常上市
603039,泛微网络,42.95,-1.6,40.692,4.99,13213101321,上交所主板,正常上市
603040,新坐标,53.45,-0.67,39.632,6.783,10548756878,上交所主板,正常上市
603041,美思德,11.12,2.58,34.625,1.332,2036602335,上交所主板,正常上市
603042,华脉科技,13.74,4.09,,3.439,2868455722,上交所主板,正常上市
603043,广州酒家,13.81,-1.0,15.997,1.968,7833962380,上交所主板,正常上市
603045,福达合金,52.04,-0.5,23.955,5.626,7048565866,上交所主板,正常上市
603048,浙江黎明,21.79,0.18,95.275,2.503,3200515200,上交所主板,正常上市
603049,中策橡胶,50.45,1.82,10.343,1.754,44117798419,上交所主板,正常上市
603050,科林电气,18.49,-0.43,32.757,3.886,7457371879,上交所主板,正常上市
603051,鹿山新材,20.96,2.39,,1.99,3412977500,上交所主板,正常上市
603052,可川科技,55.87,2.95,,9.855,10497821145,上交所主板,正常上市
603053,成都燃气,8.72,0.58,17.011,1.592,7751120800,上交所主板,正常上市
603055,台华新材,8.74,-0.79,15.567,1.441,7781167305,上交所主板,正常上市
603057,紫燕食品,21.82,-0.09,29.774,4.216,9057809300,上交所主板,正常上市
603058,永吉股份,9.0,-0.22,34.707,3.319,3732242094,上交所主板,正常上市
603059,倍加洁,25.76,3.37,21.248,2.315,2591911952,上交所主板,正常上市
603060,国检集团,5.5,1.48,35.833,2.189,4421802303,上交所主板,正常上市
603061,金海通,353.76,7.14,131.882,18.021,30777120000,上交所主板,正常上市
603062,麦加芯彩,39.2,0.64,24.884,2.012,4233600000,上交所主板,正常上市
603063,禾望电气,31.42,-0.41,32.792,2.671,14583380412,上交所主板,正常上市
603066,音飞储存,9.11,1.67,21.384,1.756,2679980474,上交所主板,正常上市
603067,振华股份,34.2,0.06,38.957,6.31,25838968817,上交所主板,正常上市
603068,博通集成,41.4,3.81,285.917,3.58,6283995007,上交所主板,正常上市
603069,海汽集团,13.06,1.79,,5.342,4126960000,上交所主板,正常上市
603070,万控智造,11.61,2.47,76.614,2.153,4655610000,上交所主板,正常上市
603071,物产环能,12.41,-0.24,9.924,1.166,6924214625,上交所主板,正常上市
603072,天和磁材,31.52,0.8,48.109,3.736,8330105600,上交所主板,正常上市
603073,彩蝶实业,16.71,2.33,32.332,1.397,1938360000,上交所主板,正常上市
603075,热威股份,19.01,2.2,23.47,3.74,7649641090,上交所主板,正常上市
603076,乐惠国际,20.65,0.93,96.913,1.929,2492482754,上交所主板,正常上市
603077,和邦生物,2.38,1.28,,1.112,21019459633,上交所主板,正常上市
603080,新疆火炬,19.35,-1.12,13.009,1.685,2738025000,上交所主板,正常上市
603081,大丰实业,9.34,1.63,67.06,1.234,3946142052,上交所主板,正常上市
603082,北自科技,39.44,-0.65,44.056,3.869,6569643419,上交所主板,正常上市
603083,剑桥科技,179.09,6.95,188.224,8.351,65949959301,上交所主板,正常上市
603085,天成自控,10.0,4.17,44.572,4.104,3971000000,上交所主板,正常上市
603086,先达股份,5.64,-0.35,17.9,1.155,2452346127,上交所主板,正常上市
603087,甘李药业,71.87,0.94,41.925,3.63,42937449986,上交所主板,正常上市
603088,宁波精达,8.88,1.83,48.617,3.882,4461205138,上交所主板,正常上市
603090,宏盛股份,36.98,0.98,48.56,5.674,3698000000,上交所主板,正常上市
603091,众鑫股份,49.54,2.0,24.633,3.106,7090873717,上交所主板,正常上市
603092,德力佳,47.34,0.42,21.106,3.301,18936004734,上交所主板,正常上市
603093,南华期货,11.27,0.45,18.187,2.004,11699888966,上交所主板,正常上市
603095,越剑智能,13.87,-2.32,54.078,1.533,3582193804,上交所主板,正常上市
603096,新经典,15.34,1.66,31.848,1.306,2365959132,上交所主板,正常上市
603097,江苏华辰,18.48,-1.65,85.236,3.939,4249214841,上交所主板,正常上市
603098,森特股份,10.18,3.46,60.684,1.923,5492313376,上交所主板,正常上市
603099,长白山,39.34,2.13,80.53,7.114,10714479532,上交所主板,正常上市
603100,川仪股份,17.43,0.93,13.946,1.867,8944608458,上交所主板,正常上市
603101,汇嘉时代,7.37,1.1,32.099,2.363,3466848000,上交所主板,正常上市
603103,横店影视,14.64,0.27,,7.264,9284688000,上交所主板,正常上市
603105,芯能科技,6.99,1.75,19.919,1.626,3495079511,上交所主板,正常上市
603106,恒银科技,7.21,-0.14,130.934,2.834,3752949200,上交所主板,正常上市
603107,上海汽配,11.88,1.37,25.784,1.838,4007539800,上交所主板,正常上市
603108,润达医疗,10.34,6.71,,1.698,6251603540,上交所主板,正常上市
603109,神驰机电,17.4,0.0,41.567,1.843,3633961464,上交所主板,正常上市
603111,康尼机电,5.78,1.4,13.985,1.211,4982537284,上交所主板,正常上市
603112,华翔股份,16.08,-0.43,15.187,1.92,8682579328,上交所主板,正常上市
603113,金能科技,5.55,7.77,,0.646,4709122919,上交所主板,正常上市
603115,海星股份,77.36,0.6,84.773,8.643,18920909936,上交所主板,正常上市
603116,红蜻蜓,6.37,2.74,,1.451,3670399096,上交所主板,正常上市
603117,万林物流,3.8,2.98,309.777,2.221,2276951420,上交所主板,正常上市
603118,共进股份,17.0,-0.64,167.435,2.638,13383698902,上交所主板,正常上市
603119,浙江荣泰,49.5,-1.0,76.712,11.153,23406568416,上交所主板,正常上市
603120,肯特催化,47.65,-2.16,51.133,3.616,4307560000,上交所主板,正常上市
603121,华培动力,12.18,0.91,,3.758,4123340649,上交所主板,正常上市
603122,合富中国,12.53,5.65,,4.778,4987599491,上交所主板,正常上市
603123,翠微股份,9.23,8.33,,4.526,7372339418,上交所主板,正常上市
603124,江南新材,129.9,-0.39,72.611,9.819,18932301350,上交所主板,正常上市
603125,常青科技,22.8,0.4,45.235,3.649,9230269350,上交所主板,正常上市
603126,中材节能,5.98,1.36,111.423,1.779,3650790000,上交所主板,正常上市
603127,昭衍新药,52.57,5.56,79.57,4.604,39393235925,上交所主板,正常上市
603128,华贸物流,5.36,0.94,15.158,1.112,7016489208,上交所主板,正常上市
603129,春风动力,316.38,-0.79,27.938,6.065,48558876558,上交所主板,正常上市
603130,云中马,39.8,0.86,50.398,3.815,5473065160,上交所主板,正常上市
603131,上海沪工,14.45,0.35,,2.948,4868309329,上交所主板,正常上市
603132,金徽股份,18.6,-0.21,26.062,5.365,18190800000,上交所主板,正常上市
603135,中重科技,9.03,1.69,,1.939,5727341432,上交所主板,正常上市
603136,天目湖,9.16,2.46,26.914,1.791,2474360664,上交所主板,正常上市
603137,恒尚节能,23.88,-0.87,,3.65,4368448016,上交所主板,正常上市
603138,海量数据,12.92,1.65,,4.694,3793450373,上交所主板,正常上市
603139,康惠股份,35.38,0.97,,6.474,3766363748,上交所主板,正常上市
603150,万朗磁塑,52.31,2.35,44.446,2.569,4471615730,上交所主板,正常上市
603151,邦基科技,15.73,4.31,31.007,1.945,2694262714,上交所主板,正常上市
603153,上海建科,13.15,2.02,14.416,1.42,5389673544,上交所主板,正常上市
603155,新亚强,13.59,-1.66,65.419,2.772,6222736787,上交所主板,正常上市
603158,腾龙股份,9.79,2.41,80.459,2.115,4804639749,上交所主板,正常上市
603159,上海亚虹,21.19,2.42,,5.983,2966600000,上交所主板,正常上市
603160,汇顶科技,49.71,1.18,30.521,2.469,23164002751,上交所主板,正常上市
603161,科华控股,15.55,-0.96,39.795,1.883,3485709039,上交所主板,正常上市
603162,海通发展,11.82,-0.59,18.025,3.336,16251230296,上交所主板,正常上市
603163,圣晖集成,82.86,-0.71,50.435,6.933,8286000000,上交所主板,正常上市
603165,荣晟环保,13.8,2.53,18.846,1.645,4315651616,上交所主板,正常上市
603166,福达股份,10.79,-0.19,21.331,2.548,6966570524,上交所主板,正常上市
603167,渤海轮渡,8.7,0.23,16.4,1.153,4081557176,上交所主板,正常上市
603168,莎普爱思,5.75,4.74,,1.623,2151227404,上交所主板,正常上市
603169,兰石重装,6.26,-0.79,,3.075,8177386655,上交所主板,正常上市
603170,宝立食品,12.59,1.86,18.657,3.254,5036125900,上交所主板,正常上市
603171,税友股份,43.34,0.49,123.35,6.836,17610992300,上交所主板,正常上市
603172,万丰股份,17.56,2.57,45.173,2.106,2342152800,上交所主板,正常上市
603173,福斯达,31.39,0.51,12.617,2.417,5022400000,上交所主板,正常上市
603175,超颖电子,89.58,-1.63,610.21,14.294,39149086575,上交所主板,正常上市
603176,汇通集团,4.89,3.16,110.833,2.174,2323911512,上交所主板,正常上市
603177,德创环保,11.0,10.0,,6.955,2246112000,上交所主板,正常上市
603178,圣龙股份,16.3,1.49,,3.366,3853513660,上交所主板,正常上市
603179,新泉股份,35.05,-1.71,31.017,3.292,25032662682,上交所主板,正常上市
603180,金牌家居,15.53,1.3,,0.888,2395613384,上交所主板,正常上市
603181,皇马科技,12.73,1.03,16.654,2.074,7494151000,上交所主板,正常上市
603182,嘉华股份,13.2,0.69,24.384,1.924,2172060000,上交所主板,正常上市
603183,建研院,4.58,0.22,199.185,1.425,2276961890,上交所主板,正常上市
603185,弘元绿能,16.77,0.54,,0.971,11455197970,上交所主板,正常上市
603187,海容冷链,11.16,0.54,13.281,1.016,4312196558,上交所主板,正常上市
603188,亚邦股份,4.56,-1.3,,3.688,2599975200,上交所主板,正常上市
603189,*ST网达,9.2,4.78,,1.73,2479844811,上交所主板,*ST退市风险警示
603190,亚通精工,16.53,1.85,23.003,1.28,2882104680,上交所主板,正常上市
603191,望变电气,14.71,0.14,72.407,1.939,4853779840,上交所主板,正常上市
603192,汇得科技,20.13,2.6,43.63,1.534,3363933379,上交所主板,正常上市
603193,润本股份,21.36,5.01,26.761,3.801,8642113187,上交所主板,正常上市
603194,中力股份,33.46,0.75,15.801,2.431,13417460000,上交所主板,正常上市
603195,公牛集团,40.07,2.72,17.396,4.066,72264081581,上交所主板,正常上市
603196,璞源材料,19.5,-0.15,210.084,4.024,8164405080,上交所主板,正常上市
603197,保隆科技,30.45,2.11,34.482,2.029,6517080342,上交所主板,正常上市
603198,迎驾贡酒,39.95,1.14,16.047,2.786,31960000000,上交所主板,正常上市
603199,九华旅游,34.0,7.32,16.866,2.188,3763120000,上交所主板,正常上市
603200,上海洗霸,35.23,0.4,75.398,5.622,6182164029,上交所主板,正常上市
603201,常润股份,15.24,1.53,14.725,1.619,2895290963,上交所主板,正常上市
603202,天有为,51.79,0.99,10.248,1.205,8286400000,上交所主板,正常上市
603203,快克智能,42.86,0.19,94.86,9.437,14144299448,上交所主板,正常上市
603205,健尔康,21.94,2.24,31.084,2.248,3422640000,上交所主板,正常上市
603206,嘉环科技,13.7,1.48,106.323,1.834,4181239836,上交所主板,正常上市
603207,小方制药,24.88,-1.78,19.629,3.478,3997550759,上交所主板,正常上市
603208,江山欧派,11.43,4.48,,2.099,2010300936,上交所主板,正常上市
603209,兴通股份,14.07,2.7,13.162,1.333,4572750000,上交所主板,正常上市
603210,泰鸿万立,13.59,1.04,21.739,2.387,4626036000,上交所主板,正常上市
603212,赛伍技术,11.43,-0.52,,2.092,5000517969,上交所主板,正常上市
603213,镇洋发展,13.82,1.47,81.744,3.184,6148430036,上交所主板,正常上市
603214,爱婴室,13.89,2.06,23.094,1.619,1924321100,上交所主板,正常上市
603215,比依股份,14.44,2.92,62.037,1.822,3098752926,上交所主板,正常上市
603216,梦天家居,21.14,6.82,73.633,2.603,4707666600,上交所主板,正常上市
603217,元利科技,26.48,2.32,26.588,1.591,5510159648,上交所主板,正常上市
603218,日月股份,9.7,0.94,19.305,0.958,9989511050,上交所主板,正常上市
603219,富佳股份,13.62,1.41,139.156,4.731,7646268000,上交所主板,正常上市
603220,中贝通信,17.89,-1.76,153.404,2.491,9595448323,上交所主板,正常上市
603221,爱丽家居,28.6,5.93,,4.452,6928922000,上交所主板,正常上市
603222,济民健康,8.55,1.54,,4.034,4489524758,上交所主板,正常上市
603223,恒通股份,10.5,0.96,23.393,1.813,7411133027,上交所主板,正常上市
603225,新凤鸣,18.97,-0.16,29.461,1.513,31822057007,上交所主板,正常上市
603226,菲林格尔,44.7,1.57,,18.66,15890482119,上交所主板,正常上市
603227,雪峰科技,7.69,-0.77,15.656,1.563,8241316778,上交所主板,正常上市
603228,景旺电子,89.22,1.26,78.437,6.604,89326714793,上交所主板,正常上市
603229,奥翔药业,8.35,4.77,64.174,2.929,6932981161,上交所主板,正常上市
603230,内蒙新华,9.21,1.43,39.495,1.15,3255946830,上交所主板,正常上市
603231,索宝蛋白,16.1,1.19,17.413,1.522,3082491591,上交所主板,正常上市
603232,格尔软件,14.63,0.76,,2.633,3402142055,上交所主板,正常上市
603233,大参林,18.19,1.56,16.104,2.697,20715763719,上交所主板,正常上市
603235,天新药业,23.39,1.21,19.691,2.022,10239674200,上交所主板,正常上市
603236,移远通信,59.88,1.29,24.92,3.277,24128812886,上交所主板,正常上市
603237,五芳斋,14.28,0.99,25.547,1.737,2799047447,上交所主板,正常上市
603238,诺邦股份,12.4,2.39,18.666,1.472,2201111600,上交所主板,正常上市
603239,浙江仙通,14.47,1.62,19.174,2.847,3917318400,上交所主板,正常上市
603248,锡华科技,18.31,-1.08,43.031,3.606,8422600000,上交所主板,正常上市
603255,鼎际得,27.84,0.29,144.283,2.364,3747032009,上交所主板,正常上市
603257,中国瑞林,62.4,-0.08,37.634,2.917,7488000000,上交所主板,正常上市
603258,电魂网络,12.72,3.08,,1.592,3087967620,上交所主板,正常上市
603259,药明康德,167.9,2.38,23.118,6.012,500972826325,上交所主板,正常上市
603260,合盛硅业,35.06,-0.99,,1.409,41448175351,上交所主板,正常上市
603261,立航科技,49.9,-1.13,,7.737,3867500598,上交所主板,正常上市
603262,技源集团,17.9,-0.56,62.8,4.56,7160179000,上交所主板,正常上市
603266,天龙股份,15.6,2.09,28.124,1.912,3102633300,上交所主板,正常上市
603267,鸿远电子,48.61,-0.55,39.273,2.486,11232842160,上交所主板,正常上市
603268,松发股份,176.21,-1.83,51.377,10.266,179508112174,上交所主板,正常上市
603269,海鸥股份,17.49,-2.07,63.411,7.319,7554726620,上交所主板,正常上市
603270,金帝股份,27.73,0.47,40.412,2.645,6075827876,上交所主板,正常上市
603271,永杰新材,42.92,-0.19,18.533,2.775,8503954200,上交所主板,正常上市
603272,*ST联翔,13.74,1.03,,2.643,1423834980,上交所主板,*ST退市风险警示
603273,天元智能,14.35,0.84,111.579,3.466,3091469290,上交所主板,正常上市
603275,众辰科技,35.41,1.69,29.041,1.746,5263868274,上交所主板,正常上市
603276,恒兴新材,16.38,2.06,46.549,1.893,3401298761,上交所主板,正常上市
603277,银都股份,11.92,-1.32,22.205,2.565,7291630463,上交所主板,正常上市
603278,大业股份,8.92,0.22,,1.574,3048493777,上交所主板,正常上市
603279,景津装备,12.53,0.97,15.135,1.556,7221953690,上交所主板,正常上市
603280,南方路机,26.96,-0.88,30.721,2.107,2922643742,上交所主板,正常上市
603281,江瀚新材,19.17,0.37,25.76,1.999,9942268089,上交所主板,正常上市
603282,亚光股份,15.42,3.42,31.197,1.567,2063504400,上交所主板,正常上市
603283,赛腾股份,46.82,0.97,32.508,4.633,16505278697,上交所主板,正常上市
603284,林平发展,42.77,2.03,15.339,1.442,3225490996,上交所主板,正常上市
603285,键邦股份,37.51,10.0,45.818,3.485,6001600000,上交所主板,正常上市
603286,日盈电子,41.1,2.04,,5.957,4849539878,上交所主板,正常上市
603288,海天味业,35.75,1.22,28.733,4.978,209174860323,上交所主板,正常上市
603289,泰瑞机器,8.68,1.28,32.472,1.712,2546693546,上交所主板,正常上市
603291,联合水务,9.2,2.0,37.547,2.132,3893629557,上交所主板,正常上市
603293,埃泰克,35.2,0.31,25.282,2.14,6303991162,上交所主板,正常上市
603296,华勤技术,78.32,0.28,27.791,4.436,118748898582,上交所主板,正常上市
603297,永新光学,107.26,4.75,56.464,5.655,11876803266,上交所主板,正常上市
603298,杭叉集团,26.32,1.58,15.453,2.864,34474253130,上交所主板,正常上市
603299,苏盐井神,9.09,-0.22,18.469,1.059,8678767836,上交所主板,正常上市
603300,海南华铁,4.86,2.53,21.811,1.453,9716054735,上交所主板,正常上市
603301,振德医疗,82.6,1.06,82.554,3.835,21796176185,上交所主板,正常上市
603303,得邦照明,23.56,6.8,45.54,3.489,11236814187,上交所主板,正常上市
603305,旭升集团,11.23,0.99,32.886,1.387,12978607084,上交所主板,正常上市
603306,华懋科技,74.28,5.95,171.107,7.615,24474940373,上交所主板,正常上市
603307,扬州金泉,25.44,2.0,22.472,1.737,2511224376,上交所主板,正常上市
603309,维力医疗,11.96,3.1,60.974,1.963,3490782159,上交所主板,正常上市
603310,巍华新材,14.77,1.1,28.838,1.254,5100671800,上交所主板,正常上市
603311,金海高科,29.0,0.0,97.451,5.073,6840633303,上交所主板,正常上市
603312,西典新能,30.87,1.71,24.022,2.731,4939184565,上交所主板,正常上市
603313,梦百合,6.12,0.33,,1.028,3491991736,上交所主板,正常上市
603315,福鞍股份,11.51,1.41,89.286,2.121,3687415699,上交所主板,正常上市
603316,诚邦股份,13.91,-0.5,,6.651,3755686090,上交所主板,正常上市
603317,天味食品,14.66,1.1,20.897,3.281,15570050477,上交所主板,正常上市
603320,迪贝电气,16.52,1.29,32.904,2.06,2463895274,上交所主板,正常上市
603321,梅轮电梯,6.35,1.93,64.121,1.531,2215448128,上交所主板,正常上市
603322,超讯科技,26.34,1.23,,13.226,4150836207,上交所主板,正常上市
603323,苏农银行,4.21,0.72,4.526,0.483,9347865396,上交所主板,正常上市
603324,盛剑科技,27.46,0.77,,2.487,4162347807,上交所主板,正常上市
603325,博隆技术,51.96,0.7,12.273,1.5,4157007840,上交所主板,正常上市
603326,我乐家居,6.99,1.9,15.576,1.871,2231046741,上交所主板,正常上市
603327,福蓉科技,8.86,4.48,63.442,3.7,9262769930,上交所主板,正常上市
603328,依顿电子,11.1,0.18,28.631,2.561,11082712982,上交所主板,正常上市
603329,上海雅仕,10.59,0.95,38.651,1.796,2648041943,上交所主板,正常上市
603331,百达精工,12.44,-0.96,,2.414,2515064912,上交所主板,正常上市
603332,苏州龙杰,11.49,-1.46,25.366,1.903,2485829144,上交所主板,正常上市
603333,福华尚纬,8.95,3.11,,2.725,5562671895,上交所主板,正常上市
603334,丰倍生物,34.29,6.29,33.991,2.829,4920615000,上交所主板,正常上市
603335,迪生力,6.53,2.35,54.514,9.903,2795784238,上交所主板,正常上市
603336,宏辉果蔬,9.26,4.63,345.448,3.923,5636737431,上交所主板,正常上市
603337,杰克科技,37.5,-0.74,20.607,3.325,17864553413,上交所主板,正常上市
603338,浙江鼎力,54.23,-2.02,14.276,2.318,27459245478,上交所主板,正常上市
603339,四方科技,13.8,0.15,24.917,1.531,4270288215,上交所主板,正常上市
603341,龙旗科技,36.6,0.91,42.848,2.648,19126817570,上交所主板,正常上市
603344,星德胜,22.45,1.45,26.371,2.013,4367220501,上交所主板,正常上市
603345,安井食品,81.46,0.57,17.77,1.691,27149716401,上交所主板,正常上市
603348,文灿股份,14.34,2.8,,1.158,4509602933,上交所主板,正常上市
603350,安乃达,28.1,0.36,29.586,2.398,3273481400,上交所主板,正常上市
603351,威尔药业,27.4,2.32,24.412,2.023,3711032217,上交所主板,正常上市
603352,至信股份,25.69,0.98,28.395,1.97,5823066675,上交所主板,正常上市
603353,和顺石油,30.2,-1.15,,3.23,5146623600,上交所主板,正常上市
603355,莱克电气,27.56,4.31,26.841,2.796,15802818068,上交所主板,正常上市
603356,华菱精工,16.75,0.66,,7.394,2233445000,上交所主板,正常上市
603357,设计总院,5.99,1.53,11.185,0.841,3357654085,上交所主板,正常上市
603358,华达科技,45.2,-1.09,162.317,5.989,21232387035,上交所主板,正常上市
603359,*ST东珠,2.11,1.44,,0.671,941262560,上交所主板,*ST退市风险警示
603360,百傲化学,12.37,-0.96,50.647,6.196,8735986600,上交所主板,正常上市
603363,傲农生物,2.93,1.03,,2.462,8002011150,上交所主板,正常上市
603365,水星家纺,17.66,2.32,10.981,1.431,4635684658,上交所主板,正常上市
603367,辰欣药业,14.91,2.69,16.527,1.068,6750564063,上交所主板,正常上市
603368,柳药集团,16.54,1.66,10.004,0.821,6569875812,上交所主板,正常上市
603369,今世缘,28.72,-0.69,14.576,2.088,35808097063,上交所主板,正常上市
603370,华新精科,32.9,-0.54,38.493,2.924,5755855000,上交所主板,正常上市
603373,安邦护卫,38.71,-0.57,45.281,3.114,5827311851,上交所主板,正常上市
603375,盛景微,38.77,3.64,463.547,2.52,3902846680,上交所主板,正常上市
603376,大明电子,28.4,9.99,56.601,6.481,11360028400,上交所主板,正常上市
603377,ST东时,2.9,0.69,,,2096211124,上交所主板,ST风险警示
603378,*ST亚士,5.63,2.93,,,2412999094,上交所主板,*ST退市风险警示
603379,三美股份,61.19,-0.55,17.243,4.333,37355212274,上交所主板,正常上市
603380,易德龙,33.72,3.75,25.646,3.353,5410077264,上交所主板,正常上市
603381,永臻股份,15.14,2.64,,1.074,3592060776,上交所主板,正常上市
603382,海阳科技,22.6,-2.29,40.691,2.282,4096280917,上交所主板,正常上市
603385,惠达卫浴,5.55,3.35,,0.601,2112690572,上交所主板,正常上市
603386,骏亚科技,13.68,2.09,,3.41,4464092621,上交所主板,正常上市
603387,基蛋生物,9.65,4.32,21.035,1.73,4894031439,上交所主板,正常上市
603390,通达电气,10.08,1.51,27.196,2.072,3544651999,上交所主板,正常上市
603391,力聚热能,70.5,3.88,32.727,2.827,6415500000,上交所主板,正常上市
603392,万泰生物,30.81,10.0,,3.319,38955942291,上交所主板,正常上市
603393,新天然气,23.8,-1.82,17.671,1.041,10089327583,上交所主板,正常上市
603395,红四方,30.64,5.66,156.549,5.585,7966400000,上交所主板,正常上市
603396,金辰股份,25.55,0.67,65.297,1.351,3539377063,上交所主板,正常上市
603399,永杉锂业,14.07,0.5,,4.451,7207929431,上交所主板,正常上市
603400,华之杰,50.78,7.88,77.145,5.543,6592771209,上交所主板,正常上市
603402,陕西旅游,63.33,4.37,20.908,2.221,6366776042,上交所主板,正常上市
603408,建霖家居,10.39,1.66,11.297,1.327,4650283470,上交所主板,正常上市
603409,汇通控股,17.89,1.59,21.006,2.165,3359346506,上交所主板,正常上市
603416,信捷电气,45.71,1.33,27.332,2.607,7175361670,上交所主板,正常上市
603418,友升股份,43.2,-0.02,16.516,1.802,8340556781,上交所主板,正常上市
603421,鼎信通讯,5.85,2.27,,1.585,3815314489,上交所主板,正常上市
603429,*ST集友,8.3,6.0,,3.45,4353229360,上交所主板,*ST退市风险警示
603439,三力制药,12.92,2.46,107.096,3.538,5217615591,上交所主板,正常上市
603444,吉比特,393.91,2.37,12.666,4.685,28377710095,上交所主板,正常上市
603456,九洲药业,17.26,5.57,25.722,1.725,15218315083,上交所主板,正常上市
603458,勘设股份,9.86,3.79,,1.171,3018387708,上交所主板,正常上市
603459,红板科技,87.0,0.46,118.073,16.092,65576562156,上交所主板,正常上市
603466,风语筑,11.51,-0.09,,3.291,6846475943,上交所主板,正常上市
603468,津富士达,24.19,-0.7,26.573,2.783,9971642923,上交所主板,正常上市
603477,巨星农牧,14.36,3.53,,2.731,7509987401,上交所主板,正常上市
603486,科沃斯,61.5,1.32,21.075,3.837,35583796065,上交所主板,正常上市
603488,展鹏科技,8.21,2.5,,3.095,2397241512,上交所主板,正常上市
603489,八方股份,27.29,2.25,50.926,2.311,6402724647,上交所主板,正常上市
603496,恒为科技,24.14,1.86,158.875,5.543,7729851126,上交所主板,正常上市
603499,翔港科技,11.72,1.21,41.19,5.208,4964968751,上交所主板,正常上市
603500,祥和实业,9.37,0.21,22.546,2.891,3118179015,上交所主板,正常上市
603501,豪威集团,85.99,-1.05,29.369,3.301,108150003850,上交所主板,正常上市
603505,金石资源,15.39,-0.58,40.459,6.83,12953283032,上交所主板,正常上市
603507,振江股份,23.15,0.43,27.481,2.127,5531321961,上交所主板,正常上市
603508,思维列控,21.42,-0.65,14.322,1.982,8166897155,上交所主板,正常上市
603511,爱慕股份,12.84,1.26,32.518,1.159,5211426166,上交所主板,正常上市
603515,欧普照明,16.29,-0.24,13.282,1.695,12091737111,上交所主板,正常上市
603516,淳中科技,93.67,-0.83,64.358,11.176,19040139694,上交所主板,正常上市
603517,ST绝味,11.25,5.14,,1.134,6817521780,上交所主板,ST风险警示
603518,锦泓集团,8.15,1.62,11.341,0.732,2814618670,上交所主板,正常上市
603519,立霸股份,16.53,9.98,24.618,4.143,4402399179,上交所主板,正常上市
603520,司太立,9.1,3.17,236.94,1.549,3989529917,上交所主板,正常上市
603527,众源新材,9.79,1.56,105.463,1.463,3103148048,上交所主板,正常上市
603528,多伦科技,6.2,1.64,,2.329,4376766812,上交所主板,正常上市
603529,爱玛科技,21.35,1.91,11.349,1.874,18451696679,上交所主板,正常上市
603533,掌阅科技,21.33,3.14,,4.078,9361669491,上交所主板,正常上市
603535,嘉诚国际,6.37,1.92,295.558,1.312,3254549768,上交所主板,正常上市
603536,惠发食品,9.71,0.0,,6.723,2335568245,上交所主板,正常上市
603538,美诺华,31.68,5.85,92.15,3.673,10768924996,上交所主板,正常上市
603551,奥普科技,9.5,0.53,12.706,2.519,3654494675,上交所主板,正常上市
603557,*ST起步,3.66,0.27,,40.757,2281779010,上交所主板,*ST退市风险警示
603558,健盛集团,12.07,0.75,9.445,1.847,4135641251,上交所主板,正常上市
603559,中通国脉,8.86,-2.32,,4.542,3555314034,上交所主板,正常上市
603565,中谷物流,12.06,5.05,12.784,2.31,25326761022,上交所主板,正常上市
603566,普莱柯,10.6,1.83,21.226,1.386,3668260094,上交所主板,正常上市
603567,珍宝岛,6.21,6.34,,0.958,5838861132,上交所主板,正常上市
603568,伟明环保,14.9,0.95,17.763,2.09,30522015528,上交所主板,正常上市
603569,长久物流,5.91,2.25,,1.344,3566727853,上交所主板,正常上市
603577,汇金通,10.04,0.3,33.484,1.725,3404956564,上交所主板,正常上市
603578,三星新材,13.75,10.0,,2.271,3218332755,上交所主板,正常上市
603579,荣泰健康,17.97,1.01,20.347,1.309,3612910981,上交所主板,正常上市
603580,艾艾精工,74.79,10.0,242.244,21.841,9773048628,上交所主板,正常上市
603583,捷昌驱动,23.06,0.17,26.542,1.891,8895647622,上交所主板,正常上市
603585,苏利股份,10.15,1.2,16.749,1.003,2794861482,上交所主板,正常上市
603586,金麒麟,13.46,0.15,57.408,1.174,2638870419,上交所主板,正常上市
603587,地素时尚,11.8,1.37,20.031,1.498,5577892887,上交所主板,正常上市
603588,高能环境,13.66,2.86,15.328,1.996,20807382683,上交所主板,正常上市
603589,口子窖,19.26,1.58,29.421,1.074,11519781031,上交所主板,正常上市
603590,康辰药业,34.33,10.0,32.361,1.695,5458829675,上交所主板,正常上市
603595,ST东尼,26.0,-0.69,,3.975,6043500476,上交所主板,ST风险警示
603596,伯特利,25.3,1.81,17.366,2.817,22710337540,上交所主板,正常上市
603598,引力传媒,17.15,1.06,231.88,20.698,4630750390,上交所主板,正常上市
603599,广信股份,10.14,-0.39,14.13,0.903,9230131158,上交所主板,正常上市
603600,永艺股份,9.7,1.25,12.963,1.365,3205201749,上交所主板,正常上市
603601,再升科技,8.84,-1.78,273.925,3.732,10098294184,上交所主板,正常上市
603602,纵横通信,11.62,2.74,,3.013,2684888080,上交所主板,正常上市
603605,珀莱雅,57.39,3.15,15.416,3.576,22725065452,上交所主板,正常上市
603607,京华激光,21.59,1.65,36.006,3.603,3854177712,上交所主板,正常上市
603609,禾丰股份,6.36,1.76,,0.905,5749546422,上交所主板,正常上市
603610,麒盛科技,15.36,2.4,57.57,1.742,5421951299,上交所主板,正常上市
603611,诺力股份,16.76,1.45,11.327,1.332,4317389257,上交所主板,正常上市
603612,索通发展,16.44,-0.66,11.556,1.386,8188837306,上交所主板,正常上市
603613,国联股份,18.59,3.57,10.098,1.429,13394797944,上交所主板,正常上市
603615,茶花股份,17.14,1.72,222.021,3.611,4144794800,上交所主板,正常上市
603616,韩建河山,5.37,1.32,,9.873,2079360660,上交所主板,正常上市
603617,君禾股份,6.71,0.6,54.996,1.679,2615634071,上交所主板,正常上市
603618,杭电股份,27.74,4.48,,7.089,19178759588,上交所主板,正常上市
603619,中曼石油,22.46,1.17,33.344,2.379,10384121834,上交所主板,正常上市
603626,科森科技,16.95,9.99,73.601,4.13,9405210746,上交所主板,正常上市
603628,清源股份,9.52,1.17,86.674,1.984,2595524451,上交所主板,正常上市
603630,拉芳家化,14.97,5.57,,1.785,3371312563,上交所主板,正常上市
603633,徕木股份,6.36,1.92,,1.56,2714516802,上交所主板,正常上市
603636,南威软件,6.92,0.87,,2.171,4016094819,上交所主板,正常上市
603637,镇海股份,14.06,10.02,57.553,3.215,3355923431,上交所主板,正常上市
603638,艾迪精密,18.9,0.53,37.569,4.312,16645117526,上交所主板,正常上市
603639,海利尔,10.76,1.99,24.696,1.071,3762215019,上交所主板,正常上市
603648,畅联股份,9.28,3.92,26.956,1.775,3363190784,上交所主板,正常上市
603655,朗博科技,33.1,1.47,78.249,6.263,3508600000,上交所主板,正常上市
603656,泰禾智能,17.37,0.12,97.327,2.394,3177760868,上交所主板,正常上市
603657,春光科技,27.26,3.73,,4.225,3685280763,上交所主板,正常上市
603658,安图生物,34.9,2.65,19.276,2.177,19942724403,上交所主板,正常上市
603659,璞泰来,23.73,-1.33,18.465,2.377,50881490473,上交所主板,正常上市
603661,恒林股份,32.47,-1.19,26.413,1.222,4515506497,上交所主板,正常上市
603662,柯力传感,49.05,-0.93,45.013,4.938,13774705025,上交所主板,正常上市
603663,三祥新材,40.76,-1.26,171.672,17.407,24193918377,上交所主板,正常上市
603665,康隆达,20.91,2.5,,5.076,3349106753,上交所主板,正常上市
603666,亿嘉和,26.07,10.0,,2.529,5358178049,上交所主板,正常上市
603668,天马科技,10.16,-0.39,,2.424,5138894797,上交所主板,正常上市
603669,灵康药业,6.05,2.54,,7.419,4309603548,上交所主板,正常上市
603676,卫信康,9.62,3.66,19.322,2.711,4186253630,上交所主板,正常上市
603677,奇精机械,13.67,0.81,63.576,2.261,2632853825,上交所主板,正常上市
603679,华体科技,21.6,0.19,,4.359,3838022287,上交所主板,正常上市
603680,今创集团,10.3,0.98,12.991,1.374,8072303300,上交所主板,正常上市
603681,永冠新材,18.14,0.78,31.314,1.296,4312636796,上交所主板,正常上市
603682,锦和商管,11.46,-2.13,,8.327,5414850000,上交所主板,正常上市
603683,晶华新材,15.43,-1.28,46.763,2.657,4493698296,上交所主板,正常上市
603685,晨丰科技,24.9,-0.8,170.781,3.131,6298469143,上交所主板,正常上市
603686,福龙马,12.7,0.32,33.611,1.507,5275966131,上交所主板,正常上市
603687,大胜达,13.14,0.0,104.159,2.209,7227418693,上交所主板,正常上市
603688,石英股份,47.83,0.8,188.625,4.426,25908472563,上交所主板,正常上市
603689,皖天然气,7.58,1.34,11.784,1.056,3985665155,上交所主板,正常上市
603690,至纯科技,25.36,-2.39,,2.796,9711973380,上交所主板,正常上市
603693,江苏新能,11.29,0.18,22.205,1.401,10064762685,上交所主板,正常上市
603696,安记食品,13.32,1.52,94.557,5.416,3132864000,上交所主板,正常上市
603697,有友食品,9.46,0.0,20.109,2.23,4045967247,上交所主板,正常上市
603698,航天工程,21.85,-0.46,52.374,3.327,11711381500,上交所主板,正常上市
603699,纽威股份,54.17,1.58,24.948,8.397,41997074639,上交所主板,正常上市
603700,宁水集团,11.62,1.31,30.608,1.415,2323557673,上交所主板,正常上市
603701,德宏股份,19.08,1.22,360.254,6.195,4986785071,上交所主板,正常上市
603703,盛洋科技,9.66,2.99,,4.851,4008727279,上交所主板,正常上市
603706,东方环宇,19.69,1.65,15.698,2.021,3728945639,上交所主板,正常上市
603707,健友股份,8.53,5.57,23.525,1.985,13781503201,上交所主板,正常上市
603708,家家悦,9.22,-1.28,27.951,2.447,5885482584,上交所主板,正常上市
603709,中源家居,11.7,2.99,,3.753,1909850190,上交所主板,正常上市
603711,香飘飘,11.5,0.88,23.333,1.369,4748052150,上交所主板,正常上市
603712,七一二,11.2,0.36,,2.261,8646400000,上交所主板,正常上市
603713,密尔克卫,67.4,4.19,17.883,2.199,11730871731,上交所主板,正常上市
603716,塞力医疗,17.3,9.98,,3.735,3906180321,上交所主板,正常上市
603717,天域生物,6.35,1.93,,4.817,1842428624,上交所主板,正常上市
603718,*ST海利,2.98,4.56,,2.192,1933959506,上交所主板,*ST退市风险警示
603719,良品铺子,9.73,1.14,,1.91,3872378482,上交所主板,正常上市
603721,中广天择,17.25,0.0,82.415,4.573,2242500000,上交所主板,正常上市
603722,阿科力,29.43,0.93,,3.242,2875903161,上交所主板,正常上市
603725,天安新材,12.15,1.33,31.996,4.303,3704020812,上交所主板,正常上市
603726,朗迪集团,22.95,0.04,18.73,2.848,4258585935,上交所主板,正常上市
603727,博迈科,18.42,0.66,,1.68,5189269082,上交所主板,正常上市
603729,ST龙韵,11.16,2.57,,3.77,1028562516,上交所主板,ST风险警示
603730,岱美股份,9.69,-1.02,32.675,4.186,20819872769,上交所主板,正常上市
603733,仙鹤股份,21.68,-0.14,17.248,1.751,17718050026,上交所主板,正常上市
603737,三棵树,25.17,-1.91,28.702,7.428,22285038965,上交所主板,正常上市
603738,泰晶科技,36.33,1.2,210.563,7.71,14019292584,上交所主板,正常上市
603739,蔚蓝生物,12.68,2.01,41.08,1.783,3208406021,上交所主板,正常上市
603755,日辰股份,23.63,3.32,27.497,3.069,2330241282,上交所主板,正常上市
603757,大元泵业,58.28,1.25,92.956,5.123,10871974255,上交所主板,正常上市
603759,海天股份,7.42,1.37,26.204,1.172,3426259200,上交所主板,正常上市
603766,隆鑫通用,13.97,0.0,17.794,2.972,28687979645,上交所主板,正常上市
603767,中马传动,14.3,-0.21,,3.229,4413430450,上交所主板,正常上市
603768,常青股份,11.19,2.38,,1.216,2662726040,上交所主板,正常上市
603776,永安行,20.16,1.0,,1.653,5660133132,上交所主板,正常上市
603777,来伊份,13.73,0.37,,2.946,4591643799,上交所主板,正常上市
603778,国晟科技,9.35,-1.58,,21.861,6171393822,上交所主板,正常上市
603779,威龙股份,7.7,0.65,,5.219,2557037206,上交所主板,正常上市
603786,科博达,40.18,0.27,20.652,2.813,16226962206,上交所主板,正常上市
603787,新日股份,10.17,1.9,51.046,1.516,2340562344,上交所主板,正常上市
603788,宁波高发,13.86,2.14,14.255,1.423,3091681842,上交所主板,正常上市
603789,ST星农,6.18,0.98,,15.661,1639026228,上交所主板,ST风险警示
603790,雅运股份,24.47,1.96,57.748,3.589,4682579200,上交所主板,正常上市
603797,联泰环保,4.81,-1.84,21.966,0.819,2773470964,上交所主板,正常上市
603798,康普顿,12.7,-1.24,75.405,2.623,3256910555,上交所主板,正常上市
603799,华友钴业,39.35,-0.51,10.788,1.465,74510307794,上交所主板,正常上市
603800,洪田股份,67.89,1.43,594.502,17.853,14121120000,上交所主板,正常上市
603801,志邦家居,7.23,10.05,45.985,0.997,3140361222,上交所主板,正常上市
603803,瑞斯康达,10.29,2.08,,2.845,4372051802,上交所主板,正常上市
603806,福斯特,15.59,2.84,36.438,2.498,40670345494,上交所主板,正常上市
603808,歌力思,8.54,2.28,18.833,1.202,3106281810,上交所主板,正常上市
603809,豪能股份,8.86,0.23,28.999,2.192,8153758830,上交所主板,正常上市
603810,丰山集团,12.22,1.75,56.098,1.307,2020481427,上交所主板,正常上市
603811,诚意药业,7.63,1.6,18.058,2.41,3496264746,上交所主板,正常上市
603815,交建股份,5.21,1.56,,2.048,3224595264,上交所主板,正常上市
603816,顾家家居,24.77,1.52,12.975,1.771,22930406707,上交所主板,正常上市
603817,海峡环保,5.7,1.24,13.866,0.994,3249479022,上交所主板,正常上市
603818,曲美家居,3.77,4.72,,1.254,2588270333,上交所主板,正常上市
603819,神力股份,13.69,-0.29,113.992,3.67,2980726260,上交所主板,正常上市
603822,ST嘉澳,57.76,3.79,25.107,9.836,4437463175,上交所主板,ST风险警示
603823,百合花,86.39,3.75,219.22,14.363,35970005949,上交所主板,正常上市
603825,ST华扬,7.98,1.92,,64.931,2021625685,上交所主板,ST风险警示
603826,坤彩科技,16.73,-0.77,,7.617,14249944800,上交所主板,正常上市
603828,*ST利达,4.98,9.93,,5.796,2967881587,上交所主板,*ST退市风险警示
603829,洛凯股份,15.03,2.52,50.893,1.874,2799580370,上交所主板,正常上市
603833,欧派家居,32.57,-0.03,10.701,1.072,19728535132,上交所主板,正常上市
603836,海程邦达,9.02,1.92,54.099,1.484,2581608175,上交所主板,正常上市
603838,*ST四通,10.65,8.67,,3.879,3408170400,上交所主板,*ST退市风险警示
603839,安正时尚,7.18,3.31,,1.652,2778776316,上交所主板,正常上市
603843,*ST正平,6.89,2.23,,187.228,4820404103,上交所主板,*ST退市风险警示
603855,华荣股份,16.02,0.38,15.53,2.407,5406926220,上交所主板,正常上市
603856,东宏股份,11.46,0.61,12.87,1.157,3232362448,上交所主板,正常上市
603858,步长制药,16.19,4.05,45.659,1.67,17073463076,上交所主板,正常上市
603859,能科科技,38.08,-0.6,44.948,2.441,10144477309,上交所主板,正常上市
603860,中公高科,26.33,2.21,37.63,2.088,1755684400,上交所主板,正常上市
603861,白云电器,11.86,-0.84,31.802,1.6,6410661546,上交所主板,正常上市
603863,松炀资源,12.49,1.3,,10.555,2556078500,上交所主板,正常上市
603866,桃李面包,4.22,0.0,26.826,1.283,6750814834,上交所主板,正常上市
603867,新化股份,28.86,3.7,23.235,2.0,6276667403,上交所主板,正常上市
603868,飞科电器,30.25,0.9,25.354,3.748,13176900000,上交所主板,正常上市
603869,ST智知,8.9,2.42,125.161,1.173,4348735693,上交所主板,ST风险警示
603871,嘉友国际,12.53,1.95,14.202,2.725,17141148485,上交所主板,正常上市
603877,太平鸟,12.88,2.22,30.525,1.383,6052373863,上交所主板,正常上市
603878,武进不锈,4.97,1.64,87.861,1.077,2788915430,上交所主板,正常上市
603879,永悦科技,5.35,1.9,,8.297,1922492754,上交所主板,正常上市
603881,数据港,30.2,5.41,186.677,7.737,26033982450,上交所主板,正常上市
603882,金域医学,30.76,10.01,,2.245,14249824539,上交所主板,正常上市
603883,老百姓,13.27,1.38,25.491,1.481,10070473432,上交所主板,正常上市
603885,吉祥航空,10.53,0.57,20.12,2.223,22839625472,上交所主板,正常上市
603886,元祖股份,12.36,7.38,31.432,2.001,2966400000,上交所主板,正常上市
603887,城地香江,9.1,-2.15,,1.573,5478467731,上交所主板,正常上市
603888,新华网,16.01,0.88,36.015,3.123,11882813880,上交所主板,正常上市
603889,新澳股份,5.69,1.43,10.824,1.417,5400974606,上交所主板,正常上市
603893,瑞芯微,182.65,0.3,56.503,15.692,77287169408,上交所主板,正常上市
603895,天永智能,24.8,-1.39,157.655,13.06,2680384000,上交所主板,正常上市
603896,寿仙谷,15.41,2.66,,1.377,3054939085,上交所主板,正常上市
603897,长城科技,29.87,3.39,19.274,2.594,6166233791,上交所主板,正常上市
603899,晨光股份,22.76,1.47,15.68,2.176,20843502781,上交所主板,正常上市
603900,莱绅通灵,6.19,3.17,24.996,1.064,2122574770,上交所主板,正常上市
603901,永创智能,9.36,1.63,32.158,1.666,5397823988,上交所主板,正常上市
603903,中持股份,14.55,4.23,,2.599,3714898434,上交所主板,正常上市
603906,龙蟠科技,18.9,-2.33,220.921,3.001,14952015023,上交所主板,正常上市
603908,牧高笛,19.11,2.58,,3.664,1779656741,上交所主板,正常上市
603909,建发合诚,9.68,3.31,21.717,2.154,2523315995,上交所主板,正常上市
603912,佳力图,8.36,5.56,,2.633,4533847784,上交所主板,正常上市
603915,国茂股份,13.15,2.18,35.555,2.277,8782654612,上交所主板,正常上市
603916,苏博特,11.76,-0.25,37.514,1.179,4943054822,上交所主板,正常上市
603917,合力科技,12.25,0.74,121.355,1.487,2497040000,上交所主板,正常上市
603918,金桥信息,10.07,0.3,,3.757,3676632787,上交所主板,正常上市
603919,金徽酒,16.71,4.76,31.374,2.492,8476314550,上交所主板,正常上市
603920,世运电路,38.13,1.14,71.57,4.346,27476185047,上交所主板,正常上市
603922,ST金鸿顺,13.33,2.54,,2.567,2388736000,上交所主板,ST风险警示
603926,铁流股份,15.34,0.59,44.372,2.058,3574014613,上交所主板,正常上市
603927,中科软,13.26,1.69,49.12,3.47,11019590400,上交所主板,正常上市
603928,兴业股份,12.5,-1.19,35.392,2.638,4258800000,上交所主板,正常上市
603929,亚翔集成,168.67,0.72,29.457,15.072,35987431200,上交所主板,正常上市
603931,格林达,35.43,-0.9,58.916,3.543,7070353403,上交所主板,正常上市
603933,睿能科技,19.22,-1.33,61.297,2.95,3989006732,上交所主板,正常上市
603936,博敏电子,17.54,-2.07,,2.571,11319403990,上交所主板,正常上市
603937,丽岛新材,11.68,3.09,1047.456,1.577,2439858455,上交所主板,正常上市
603938,三孚股份,43.13,-0.62,179.089,6.496,16502594556,上交所主板,正常上市
603939,益丰药房,24.13,0.67,16.925,2.456,29255030687,上交所主板,正常上市
603948,建业股份,20.49,1.69,14.273,1.506,3329403032,上交所主板,正常上市
603949,雪龙集团,13.99,0.94,30.818,2.668,2948206517,上交所主板,正常上市
603950,长源东谷,57.04,-1.35,46.907,5.972,18488420832,上交所主板,正常上市
603955,大千生态,18.92,1.12,,1.797,2567822400,上交所主板,正常上市
603956,威派格,6.58,-1.5,,2.111,3749983362,上交所主板,正常上市
603958,哈森股份,18.68,10.01,,6.293,4097644800,上交所主板,正常上市
603959,ST百利,4.76,0.0,,5950.0,2333823202,上交所主板,ST风险警示
603960,克来机电,15.86,2.79,196.219,3.694,4158458694,上交所主板,正常上市
603966,法兰泰克,7.77,1.3,15.889,1.905,4043468342,上交所主板,正常上市
603967,中创物流,11.54,1.5,13.77,1.612,4000533833,上交所主板,正常上市
603968,醋化股份,10.42,1.96,,1.217,2130681600,上交所主板,正常上市
603969,银龙股份,7.23,1.83,14.488,2.086,6301189374,上交所主板,正常上市
603970,中农立华,10.73,-1.56,16.622,1.773,2884225438,上交所主板,正常上市
603976,正川股份,27.07,0.82,313.531,3.446,4645605300,上交所主板,正常上市
603977,国泰集团,11.56,0.78,28.833,2.076,7181555532,上交所主板,正常上市
603978,深圳新星,18.5,-1.18,,2.354,3905244532,上交所主板,正常上市
603979,金诚信,74.9,2.81,18.553,4.081,46722064242,上交所主板,正常上市
603980,吉华集团,6.73,-0.88,48.81,1.156,4555088513,上交所主板,正常上市
603982,泉峰汽车,6.07,2.02,,1.045,2216333000,上交所主板,正常上市
603983,丸美生物,26.56,-1.19,49.952,3.103,10650560000,上交所主板,正常上市
603985,恒润股份,16.78,-0.53,62.307,2.214,7397597290,上交所主板,正常上市
603986,兆易创新,403.5,-0.05,35.71,7.595,283154121219,上交所主板,正常上市
603987,康德莱,7.7,3.22,14.391,1.181,3363289776,上交所主板,正常上市
603988,中电电机,21.2,10.02,161.116,7.482,4986240000,上交所主板,正常上市
603989,艾华集团,28.21,1.18,42.545,2.846,11249579851,上交所主板,正常上市
603990,麦迪科技,22.26,-0.54,350.088,8.128,6794763294,上交所主板,正常上市
603991,领先股份,133.8,1.63,1098.806,5.813,20432559198,上交所主板,正常上市
603992,松霖科技,20.66,0.83,35.844,2.497,9153244001,上交所主板,正常上市
603993,洛阳钼业,18.27,1.5,14.05,4.359,390874046916,上交所主板,正常上市
603997,继峰股份,11.51,-1.62,22.028,2.663,14643768585,上交所主板,正常上市
603998,方盛制药,10.43,2.86,14.941,2.641,4579618585,上交所主板,正常上市
603999,读者传媒,5.6,1.08,37.667,1.554,3225600000,上交所主板,正常上市
605001,威奥股份,5.82,1.93,28.01,0.836,2286596520,上交所主板,正常上市
605003,众望布艺,22.19,3.21,35.805,1.704,2440900000,上交所主板,正常上市
605005,合兴股份,15.76,2.6,31.69,2.971,6319760000,上交所主板,正常上市
605006,山东玻纤,13.95,-1.83,1290.014,2.913,9117738191,上交所主板,正常上市
605007,五洲特纸,15.06,0.67,20.297,1.964,7164493845,上交所主板,正常上市
605008,长鸿高科,12.85,0.78,,4.25,8300617020,上交所主板,正常上市
605009,豪悦护理,23.95,1.57,22.894,1.478,5148230999,上交所主板,正常上市
605011,杭州热电,17.04,0.59,35.855,2.758,6817704000,上交所主板,正常上市
605016,百龙创园,19.74,0.05,20.335,3.982,8291043197,上交所主板,正常上市
605018,长华集团,12.21,1.16,55.255,2.027,5739503333,上交所主板,正常上市
605020,永和股份,32.52,-1.25,20.683,2.751,16611824872,上交所主板,正常上市
605028,世茂能源,24.26,-1.58,27.344,2.824,3881600000,上交所主板,正常上市
605033,美邦股份,20.13,-0.54,42.796,2.286,2721576000,上交所主板,正常上市
605050,福然德,10.26,1.48,13.622,1.132,5056427397,上交所主板,正常上市
605055,迎丰股份,9.57,2.46,,4.287,4210800000,上交所主板,正常上市
605056,咸亨国际,14.15,2.24,21.941,3.153,5792913780,上交所主板,正常上市
605058,澳弘电子,26.64,1.52,25.567,2.095,3807525197,上交所主板,正常上市
605060,联德股份,42.48,0.24,41.907,4.044,10220348160,上交所主板,正常上市
605066,天正电气,7.47,-0.27,48.454,2.105,3753175444,上交所主板,正常上市
605068,明新旭腾,17.16,-0.23,,1.802,2783326174,上交所主板,正常上市
605069,正和生态,10.43,1.36,,3.213,2208007825,上交所主板,正常上市
605077,华康股份,11.03,1.38,23.634,1.089,3342643463,上交所主板,正常上市
605080,浙江自然,22.34,10.0,18.835,1.389,3147911975,上交所主板,正常上市
605086,龙高股份,24.24,6.13,37.884,2.666,4343808000,上交所主板,正常上市
605088,冠盛股份,20.9,2.6,14.662,1.433,4236974508,上交所主板,正常上市
605089,味知香,20.34,0.2,39.002,2.216,2806920000,上交所主板,正常上市
605090,九丰能源,35.06,-0.71,15.785,2.016,24772853201,上交所主板,正常上市
605098,行动教育,55.52,0.0,18.379,6.345,6620821072,上交所主板,正常上市
605099,共创草坪,33.34,1.28,18.844,4.023,13424775618,上交所主板,正常上市
605100,华丰股份,32.51,-1.48,323.29,4.313,7770605220,上交所主板,正常上市
605108,同庆楼,12.61,2.27,48.883,1.405,3278600000,上交所主板,正常上市
605111,新洁能,59.45,-1.33,64.994,5.687,24691521108,上交所主板,正常上市
605116,奥锐特,22.0,10.0,22.696,3.31,8936031148,上交所主板,正常上市
605117,德业股份,93.73,-1.2,32.668,10.32,119339945004,上交所主板,正常上市
605118,力鼎光电,29.0,-0.03,43.59,7.374,11926685000,上交所主板,正常上市
605122,四方新材,11.7,0.0,,1.16,2016541800,上交所主板,正常上市
605128,上海沿浦,23.33,1.88,36.186,3.355,7325310714,上交所主板,正常上市
605133,嵘泰股份,27.7,1.84,42.198,2.05,7902121710,上交所主板,正常上市
605136,丽人丽妆,8.26,5.36,,1.364,3307787210,上交所主板,正常上市
605138,盛泰集团,5.89,1.55,18.658,1.304,3272317195,上交所主板,正常上市
605151,西上海,19.27,1.58,128.16,1.883,2592859858,上交所主板,正常上市
605155,西大门,14.04,0.57,24.609,1.96,2674891983,上交所主板,正常上市
605158,华达新材,7.3,0.27,,1.54,3733366000,上交所主板,正常上市
605162,新中港,9.01,-1.42,33.302,2.795,3990045262,上交所主板,正常上市
605166,聚合顺,8.37,3.33,27.094,1.319,2634323379,上交所主板,正常上市
605167,利柏特,15.4,4.55,36.325,3.358,7852576948,上交所主板,正常上市
605168,三人行,47.01,3.16,77.746,3.624,9910506512,上交所主板,正常上市
605169,洪通燃气,10.97,1.86,29.999,1.539,3103193600,上交所主板,正常上市
605177,东亚药业,20.77,7.34,,1.434,2382741981,上交所主板,正常上市
605178,时空科技,65.68,1.05,,5.895,6507574400,上交所主板,正常上市
605179,一鸣食品,35.05,0.86,261.721,12.211,14055050000,上交所主板,正常上市
605180,华生科技,12.53,4.07,98.065,1.844,2117570000,上交所主板,正常上市
605183,确成股份,14.54,1.32,13.773,1.597,6036781249,上交所主板,正常上市
605186,健麾信息,26.36,0.23,116.511,3.24,3584960000,上交所主板,正常上市
605188,国光连锁,12.47,-0.64,309.376,5.117,6331598855,上交所主板,正常上市
605189,富春染织,14.31,-0.21,23.481,1.456,3409141977,上交所主板,正常上市
605196,华通线缆,34.1,-1.16,56.474,5.147,17424151372,上交所主板,正常上市
605199,ST葫芦娃,5.89,0.86,,6.142,2356640549,上交所主板,ST风险警示
605208,永茂泰,14.04,0.43,65.391,2.084,4632357600,上交所主板,正常上市
605218,伟时电子,14.7,4.48,,2.012,3569376399,上交所主板,正常上市
605222,起帆电缆,19.63,-0.05,41.322,1.722,8105379191,上交所主板,正常上市
605228,神通科技,10.48,0.58,31.178,2.195,5026787743,上交所主板,正常上市
605258,协和电子,26.97,2.24,39.629,1.948,2373360000,上交所主板,正常上市
605259,绿田机械,17.8,0.56,13.173,1.629,3070144000,上交所主板,正常上市
605266,健之佳,16.9,2.42,17.346,0.964,2611775483,上交所主板,正常上市
605268,王力安防,9.45,-0.11,31.849,2.446,4163197500,上交所主板,正常上市
605277,新亚电子,14.77,2.86,26.366,3.291,5742360639,上交所主板,正常上市
605286,同力天启,25.28,1.69,31.417,1.967,4247040000,上交所主板,正常上市
605287,德才股份,39.27,2.37,91.711,3.477,5497800000,上交所主板,正常上市
605288,凯迪股份,54.92,-1.26,155.863,2.427,5433906558,上交所主板,正常上市
605289,罗曼股份,107.21,2.04,189.16,12.011,16361371705,上交所主板,正常上市
605296,神农集团,30.42,1.54,,3.73,16007935400,上交所主板,正常上市
605298,必得科技,46.37,2.82,152.063,8.139,8710604500,上交所主板,正常上市
605299,舒华体育,12.57,1.13,44.384,4.206,5124277502,上交所主板,正常上市
605300,佳禾食品,9.75,0.83,99.082,1.536,4430386321,上交所主板,正常上市
605303,园林股份,20.7,1.12,,3.944,3337614346,上交所主板,正常上市
605305,中际联合,37.08,-0.22,14.056,2.572,7880241600,上交所主板,正常上市
605318,法狮龙,75.05,-1.39,30485.3,14.756,9435963551,上交所主板,正常上市
605319,无锡振华,24.06,1.73,17.867,2.947,8423350590,上交所主板,正常上市
605337,李子园,9.64,0.63,20.479,2.251,3760589575,上交所主板,正常上市
605338,巴比食品,20.0,1.83,16.927,2.009,4791333240,上交所主板,正常上市
605339,南侨食品,14.04,0.29,815.869,1.748,5957040249,上交所主板,正常上市
605365,立达信,13.79,2.0,43.362,1.82,6922757560,上交所主板,正常上市
605366,宏柏新材,8.03,0.88,,2.328,6205806431,上交所主板,正常上市
605368,蓝天燃气,6.73,1.2,20.396,1.448,4809499708,上交所主板,正常上市
605369,拱东医疗,17.71,2.07,69.405,2.273,3892711644,上交所主板,正常上市
605377,华旺科技,8.88,0.79,19.365,1.245,4943231980,上交所主板,正常上市
605378,野马电池,14.11,2.25,94.737,2.963,3687597704,上交所主板,正常上市
605388,均瑶健康,6.05,1.85,,2.364,3632928200,上交所主板,正常上市
605389,长龄液压,69.72,-0.23,97.952,6.055,13037445481,上交所主板,正常上市
605398,新炬网络,20.24,1.45,238.567,3.17,3293379511,上交所主板,正常上市
605399,晨光新材,10.67,-0.74,,1.618,3322331814,上交所主板,正常上市
605488,福莱新材,29.25,4.91,143.297,3.902,8774658331,上交所主板,正常上市
605499,东鹏饮料,123.07,0.26,18.413,4.64,90357909082,上交所主板,正常上市
605500,森林包装,6.95,1.61,117.987,1.115,2880080000,上交所主板,正常上市
605507,国邦医药,16.0,1.85,17.715,1.49,12517646400,上交所主板,正常上市
605555,德昌股份,11.94,1.53,61.294,1.93,5779784338,上交所主板,正常上市
605566,福莱蒽特,25.54,0.35,60.613,1.676,3405503600,上交所主板,正常上市
605567,春雪食品,9.15,1.67,49.523,1.647,1830000000,上交所主板,正常上市
605577,龙版传媒,9.95,-1.87,18.528,1.098,4422222228,上交所主板,正常上市
605580,恒盛能源,17.71,-0.9,30.569,4.62,4958800000,上交所主板,正常上市
605588,冠石科技,47.4,1.28,,3.672,3473257799,上交所主板,正常上市
605589,圣泉集团,38.16,-0.52,33.89,2.991,32298185084,上交所主板,正常上市
605598,上海港湾,26.23,0.77,187.995,3.72,6374330900,上交所主板,正常上市
605599,菜百股份,15.79,0.51,10.135,2.428,12281111462,上交所主板,正常上市
300001,特锐德,35.87,-0.75,30.278,4.379,37854605065,创业板,正常上市
300002,神州泰岳,8.04,1.01,21.55,2.024,15816077883,创业板,正常上市
300003,乐普医疗,12.8,4.92,28.419,1.435,23595836365,创业板,正常上市
300004,南风股份,8.78,5.91,441.34,2.378,4214343790,创业板,正常上市
300005,探路者,10.79,-0.28,110.731,4.405,9535146587,创业板,正常上市
300006,莱美药业,5.94,20.0,,3.603,6272112558,创业板,正常上市
300007,汉威科技,31.26,-1.14,61.433,3.464,10235950050,创业板,正常上市
300008,天海防务,6.04,0.67,30.475,4.166,10437295963,创业板,正常上市
300009,安科生物,10.15,19.98,24.442,3.576,16957612186,创业板,正常上市
300010,ST豆神,2.15,0.94,,2.564,4443217217,创业板,ST风险警示
300012,华测检测,15.26,1.46,23.076,3.173,25679958546,创业板,正常上市
300013,新宁物流,4.01,2.04,,12.461,2239019165,创业板,正常上市
300014,亿纬锂能,55.06,-0.61,20.524,2.385,119661729241,创业板,正常上市
300015,爱尔眼科,8.58,1.78,23.669,3.472,79790265418,创业板,正常上市
300016,北陆药业,8.7,4.82,41.086,2.058,5060700660,创业板,正常上市
300017,网宿科技,15.86,1.34,51.078,3.81,39581560563,创业板,正常上市
300018,中元股份,11.5,2.95,40.62,3.922,5620171164,创业板,正常上市
300019,硅宝科技,14.48,-0.96,22.446,2.066,5692329816,创业板,正常上市
300020,ST银江,3.36,1.51,,2.001,2670117993,创业板,ST风险警示
300021,大禹节水,3.96,0.25,80.335,1.544,4048575177,创业板,正常上市
300022,吉峰科技,8.11,0.12,,7.843,4008289482,创业板,正常上市
300024,机器人,14.94,-2.03,,5.781,23390362053,创业板,正常上市
300025,华星创业,5.12,0.2,,6.11,2605019761,创业板,正常上市
300026,红日药业,3.61,5.87,454.142,1.264,10844998962,创业板,正常上市
300027,ST华谊,1.77,0.57,,,4910875477,创业板,ST风险警示
300030,阳普医疗,7.01,4.63,72.058,3.328,2167403078,创业板,正常上市
300031,宝通科技,21.26,1.87,33.85,2.178,8902554736,创业板,正常上市
300032,金龙机电,3.71,3.06,,4.603,2979759246,创业板,正常上市
300033,同花顺,220.22,-1.25,49.615,23.713,165746380800,创业板,正常上市
300034,钢研高纳,15.41,0.2,123.073,3.186,12281177686,创业板,正常上市
300036,超图软件,11.04,1.85,112.43,2.062,5440143452,创业板,正常上市
300037,新宙邦,65.15,1.56,36.438,4.466,49115700784,创业板,正常上市
300039,上海凯宝,5.89,4.62,23.773,1.318,6160940000,创业板,正常上市
300040,九洲集团,5.81,0.35,85.202,1.43,3738214633,创业板,正常上市
300041,回天新材,10.83,0.37,27.184,2.001,6058691035,创业板,正常上市
300042,朗科科技,39.51,-0.88,56.521,6.997,7917804000,创业板,正常上市
300043,星辉娱乐,4.49,1.58,13.931,3.124,5586450820,创业板,正常上市
300044,*ST赛为,5.09,0.59,,,3888094371,创业板,*ST退市风险警示
300045,华力创通,12.6,-0.16,,5.504,8349707974,创业板,正常上市
300047,天源迪科,9.1,0.78,202.053,1.752,5803476515,创业板,正常上市
300048,合康新能,5.11,4.93,259.756,3.177,5786294994,创业板,正常上市
300049,福瑞医科,42.98,4.68,72.156,5.747,11346337478,创业板,正常上市
300050,世纪鼎利,6.95,4.98,226.46,9.175,3786684690,创业板,正常上市
300051,琏升科技,8.33,2.71,,32.438,3098907358,创业板,正常上市
300052,中青宝,10.72,0.0,,8.148,2807125371,创业板,正常上市
300053,航宇微,11.9,0.0,,5.864,8292804444,创业板,正常上市
300054,鼎龙股份,74.46,-0.11,85.611,12.925,71071605370,创业板,正常上市
300055,万邦达,5.89,2.26,,1.004,4928455179,创业板,正常上市
300056,中创环保,8.49,1.07,,45.67,3272813861,创业板,正常上市
300057,万顺新材,6.35,-0.16,,1.121,6372678790,创业板,正常上市
300058,蓝色光标,13.64,-0.73,191.841,6.148,48970617536,创业板,正常上市
300059,东方财富,18.8,0.37,22.694,3.108,297457357650,创业板,正常上市
300061,旗天科技,6.28,1.29,,8.926,4138480292,创业板,正常上市
300062,中能电气,6.22,0.16,,2.542,3918210441,创业板,正常上市
300063,天龙集团,8.95,0.79,58.249,3.841,6788817992,创业板,正常上市
300066,三川智慧,4.96,1.22,36.649,1.962,5158564980,创业板,正常上市
300067,安诺其,5.2,1.17,,2.413,6002747785,创业板,正常上市
300068,ST南都,3.98,1.27,,3.247,3575501850,创业板,ST风险警示
300070,碧水源,3.45,2.07,203.526,0.457,12503522302,创业板,正常上市
300071,福石控股,4.04,2.28,,24.192,3894092717,创业板,正常上市
300072,海新能科,3.86,6.63,,1.734,9069920366,创业板,正常上市
300073,当升科技,40.71,0.0,27.748,1.481,22158195224,创业板,正常上市
300074,华平股份,3.8,1.88,,2.453,2091168880,创业板,正常上市
300075,数字政通,10.76,0.75,,2.109,6683360500,创业板,正常上市
300076,*ST宁视,4.5,2.27,,2.273,1908000000,创业板,*ST退市风险警示
300077,国民技术,19.19,-0.93,,7.472,13013251373,创业板,正常上市
300078,思创智联,3.19,5.28,,7.07,3566012414,创业板,正常上市
300079,数码视讯,4.41,2.8,176.126,1.528,6288783753,创业板,正常上市
300080,易成新能,3.7,1.65,,1.613,6931507613,创业板,正常上市
300081,ST恒信,3.11,6.87,,2.386,1880913747,创业板,ST风险警示
300082,奥克股份,7.83,4.4,438.436,1.941,5325168906,创业板,正常上市
300083,创世纪,13.41,5.34,190.58,4.204,22325807318,创业板,正常上市
300084,海默科技,10.38,0.39,,4.178,5696127752,创业板,正常上市
300085,银之杰,28.62,0.85,,48.19,20224052112,创业板,正常上市
300086,康芝药业,6.89,3.77,,3.532,3135807192,创业板,正常上市
300087,ST荃银,5.71,1.6,,3.187,5409264298,创业板,ST风险警示
300088,长信科技,7.3,1.39,106.124,2.1,18233455127,创业板,正常上市
300091,*ST金灵,2.55,1.59,,5.582,7247214921,创业板,*ST退市风险警示
300092,科新机电,11.61,1.49,77.016,1.917,3180249176,创业板,正常上市
300093,金刚光伏,23.82,4.52,48.419,6.611,12862800000,创业板,正常上市
300094,国联水产,2.86,-0.69,,33.967,3226558344,创业板,正常上市
300095,华伍股份,7.91,1.02,,2.272,3119903039,创业板,正常上市
300096,ST易联众,9.48,1.94,85.374,12.228,4076400000,创业板,ST风险警示
300097,智云股份,10.05,0.9,,14.646,2976676023,创业板,正常上市
300098,高新兴,4.45,1.37,,2.921,7733131124,创业板,正常上市
300099,尤洛卡,5.94,0.85,23.782,1.825,4379355615,创业板,正常上市
300100,双林股份,20.85,-1.65,28.187,3.594,12072086199,创业板,正常上市
300101,振芯科技,14.02,0.21,507.718,4.518,7962037914,创业板,正常上市
300102,乾照光电,17.79,-0.45,140.56,3.764,16372739423,创业板,正常上市
300103,达刚控股,7.76,1.04,,5.493,2464583760,创业板,正常上市
300105,龙源技术,7.6,-0.91,,2.194,3920189592,创业板,正常上市
300106,西部牧业,9.94,1.64,,5.575,2100643161,创业板,正常上市
300107,建新股份,6.39,2.24,243.792,2.367,3596178693,创业板,正常上市
300109,新开源,15.98,19.97,52.852,2.491,9218167285,创业板,正常上市
300110,华仁药业,2.96,4.59,,4.099,3499350427,创业板,正常上市
300111,向日葵,3.12,4.7,,5.933,4016097428,创业板,正常上市
300112,万讯自控,9.91,16.73,,3.099,2853625190,创业板,正常上市
300113,顺网科技,16.79,0.36,26.655,4.358,11319211579,创业板,正常上市
300118,东方日升,9.73,0.62,,1.337,11092334887,创业板,正常上市
300119,瑞普生物,18.61,1.09,22.047,1.798,8649085079,创业板,正常上市
300120,经纬辉开,9.0,3.45,,2.061,5169545361,创业板,正常上市
300121,阳谷华泰,9.69,2.43,22.147,1.201,4314369040,创业板,正常上市
300122,智飞生物,14.48,19.97,,2.243,34662075537,创业板,正常上市
300123,ST亚光,4.36,-0.23,,14.276,4455196776,创业板,ST风险警示
300124,汇川技术,59.12,-1.05,33.766,4.399,160073545169,创业板,正常上市
300125,聆达股份,8.29,1.97,141.027,5.285,5519896392,创业板,正常上市
300126,锐奇股份,6.39,2.24,,1.952,1942289064,创业板,正常上市
300127,银河磁体,24.75,0.16,41.638,5.099,7997872410,创业板,正常上市
300128,锦富技术,4.4,0.46,,13.551,5716107813,创业板,正常上市
300129,泰胜风能,7.4,-2.12,44.816,1.423,8205514013,创业板,正常上市
300130,新国都,17.96,0.17,24.313,2.255,10188805595,创业板,正常上市
300131,英唐智控,16.47,3.65,1429.666,10.832,18693770918,创业板,正常上市
300132,诺斯贝尔,6.4,3.06,19.084,2.244,3306117670,创业板,正常上市
300133,华策影视,6.84,2.86,71.131,1.754,12823718902,创业板,正常上市
300134,大富科技,8.11,4.11,,1.703,6224408829,创业板,正常上市
300135,宝利国际,3.28,1.86,,3.492,3022848000,创业板,正常上市
300136,信维通信,59.62,-1.18,78.369,7.19,57686442198,创业板,正常上市
300137,先河环保,11.86,1.63,2302.114,3.882,6363865011,创业板,正常上市
300138,晨光生物,11.34,2.44,15.384,1.578,5478355055,创业板,正常上市
300139,晓程科技,49.45,5.93,82.274,11.489,13549300000,创业板,正常上市
300140,节能环境,5.38,1.89,18.249,1.154,16672980546,创业板,正常上市
300141,和顺电气,9.84,1.23,,4.096,2537190864,创业板,正常上市
300142,沃森生物,15.12,20.0,84.62,3.264,24182149940,创业板,正常上市
300143,盈康生命,7.9,3.0,103.714,3.225,7686160793,创业板,正常上市
300144,宋城演艺,6.03,2.38,20.164,2.023,15731515032,创业板,正常上市
300145,南方泵业,4.05,1.0,31.05,2.613,7776980246,创业板,正常上市
300146,汤臣倍健,9.94,2.47,25.919,1.546,16815269688,创业板,正常上市
300147,*ST香雪,7.09,2.31,,,4688468429,创业板,*ST退市风险警示
300148,天舟文化,3.38,2.11,53.246,2.761,2849878579,创业板,正常上市
300149,睿智医药,11.35,10.41,,4.408,5731588909,创业板,正常上市
300150,世纪瑞尔,4.25,1.43,65.327,1.581,2486700725,创业板,正常上市
300151,昌红科技,16.04,3.42,133.868,5.408,8541452364,创业板,正常上市
300152,*ST动力,1.61,1.26,,5.43,1147608000,创业板,*ST退市风险警示
300154,瑞凌股份,11.93,1.19,60.916,2.979,5363193548,创业板,正常上市
300157,新锦动力,3.84,0.52,,,2938925595,创业板,正常上市
300158,振东制药,5.5,1.29,,1.63,5457666808,创业板,正常上市
300159,新研股份,2.87,0.35,66.624,3.38,9443508359,创业板,正常上市
300160,秀强股份,4.34,1.88,22.911,1.253,3354586907,创业板,正常上市
300161,华中数控,27.55,2.19,,3.546,5474099760,创业板,正常上市
300162,雷曼光电,7.49,-0.4,,3.804,3142130125,创业板,正常上市
300163,先锋新材,6.55,-1.06,90.691,5.652,3104700000,创业板,正常上市
300165,天瑞仪器,5.16,5.31,,2.422,2556840501,创业板,正常上市
300166,东方国信,13.02,-1.36,,2.6,14826469639,创业板,正常上市
300168,万达信息,5.04,2.23,,7.061,7260768023,创业板,正常上市
300169,天晟新材,5.61,1.63,58.725,28.858,1904563247,创业板,正常上市
300170,汉得信息,15.6,-0.64,70.455,2.798,16230547492,创业板,正常上市
300171,东富龙,14.9,11.95,54.923,1.434,11410837796,创业板,正常上市
300172,中电环保,4.61,1.77,33.955,1.618,3119633100,创业板,正常上市
300173,ST福能,3.25,2.2,,2.941,2387858519,创业板,ST风险警示
300174,元力股份,19.34,0.62,31.587,2.017,7043828362,创业板,正常上市
300175,朗源股份,5.97,-0.5,,5.641,2810676000,创业板,正常上市
300176,鸿特科技,5.23,0.0,42.092,2.061,2025478584,创业板,正常上市
300177,中海达,6.16,1.32,,3.631,4584081447,创业板,正常上市
300180,华峰超纤,4.23,2.67,2636.676,1.591,7449284456,创业板,正常上市
300181,佐力药业,14.84,2.91,16.004,3.04,10408588051,创业板,正常上市
300182,捷成股份,4.84,1.04,74.914,1.515,12892916059,创业板,正常上市
300183,东软载波,10.35,3.19,,1.548,4788004568,创业板,正常上市
300184,力源信息,11.9,0.34,36.626,2.929,13673802445,创业板,正常上市
300185,通裕重工,2.66,0.38,158.089,1.519,10736296370,创业板,正常上市
300187,永清环保,4.6,2.0,23.221,2.513,2969861959,创业板,正常上市
300188,国投智能,10.23,0.2,,3.522,8792452881,创业板,正常上市
300189,神农种业,6.34,1.6,57.3,9.432,6492160000,创业板,正常上市
300190,维尔利,3.65,1.39,,1.114,3460525033,创业板,正常上市
300191,潜能恒信,33.2,3.49,56.243,8.638,10624000000,创业板,正常上市
300192,科德教育,15.0,6.01,62.719,6.922,6912009900,创业板,正常上市
300193,佳士科技,7.72,1.31,20.814,1.538,3676648495,创业板,正常上市
300194,福安药业,4.09,3.28,77.404,1.1,4865923642,创业板,正常上市
300195,长荣股份,5.48,2.05,,0.869,2321918503,创业板,正常上市
300196,长海股份,17.49,-0.68,21.979,1.486,7150299019,创业板,正常上市
300197,节能铁汉,2.06,3.0,,,6108514045,创业板,正常上市
300198,*ST纳川,2.36,2.61,,5.603,2434454554,创业板,*ST退市风险警示
300199,翰宇药业,24.1,1.26,225.213,28.704,21286116198,创业板,正常上市
300200,高盟新材,8.64,0.35,41.374,2.249,3723608500,创业板,正常上市
300201,海伦哲,14.48,0.91,45.179,7.759,14610951429,创业板,正常上市
300203,聚光科技,13.23,4.17,,2.289,5936798448,创业板,正常上市
300204,舒泰神,24.08,5.11,,6.397,13035571828,创业板,正常上市
300205,*ST天喻,4.81,0.84,,5.352,2068569360,创业板,*ST退市风险警示
300206,理邦仪器,12.21,3.65,20.48,3.082,7077689455,创业板,正常上市
300207,欣旺达,17.87,0.85,42.06,1.34,33014153910,创业板,正常上市
300209,行云科技,32.92,1.26,,32.533,30570701268,创业板,正常上市
300210,森远股份,8.3,0.0,,10.719,4019025610,创业板,正常上市
300211,*ST亿通,7.57,4.56,,5.292,2300748003,创业板,*ST退市风险警示
300212,*ST易录,8.69,0.7,,,6255865147,创业板,*ST退市风险警示
300213,佳讯飞鸿,6.26,3.3,,1.813,3720722772,创业板,正常上市
300215,电科院,6.01,1.01,157.344,2.261,4502056064,创业板,正常上市
300217,东方电热,4.3,0.94,45.55,1.496,6355300842,创业板,正常上市
300218,安利股份,12.56,1.95,30.102,1.735,2725356720,创业板,正常上市
300219,鸿利智汇,6.82,1.79,47.597,1.851,4828174711,创业板,正常上市
300220,金运激光,10.85,2.55,,27.057,1640520000,创业板,正常上市
300221,银禧科技,13.11,2.02,39.731,4.09,6210923920,创业板,正常上市
300222,科大智能,10.1,1.51,80.8,4.332,7900434463,创业板,正常上市
300223,君正股份,138.3,0.77,107.663,5.248,66890781956,创业板,正常上市
300224,正海磁材,11.02,1.19,35.997,1.975,10256318595,创业板,正常上市
300225,金力泰,7.3,0.0,135.2,3.959,3470636007,创业板,正常上市
300226,上海钢联,15.78,1.35,28.216,2.692,6035308841,创业板,正常上市
300227,光韵达,11.67,3.73,,4.757,6952535433,创业板,正常上市
300228,富瑞特装,7.26,1.54,17.5,1.708,4337309486,创业板,正常上市
300229,拓尔思,13.52,1.27,,3.134,11811355001,创业板,正常上市
300230,永利股份,4.28,1.9,19.524,1.062,3480553527,创业板,正常上市
300231,银信科技,8.17,1.74,70.516,2.205,3633579322,创业板,正常上市
300232,洲明科技,5.09,2.62,,1.224,5549652302,创业板,正常上市
300233,金城医药,14.42,4.72,82.71,1.487,5535471545,创业板,正常上市
300234,开尔新材,9.42,5.84,,4.216,4739871668,创业板,正常上市
300235,方直科技,10.78,2.57,192.167,3.825,2713828725,创业板,正常上市
300236,上海新阳,95.77,2.05,84.978,6.237,30012608793,创业板,正常上市
300237,ST美晨,1.95,1.04,,62.903,2811734114,创业板,ST风险警示
300238,冠昊生物,12.43,6.79,167.796,5.682,3295885363,创业板,正常上市
300239,东宝生物,5.22,4.19,56.354,1.804,3098712921,创业板,正常上市
300240,飞力达,6.15,2.84,511.815,1.582,2285112143,创业板,正常上市
300241,瑞丰光电,5.73,1.06,46.259,1.752,4106405915,创业板,正常上市
300242,佳云科技,4.06,0.74,,10.625,2576294209,创业板,正常上市
300244,迪安诊断,20.87,7.47,100.773,1.998,13043320829,创业板,正常上市
300245,ST天玑,5.65,4.63,,1.428,1723532325,创业板,ST风险警示
300247,融捷健康,3.72,2.48,44.276,2.586,2991029964,创业板,正常上市
300248,新开普,8.6,0.12,69.242,1.904,4096596180,创业板,正常上市
300249,依米康,12.67,2.34,176.325,9.317,5808253619,创业板,正常上市
300250,初灵信息,14.89,1.02,82.889,5.761,3182729742,创业板,正常上市
300251,光线传媒,10.94,0.83,,3.199,32093457446,创业板,正常上市
300252,金信诺,11.39,3.36,241.419,3.147,7793196925,创业板,正常上市
300253,卫宁健康,7.37,4.39,,2.964,16223395866,创业板,正常上市
300254,仟源医药,9.06,3.78,130.896,5.27,2330309581,创业板,正常上市
300255,常山药业,25.55,2.12,,19.405,23482005433,创业板,正常上市
300256,星星科技,2.68,3.08,,6.703,6079294274,创业板,正常上市
300257,开山股份,17.44,1.34,48.744,2.61,17328994714,创业板,正常上市
300258,精锻科技,9.9,1.02,63.44,1.231,5791967706,创业板,正常上市
300259,新天科技,4.05,2.27,19.262,1.542,4678175392,创业板,正常上市
300260,新莱应材,58.03,0.12,133.759,11.014,23665025819,创业板,正常上市
300261,雅本化学,5.15,3.21,,2.724,4961043776,创业板,正常上市
300263,隆华科技,9.88,0.2,48.797,2.438,10225862264,创业板,正常上市
300264,佳创视讯,6.41,0.79,,317.327,2761796690,创业板,正常上市
300265,通光线缆,13.48,-0.37,206.01,2.678,6303265996,创业板,正常上市
300266,兴源环境,1.85,2.78,,93.909,2874543531,创业板,正常上市
300267,尔康制药,3.33,5.05,,1.708,6868474217,创业板,正常上市
300268,佳沃食品,11.95,2.22,,,2081690000,创业板,正常上市
300269,联建光电,4.76,1.93,,31.461,2603604946,创业板,正常上市
300270,中威电子,11.86,-1.41,,6.524,3591279492,创业板,正常上市
300271,华宇软件,5.38,1.32,,1.236,4367810421,创业板,正常上市
300272,开能健康,6.02,3.26,90.841,2.912,3681046221,创业板,正常上市
300274,阳光电源,110.89,-0.54,19.276,4.725,229898414807,创业板,正常上市
300275,梅安森,8.85,2.43,69.915,2.853,2725844852,创业板,正常上市
300276,三丰智能,6.28,-2.03,,5.026,8798549977,创业板,正常上市
300277,汽轮科技,11.92,1.88,394.534,1.789,18077802351,创业板,正常上市
300278,华昌达,3.76,1.35,,3.183,5316213270,创业板,正常上市
300279,和晶科技,5.62,3.12,75.036,2.628,2748739134,创业板,正常上市
300281,金明精机,6.28,2.78,,2.109,2630840082,创业板,正常上市
300283,温州宏丰,13.11,-0.46,53.698,5.43,6515384490,创业板,正常上市
300284,苏交科,5.24,0.77,856.189,0.797,6617217536,创业板,正常上市
300285,国瓷材料,62.92,-1.87,97.813,8.559,62734278973,创业板,正常上市
300286,安科瑞,19.89,0.96,24.539,2.165,4988106788,创业板,正常上市
300287,飞利信,3.51,0.57,,5.085,5037811066,创业板,正常上市
300288,朗玛信息,9.99,4.06,,3.126,3376034606,创业板,正常上市
300289,利德曼,6.04,4.68,,2.01,3285829381,创业板,正常上市
300290,ST荣科,6.03,-1.63,,5.176,3857587391,创业板,ST风险警示
300291,百纳千成,5.13,6.21,,2.37,4831893910,创业板,正常上市
300292,吴通控股,4.19,2.95,45.492,3.827,5621995241,创业板,正常上市
300293,蓝英装备,15.59,0.65,,7.094,5276250073,创业板,正常上市
300294,博雅生物,15.8,6.11,2319.337,1.068,7967130060,创业板,正常上市
300295,*ST三六五,11.79,1.99,,2.062,2235545688,创业板,*ST退市风险警示
300296,利亚德,5.07,0.0,67.209,1.761,13749724516,创业板,正常上市
300298,三诺生物,16.4,4.06,68.493,3.088,9132272645,创业板,正常上市
300299,富春股份,5.36,3.47,,9.328,3700008456,创业板,正常上市
300300,海峡创新,7.47,-0.66,35.173,18.731,4981347553,创业板,正常上市
300301,ST长方,3.28,-0.91,,37.486,2721969562,创业板,ST风险警示
300302,同有科技,29.25,0.97,230.019,12.728,14018466092,创业板,正常上市
300303,聚飞光电,6.97,0.43,34.599,2.569,9875134523,创业板,正常上市
300304,云意电气,11.52,-0.17,23.002,2.971,10116215631,创业板,正常上市
300305,裕兴股份,6.05,-0.17,,1.174,2271172251,创业板,正常上市
300306,远方信息,10.11,3.48,38.544,1.815,2719173246,创业板,正常上市
300307,慈星股份,7.23,0.14,51.678,1.754,5788003800,创业板,正常上市
300308,中际旭创,904.2,0.96,70.753,28.231,1057674062392,创业板,正常上市
300310,宜通世纪,4.32,3.6,228.503,2.019,3808764854,创业板,正常上市
300311,任子行,6.11,-2.24,117.578,6.29,4115880217,创业板,正常上市
300313,天山生物,14.14,-2.15,,92.298,3390474975,创业板,正常上市
300314,戴维医疗,13.82,-0.14,53.517,3.203,3980160000,创业板,正常上市
300315,掌趣科技,4.06,2.27,,2.349,10992900672,创业板,正常上市
300318,博晖创新,5.34,7.66,,3.411,4362248643,创业板,正常上市
300319,麦捷科技,18.45,8.53,51.497,3.314,16376004578,创业板,正常上市
300320,海达股份,8.6,1.65,21.348,1.994,5170614043,创业板,正常上市
300321,同大股份,32.61,1.91,329.023,4.564,2895768000,创业板,正常上市
300322,硕贝德,17.39,0.35,132.042,7.858,8000063481,创业板,正常上市
300323,华灿光电,12.1,4.04,,2.961,19638285444,创业板,正常上市
300324,旋极信息,3.6,2.86,,2.513,6219326142,创业板,正常上市
300326,ST凯利,6.03,2.9,24.125,1.483,4323586472,创业板,ST风险警示
300327,中颖电子,22.65,1.57,118.79,4.272,7732034396,创业板,正常上市
300328,宜安科技,15.19,7.65,,10.196,10487534484,创业板,正常上市
300329,海伦钢琴,12.09,2.37,,5.035,3057425350,创业板,正常上市
300331,苏大维格,49.0,6.22,,8.259,12723452014,创业板,正常上市
300332,天壕能源,4.88,2.74,,1.089,4136721544,创业板,正常上市
300334,津膜科技,8.42,1.69,,4.644,2543390298,创业板,正常上市
300335,迪森股份,5.27,2.13,61.48,1.302,2513855285,创业板,正常上市
300337,银邦股份,9.56,-0.93,91.041,4.443,7857829352,创业板,正常上市
300338,*ST开元,2.83,0.35,,,1139427878,创业板,*ST退市风险警示
300339,润和软件,37.52,-0.03,208.918,8.197,29881334754,创业板,正常上市
300340,科恒股份,8.46,1.32,,36.2,2330854489,创业板,正常上市
300341,麦克奥迪,12.73,2.66,36.776,3.333,6586633577,创业板,正常上市
300345,华民股份,8.47,4.96,,12.212,4923886919,创业板,正常上市
300346,南大光电,57.03,-2.11,113.138,10.949,39416678178,创业板,正常上市
300347,泰格医药,55.52,7.22,61.965,2.285,47804166296,创业板,正常上市
300348,长亮科技,9.19,4.08,,3.527,7465719955,创业板,正常上市
300349,金卡智能,10.35,1.67,20.313,0.965,4318157790,创业板,正常上市
300350,华鹏飞,4.37,3.07,,2.8,2455993659,创业板,正常上市
300351,永贵电器,13.6,1.49,302.357,2.173,5289204737,创业板,正常上市
300352,ST信源,2.26,0.89,,3.244,3276602437,创业板,ST风险警示
300353,东土科技,18.18,0.44,120.117,5.068,11178752577,创业板,正常上市
300354,东华测试,29.05,0.59,29.7,4.536,4018201839,创业板,正常上市
300355,蒙草生态,2.93,2.45,189.924,1.114,4700429297,创业板,正常上市
300357,我武生物,25.95,6.97,31.907,4.961,13587004800,创业板,正常上市
300358,楚天科技,9.25,8.19,19.983,1.187,6614606365,创业板,正常上市
300359,全通教育,4.08,2.26,,5.041,2584000362,创业板,正常上市
300360,炬华科技,11.78,0.43,12.432,1.425,6057124344,创业板,正常上市
300363,博腾股份,24.48,20.0,103.538,2.483,13303464468,创业板,正常上市
300364,中文在线,23.1,1.76,,66.667,16828352726,创业板,正常上市
300365,恒华科技,4.58,2.46,,1.755,2747338048,创业板,正常上市
300366,ST创意,5.19,5.49,,2.741,3153320219,创业板,ST风险警示
300368,汇金股份,7.63,2.01,,83.754,4035838714,创业板,正常上市
300369,绿盟科技,6.93,-2.26,,2.193,5617609677,创业板,正常上市
300370,安控科技,2.18,2.35,,7.901,3412520171,创业板,正常上市
300371,汇中股份,10.41,1.76,31.483,1.777,2094672051,创业板,正常上市
300374,中铁装配,10.76,1.8,,3.726,2646016746,创业板,正常上市
300375,鹏翎股份,3.97,2.06,,1.464,3033650957,创业板,正常上市
300376,易事特,4.43,-0.89,,1.59,10314105309,创业板,正常上市
300377,赢时胜,13.68,2.4,,4.253,10273722134,创业板,正常上市
300378,鼎捷数智,32.41,-1.55,53.736,3.791,8801086595,创业板,正常上市
300380,安硕信息,27.83,1.24,103.882,9.341,3852758762,创业板,正常上市
300381,溢多利,6.46,2.7,,1.236,3101923142,创业板,正常上市
300382,斯莱克,15.86,1.86,,4.517,10283623905,创业板,正常上市
300383,光环新网,12.29,0.49,,1.862,22092416090,创业板,正常上市
300384,三联虹普,12.84,3.46,21.697,1.443,4096053283,创业板,正常上市
300385,ST雪浪,12.03,2.3,,,4007745562,创业板,ST风险警示
300386,飞天诚信,11.49,-0.78,,3.335,4803325560,创业板,正常上市
300387,富邦科技,7.37,-1.21,40.068,1.472,2130350223,创业板,正常上市
300388,节能国祯,6.87,2.08,12.37,0.975,4678760127,创业板,正常上市
300389,艾比森,12.15,1.59,17.605,2.669,4484568852,创业板,正常上市
300390,天华新能,60.8,-1.92,18.134,3.681,50509647910,创业板,正常上市
300393,中来股份,6.15,2.84,,3.784,6701208252,创业板,正常上市
300394,天孚通信,276.25,-0.41,129.759,48.225,301340431941,创业板,正常上市
300395,菲利华,89.02,2.05,97.133,9.222,46800224840,创业板,正常上市
300396,ST迪瑞,7.2,3.45,,1.27,1963441159,创业板,ST风险警示
300397,天和防务,11.08,1.19,,4.002,5735415135,创业板,正常上市
300398,飞凯材料,35.37,0.4,50.172,3.976,20162076053,创业板,正常上市
300399,天利科技,16.93,2.3,,6.615,3345368000,创业板,正常上市
300400,劲拓股份,28.56,0.99,81.93,9.806,6949190640,创业板,正常上市
300401,花园生物,15.58,7.67,30.839,2.556,8488242908,创业板,正常上市
300402,宝色股份,14.35,2.21,68.977,2.333,3541443632,创业板,正常上市
300403,汉宇集团,9.22,0.77,26.735,2.479,5559660000,创业板,正常上市
300404,博济医药,15.74,2.54,141.023,5.687,6071688284,创业板,正常上市
300405,科隆股份,5.65,1.99,,4.126,1606705591,创业板,正常上市
300406,九强生物,12.14,4.75,33.529,1.902,7115745257,创业板,正常上市
300407,凯发电气,11.58,1.58,52.409,1.841,4011766075,创业板,正常上市
300408,三环集团,111.51,1.74,77.401,9.542,222654087852,创业板,正常上市
300409,道氏技术,18.27,-0.81,25.225,1.769,14291688371,创业板,正常上市
300410,正业科技,7.8,1.43,71.465,10.383,2863495417,创业板,正常上市
300411,金盾股份,7.6,3.4,969.263,3.203,3089552053,创业板,正常上市
300412,迦南科技,4.58,3.85,89.911,2.187,2279725397,创业板,正常上市
300413,芒果超媒,15.25,2.76,27.23,1.21,28528492429,创业板,正常上市
300414,中光防雷,10.77,0.56,187.231,3.517,3511229649,创业板,正常上市
300415,伊之密,19.58,-1.06,12.897,2.704,9174445605,创业板,正常上市
300416,苏试试验,15.02,2.46,28.332,2.706,7638388046,创业板,正常上市
300417,南华仪器,11.02,2.51,,3.27,1482886464,创业板,正常上市
300418,昆仑万维,45.05,5.95,165.014,3.911,57890813911,创业板,正常上市
300419,ST浩丰,8.71,0.69,,9.615,3203135337,创业板,ST风险警示
300420,五洋自控,7.43,1.36,188.886,3.487,8294729858,创业板,正常上市
300421,力星股份,16.25,0.93,80.788,3.697,4777995365,创业板,正常上市
300422,博世科,4.08,2.0,,3.772,2178231987,创业板,正常上市
300423,昇辉科技,5.79,0.52,,2.503,2880590369,创业板,正常上市
300424,航新科技,14.05,1.3,,4.89,3605578904,创业板,正常上市
300425,中建环能,4.01,2.04,183.417,1.157,2735721661,创业板,正常上市
300426,华智数媒,6.25,1.46,,18.296,2814892563,创业板,正常上市
300427,红相股份,6.44,0.78,,2.725,3274870719,创业板,正常上市
300428,立中集团,18.23,1.22,13.547,1.376,12498151711,创业板,正常上市
300429,强力新材,10.45,0.19,,3.383,5803906268,创业板,正常上市
300430,*ST益通,4.35,0.93,,0.926,1187753563,创业板,*ST退市风险警示
300432,富临精工,15.79,-1.37,53.291,5.508,26997114221,创业板,正常上市
300433,蓝思科技,37.98,5.06,58.292,3.671,200486578243,创业板,正常上市
300434,金石亚药,12.42,1.8,27.002,1.87,4989658890,创业板,正常上市
300436,广生堂,96.51,3.36,,61.094,15370858170,创业板,正常上市
300437,清水源,10.98,0.09,,1.947,2692330005,创业板,正常上市
300439,美康生物,9.59,4.35,55.296,1.234,3681062186,创业板,正常上市
300440,运达科技,18.21,1.62,96.678,4.786,8047303107,创业板,正常上市
300441,鲍斯股份,6.85,1.93,26.408,1.751,4414248696,创业板,正常上市
300442,润泽科技,64.58,-1.22,20.373,7.388,105978490616,创业板,正常上市
300443,金雷股份,19.76,0.51,19.36,0.995,6325859656,创业板,正常上市
300444,双杰电气,9.85,-1.7,17.008,3.739,7925507887,创业板,正常上市
300445,康斯特,18.11,0.95,33.161,2.929,3847107535,创业板,正常上市
300446,航天智造,12.93,-0.61,13.13,1.807,10931152735,创业板,正常上市
300447,全信股份,13.4,1.52,153.413,2.083,4184959025,创业板,正常上市
300448,浩云科技,5.7,1.79,,3.167,3856147350,创业板,正常上市
300449,汉邦高科,7.01,2.49,,9.727,2706112283,创业板,正常上市
300450,先导智能,33.33,-0.57,34.791,3.123,55801800395,创业板,正常上市
300451,创业慧康,3.53,4.44,,1.39,5468410163,创业板,正常上市
300452,山河药辅,13.96,2.05,18.551,3.194,3273009739,创业板,正常上市
300453,三鑫医疗,10.22,3.44,19.085,3.491,5335701291,创业板,正常上市
300454,深信服,118.58,3.51,88.55,4.708,51174272742,创业板,正常上市
300455,航天智装,17.68,-0.73,,7.602,12690137108,创业板,正常上市
300456,赛微电子,31.55,1.71,16.249,3.488,23101324378,创业板,正常上市
300457,赢合科技,19.92,1.07,21.973,1.867,12851974206,创业板,正常上市
300458,全志科技,31.36,-0.51,83.403,9.356,31160467265,创业板,正常上市
300459,汤姆猫,3.5,2.34,,16.714,12305338287,创业板,正常上市
300460,ST惠伦,8.31,0.85,,5.078,2333483326,创业板,ST风险警示
300461,田中精机,30.84,3.77,1071.323,8.929,4858493261,创业板,正常上市
300462,ST华铭,11.15,1.36,,1.458,2020624609,创业板,ST风险警示
300463,迈克生物,9.64,5.24,,0.924,5828986255,创业板,正常上市
300464,星徽股份,6.67,1.06,285.294,21.454,3116888752,创业板,正常上市
300466,赛摩智能,7.23,1.69,,5.586,3871881235,创业板,正常上市
300467,迅游科技,33.17,0.21,267.889,10.375,6740306433,创业板,正常上市
300468,四方精创,21.1,6.08,155.487,6.776,11196699703,创业板,正常上市
300469,信息发展,57.1,-0.35,,60.558,14174436850,创业板,正常上市
300470,中密控股,28.17,1.19,16.381,1.971,5857521541,创业板,正常上市
300471,厚普股份,9.71,0.83,41.225,2.765,4565241278,创业板,正常上市
300472,*ST新元,6.62,2.8,,79.281,1822212071,创业板,*ST退市风险警示
300473,德尔股份,21.75,1.07,21.452,1.96,3755406830,创业板,正常上市
300474,景嘉微,50.34,0.48,,3.856,26308651686,创业板,正常上市
300475,香农芯创,157.15,1.78,39.772,15.034,73788488684,创业板,正常上市
300476,胜宏科技,253.45,3.29,53.226,12.707,249086810855,创业板,正常上市
300477,ST合纵,2.52,0.8,,32.558,2701487091,创业板,ST风险警示
300478,杭州高新,29.7,1.71,,119.903,3762188100,创业板,正常上市
300479,神思电子,14.84,0.41,65.722,5.495,2924086437,创业板,正常上市
300480,光力科技,33.09,-1.49,137.23,6.831,12250665834,创业板,正常上市
300481,濮阳惠成,14.19,-0.28,33.694,1.706,4141428665,创业板,正常上市
300482,万孚生物,17.77,4.71,,1.538,8317938669,创业板,正常上市
300483,首华燃气,22.63,-0.35,43.186,2.356,8714988156,创业板,正常上市
300484,蓝海华腾,12.94,1.01,75.809,3.87,2680700866,创业板,正常上市
300485,赛升药业,10.3,7.07,,1.47,4961163920,创业板,正常上市
300486,东杰智能,21.83,10.25,433.614,6.129,10416161273,创业板,正常上市
300487,蓝晓科技,69.96,8.16,40.797,7.783,35619492187,创业板,正常上市
300488,恒锋工具,31.12,3.22,32.58,2.72,5950791203,创业板,正常上市
300489,光智科技,228.63,2.74,,43.615,31815655816,创业板,正常上市
300490,华自科技,11.29,-0.18,,2.022,4500991909,创业板,正常上市
300491,通合科技,29.85,4.55,114.382,4.343,5303352458,创业板,正常上市
300492,华图山鼎,23.81,0.29,27.257,25.655,6555034931,创业板,正常上市
300493,润欣科技,11.98,0.42,103.404,5.299,6140002143,创业板,正常上市
300494,盛天网络,8.28,0.73,2625.833,2.804,4061423429,创业板,正常上市
300496,中科创达,57.46,1.36,57.681,2.544,26530261923,创业板,正常上市
300497,富祥股份,17.36,-1.2,72.584,3.956,9350945494,创业板,正常上市
300498,温氏股份,13.79,1.47,42.031,2.319,91757685116,创业板,正常上市
300499,高澜股份,27.23,0.18,272.228,5.97,8311918398,创业板,正常上市
300500,启迪设计,9.53,2.36,,1.664,1657980502,创业板,正常上市
300501,海顺新材,10.1,2.85,,2.019,2809645230,创业板,正常上市
300502,新易盛,414.02,0.61,53.75,28.326,577250152310,创业板,正常上市
300503,昊志机电,70.19,0.92,75.064,13.638,21634438039,创业板,正常上市
300504,天邑股份,14.91,4.19,,1.928,4040976488,创业板,正常上市
300506,名家汇,5.23,-2.24,,5.456,7455870056,创业板,正常上市
300507,苏奥传感,6.37,2.41,53.883,2.371,5121494696,创业板,正常上市
300508,维宏股份,43.7,0.81,73.646,5.496,4756584621,创业板,正常上市
300509,新美星,8.58,2.14,19.929,3.711,2543112000,创业板,正常上市
300510,金冠股份,3.41,3.33,,1.467,2812195287,创业板,正常上市
300511,雪榕生物,5.92,1.2,19.384,2.127,3793814335,创业板,正常上市
300512,中亚股份,7.21,2.85,94.427,1.804,2950601474,创业板,正常上市
300513,恒实科技,7.28,2.25,,4.233,2283671608,创业板,正常上市
300514,友讯达,9.83,1.97,67.978,1.93,1966000000,创业板,正常上市
300515,三德科技,15.66,0.38,17.076,3.341,3222115470,创业板,正常上市
300516,久之洋,31.6,2.43,532.839,6.186,7963200000,创业板,正常上市
300517,海波重科,10.09,2.13,436.795,1.934,2022212071,创业板,正常上市
300518,新迅达,22.98,3.51,,6.932,4582478016,创业板,正常上市
300519,新光药业,14.91,2.54,42.571,2.76,2385600000,创业板,正常上市
300520,科大国创,23.92,0.42,,4.082,6985381951,创业板,正常上市
300521,爱司凯,23.36,4.52,,6.561,3497692800,创业板,正常上市
300522,世名科技,13.76,-1.22,259.395,5.605,4436932736,创业板,正常上市
300523,辰安科技,19.95,3.31,,4.795,4641120878,创业板,正常上市
300525,博思软件,8.2,1.11,35.257,2.487,6163411740,创业板,正常上市
300527,ST应急,7.83,1.16,564.607,2.752,7961312013,创业板,ST风险警示
300528,幸福蓝海,12.94,1.41,,12.563,4821548219,创业板,正常上市
300529,健帆生物,16.28,3.69,24.761,3.893,13001293877,创业板,正常上市
300530,领湃科技,18.13,-0.33,,42.881,3117478048,创业板,正常上市
300531,优博讯,15.95,0.69,48.579,3.56,5121209492,创业板,正常上市
300532,今天国际,6.91,1.77,20.242,2.382,4392274473,创业板,正常上市
300533,冰川网络,14.43,1.26,16.625,3.113,4736600718,创业板,正常上市
300534,陇神戎发,18.57,0.98,114.095,7.684,5633116650,创业板,正常上市
300535,达威股份,16.45,3.72,79.462,1.84,1760476746,创业板,正常上市
300536,农尚环境,8.8,-0.68,,9.163,2580935570,创业板,正常上市
300537,广信材料,19.58,-0.05,355.426,4.487,4057159151,创业板,正常上市
300538,同益股份,15.11,0.2,,3.023,2748789638,创业板,正常上市
300539,横河精密,17.73,1.26,92.169,3.983,4753424737,创业板,正常上市
300541,先进数通,9.58,1.38,98.234,2.442,4119826233,创业板,正常上市
300542,新晨科技,11.85,2.33,,6.634,3537934803,创业板,正常上市
300543,朗科智能,7.72,0.92,,1.672,2365186698,创业板,正常上市
300545,联得装备,32.21,12.31,62.533,2.742,5973710921,创业板,正常上市
300546,雄帝科技,16.69,5.23,121.144,2.776,3131873343,创业板,正常上市
300547,川环科技,24.46,1.24,26.919,3.832,5305525016,创业板,正常上市
300548,长芯博创,204.0,7.13,160.281,28.449,60140179812,创业板,正常上市
300549,优德精密,14.29,2.73,355.355,3.455,1905428600,创业板,正常上市
300550,和仁科技,11.88,4.39,159.274,2.804,3119214475,创业板,正常上市
300551,古鳌科技,9.96,3.97,,11.053,3387025876,创业板,正常上市
300552,万集科技,20.15,-0.84,,2.474,4294632207,创业板,正常上市
300553,集智股份,40.71,-0.85,263.957,5.322,4519829663,创业板,正常上市
300554,三超新材,20.41,0.2,,4.708,2331058287,创业板,正常上市
300555,ST路通,12.6,0.64,,6.117,2520000000,创业板,ST风险警示
300556,丝路视觉,16.2,2.53,,4.897,1969358670,创业板,正常上市
300557,理工光科,25.82,1.69,86.042,4.002,4057051183,创业板,正常上市
300558,贝达药业,55.7,8.85,53.449,3.449,23579574855,创业板,正常上市
300559,佳发教育,10.34,1.37,114.291,3.523,4130980623,创业板,正常上市
300560,中富通,17.92,7.18,,4.633,4117005706,创业板,正常上市
300561,汇金科技,15.0,-1.32,,8.482,4921619625,创业板,正常上市
300562,乐心医疗,15.18,1.2,36.409,3.124,3317948584,创业板,正常上市
300563,神宇股份,23.09,2.76,55.801,3.649,4205569052,创业板,正常上市
300564,筑博设计,12.43,2.05,43.138,1.615,2005147936,创业板,正常上市
300565,科信技术,9.57,2.68,,4.583,2389673137,创业板,正常上市
300566,激智科技,28.1,0.39,36.498,3.307,7365139906,创业板,正常上市
300567,精测电子,217.9,1.73,699.559,14.595,60956834475,创业板,正常上市
300568,星源材质,14.57,1.11,1150.654,2.01,21785561405,创业板,正常上市
300569,天能重工,4.69,0.86,49.159,0.916,4796585728,创业板,正常上市
300570,太辰光,213.4,18.38,160.535,29.055,48468873418,创业板,正常上市
300571,平治信息,30.88,-0.06,,3.491,4308633719,创业板,正常上市
300572,安车检测,18.95,2.32,,2.697,4339337987,创业板,正常上市
300573,兴齐眼药,40.88,1.95,19.182,6.685,14509038601,创业板,正常上市
300575,中旗股份,6.03,1.86,,1.438,2885870264,创业板,正常上市
300576,容大感光,30.82,-1.47,112.73,7.135,12441675656,创业板,正常上市
300577,开润股份,17.92,0.9,12.476,1.963,4297865546,创业板,正常上市
300578,会畅科技,15.53,1.77,,2.671,3079129062,创业板,正常上市
300579,数字认证,21.16,2.67,,7.219,5713200000,创业板,正常上市
300580,贝斯特,19.85,0.2,36.161,2.979,9971106826,创业板,正常上市
300581,晨曦航空,9.78,1.56,,5.876,5380071360,创业板,正常上市
300582,英飞特,11.21,1.72,,3.806,3346594030,创业板,正常上市
300583,赛托生物,13.14,4.53,,1.412,2492685936,创业板,正常上市
300584,海辰药业,34.5,4.01,93.276,3.867,4140000000,创业板,正常上市
300585,奥联电子,15.48,1.44,,4.18,2648799998,创业板,正常上市
300586,美联新材,8.91,0.11,,3.435,6336940307,创业板,正常上市
300587,天铁科技,5.1,0.99,,2.955,6621170865,创业板,正常上市
300588,熙菱信息,20.14,0.15,,15.052,3856226544,创业板,正常上市
300589,江龙船艇,12.92,0.47,,7.023,4879470508,创业板,正常上市
300590,移为通信,10.95,1.67,43.371,2.667,5061490091,创业板,正常上市
300593,新雷能,29.3,2.99,,6.929,15895205142,创业板,正常上市
300594,ST朗进,14.39,1.62,,1.731,1322058946,创业板,ST风险警示
300595,欧普康视,11.37,3.84,21.848,2.012,10168834633,创业板,正常上市
300596,利安隆,45.0,5.88,18.698,2.072,10332885015,创业板,正常上市
300597,吉大通信,7.76,2.65,,2.258,2115143433,创业板,正常上市
300598,诚迈科技,36.5,2.67,,5.607,7919833547,创业板,正常上市
300599,雄塑科技,11.95,1.96,,2.189,4279672226,创业板,正常上市
300600,国瑞科技,9.92,0.71,,2.433,2918806042,创业板,正常上市
300601,康泰生物,14.47,19.98,198.952,1.766,16161980963,创业板,正常上市
300602,飞荣达,40.52,1.22,61.857,5.681,23762695928,创业板,正常上市
300603,立昂技术,7.72,-0.64,,2.845,3588242343,创业板,正常上市
300604,长川科技,275.74,1.0,113.173,21.748,178012834174,创业板,正常上市
300605,恒锋信息,10.11,0.9,,3.824,1669607104,创业板,正常上市
300606,金太阳,35.41,0.48,244.589,7.138,4898896519,创业板,正常上市
300607,拓斯达,32.69,-0.24,132.025,5.343,15592228148,创业板,正常上市
300608,思特奇,10.02,0.8,,2.627,3487251702,创业板,正常上市
300609,汇纳科技,24.91,0.0,,3.261,2992049380,创业板,正常上市
300610,晨化股份,10.41,1.07,31.821,1.866,2207828585,创业板,正常上市
300611,美力科技,22.66,-0.26,37.01,3.715,4782952249,创业板,正常上市
300612,宣亚国际,11.8,1.55,,4.971,2159234753,创业板,正常上市
300613,富瀚微,70.85,-0.41,76.609,5.656,16500619960,创业板,正常上市
300614,百川畅银,10.71,2.49,,2.378,1718320197,创业板,正常上市
300615,欣天科技,16.53,6.03,,6.778,3190111476,创业板,正常上市
300616,尚品宅配,10.6,1.63,,0.826,2379869388,创业板,正常上市
300617,安靠智电,40.5,0.6,85.169,2.218,6711160392,创业板,正常上市
300618,寒锐钴业,34.34,0.56,47.08,1.911,10634998105,创业板,正常上市
300619,金银河,25.65,-0.12,81.908,3.673,5802018586,创业板,正常上市
300620,光库科技,310.96,7.49,283.622,34.325,77485182273,创业板,正常上市
300621,维业股份,7.24,3.87,,2.805,1506330508,创业板,正常上市
300622,博士眼镜,14.73,3.81,29.677,4.962,4698808488,创业板,正常上市
300623,捷捷微电,29.43,5.48,46.417,3.944,24488112016,创业板,正常上市
300624,万兴科技,52.04,0.76,,10.303,10061222301,创业板,正常上市
300625,三雄极光,9.7,2.54,,1.405,2709510700,创业板,正常上市
300626,华瑞股份,30.68,1.86,373.509,10.377,5522400000,创业板,正常上市
300627,华测导航,27.25,-1.3,31.26,4.946,21635700540,创业板,正常上市
300628,亿联网络,42.4,6.48,18.621,5.833,53717339185,创业板,正常上市
300629,新劲刚,16.66,1.03,37.793,2.361,4188714244,创业板,正常上市
300631,久吾高科,21.48,1.46,37.385,1.98,2685674988,创业板,正常上市
300632,光莆股份,18.49,2.44,,3.258,5642808154,创业板,正常上市
300633,开立医疗,20.7,3.66,49.518,2.745,8794136354,创业板,正常上市
300634,彩讯股份,19.65,-0.56,36.566,2.909,8866294185,创业板,正常上市
300635,中达安,12.28,5.05,,5.591,1719371920,创业板,正常上市
300636,同和药业,7.16,1.42,42.297,1.261,3006852704,创业板,正常上市
300637,扬帆新材,9.01,1.46,1070.575,3.018,2115098671,创业板,正常上市
300638,广和通,18.83,0.97,70.875,2.711,16933175843,创业板,正常上市
300639,凯普生物,6.29,4.83,,1.068,4066489239,创业板,正常上市
300640,德艺文创,6.71,4.35,202.902,2.568,2086765895,创业板,正常上市
300641,正丹股份,14.15,-0.63,23.168,2.335,7436459062,创业板,正常上市
300642,透景生命,13.94,5.13,,1.595,2262075040,创业板,正常上市
300643,万通智控,17.98,0.5,25.94,3.165,4163841735,创业板,正常上市
300644,南京聚隆,21.03,1.55,18.22,2.151,2327590011,创业板,正常上市
300645,正元智慧,12.94,2.54,139.355,1.747,1838858304,创业板,正常上市
300647,超频三,5.65,1.25,,5.881,2583863786,创业板,正常上市
300648,星云股份,38.35,1.11,,5.76,6683691690,创业板,正常上市
300649,杭州园林,25.87,7.12,,7.755,3425617675,创业板,正常上市
300650,太龙股份,11.61,0.96,68.068,1.953,2802685022,创业板,正常上市
300651,金陵体育,17.09,1.0,38.25,2.206,2413273568,创业板,正常上市
300652,雷迪克,28.56,2.04,28.63,2.463,3809634736,创业板,正常上市
300653,正海生物,15.77,2.67,40.245,3.139,2838600000,创业板,正常上市
300654,世纪天鸿,10.0,0.0,145.321,4.265,3661248520,创业板,正常上市
300655,晶瑞电材,12.7,-1.93,127.135,5.559,14308156182,创业板,正常上市
300656,民德电子,27.13,0.97,,5.938,4642623203,创业板,正常上市
300657,弘信电子,35.37,2.28,95.616,12.003,17052784099,创业板,正常上市
300658,延江股份,10.59,1.44,57.931,2.609,3523971872,创业板,正常上市
300659,中孚信息,10.24,3.02,,2.282,2666417951,创业板,正常上市
300660,江苏雷利,24.37,-2.17,52.26,3.956,14165732967,创业板,正常上市
300661,圣邦股份,116.58,9.48,130.81,13.228,79923209086,创业板,正常上市
300662,科锐国际,20.15,0.9,11.408,1.688,3965648134,创业板,正常上市
300663,科蓝软件,8.0,-1.6,,11.944,3827618448,创业板,正常上市
300664,鹏鹞环保,4.63,2.66,32.012,0.802,3485743337,创业板,正常上市
300665,飞鹿股份,9.49,1.17,,5.267,2178341528,创业板,正常上市
300666,江丰电子,249.05,-1.39,124.504,9.696,68730598221,创业板,正常上市
300667,必创科技,14.93,5.89,,2.935,3055216062,创业板,正常上市
300668,杰恩股份,34.39,1.27,414.775,5.309,4139911978,创业板,正常上市
300669,沪宁股份,23.49,4.26,256.301,5.141,4526652806,创业板,正常上市
300670,大烨智能,6.35,2.25,,4.755,2012445042,创业板,正常上市
300671,富满微,60.08,3.84,,7.939,13300898517,创业板,正常上市
300672,国科微,163.55,0.68,,9.207,35507106025,创业板,正常上市
300673,佩蒂股份,13.02,1.24,31.721,1.832,3219922232,创业板,正常上市
300674,宇信科技,15.24,1.94,25.59,2.319,10729829594,创业板,正常上市
300675,建科院,12.82,2.15,,3.822,1880267094,创业板,正常上市
300676,华大基因,43.78,16.44,,2.173,18313921544,创业板,正常上市
300677,英科医疗,48.98,0.08,48.008,1.757,32069814822,创业板,正常上市
300678,中科信息,21.81,1.02,410.069,7.511,6464185050,创业板,正常上市
300679,电连技术,50.45,3.0,91.798,4.283,21432169000,创业板,正常上市
300680,隆盛科技,20.07,-1.81,24.618,2.844,5902865732,创业板,正常上市
300681,英搏尔,21.18,0.62,27.963,2.097,6482252101,创业板,正常上市
300682,朗新科技,9.47,1.07,,1.603,10210893225,创业板,正常上市
300683,海特生物,30.38,5.3,,1.86,3976571599,创业板,正常上市
300684,中石科技,90.67,4.71,79.493,12.173,27156501249,创业板,正常上市
300685,艾德生物,19.71,7.41,21.602,3.751,7688972881,创业板,正常上市
300686,智动力,14.02,0.79,,4.834,3653951564,创业板,正常上市
300687,赛意信息,27.98,-0.46,,4.269,11427356848,创业板,正常上市
300688,创业黑马,30.28,-0.56,,13.825,5068250170,创业板,正常上市
300689,澄天伟业,53.35,-0.54,853.475,8.837,6167260000,创业板,正常上市
300690,双一科技,20.58,1.28,22.584,2.1,3402880753,创业板,正常上市
300691,联合光电,14.1,3.3,129.098,2.306,3793587601,创业板,正常上市
300692,中赋科技,9.56,4.25,82.001,1.695,5375359669,创业板,正常上市
300693,盛弘股份,41.3,-0.84,23.667,5.752,12918467490,创业板,正常上市
300694,蠡湖股份,10.64,0.66,17.683,1.525,2309628801,创业板,正常上市
300695,兆丰股份,49.18,0.99,16.627,1.746,5028995522,创业板,正常上市
300696,爱乐达,20.04,-0.3,109.881,3.076,5896749619,创业板,正常上市
300697,电工合金,15.16,8.13,35.403,5.001,6558822400,创业板,正常上市
300698,万马科技,25.0,2.04,69.654,6.259,3350000000,创业板,正常上市
300699,光威复材,24.38,-0.77,35.559,3.492,20268361760,创业板,正常上市
300700,岱勒新材,19.28,3.38,,9.922,7654715707,创业板,正常上市
300701,森霸传感,9.77,2.95,36.411,2.785,2731626805,创业板,正常上市
300702,天宇股份,22.41,0.13,81.468,2.118,7798168133,创业板,正常上市
300703,创源股份,13.31,2.15,113.928,3.107,2401015390,创业板,正常上市
300705,九典制药,12.43,0.08,15.401,2.343,6218619541,创业板,正常上市
300706,阿石创,52.28,-0.82,,11.619,8026877712,创业板,正常上市
300707,威唐工业,11.98,2.22,77.585,1.889,2083322132,创业板,正常上市
300708,聚灿光电,7.81,2.23,44.626,2.503,7367385463,创业板,正常上市
300709,精研科技,40.21,4.58,393.056,3.471,7504946434,创业板,正常上市
300710,万隆光电,32.27,20.01,,7.408,3210551981,创业板,正常上市
300711,广哈通信,16.99,1.86,60.695,3.1,4764567408,创业板,正常上市
300712,永福股份,20.47,1.99,551.477,2.998,3839067336,创业板,正常上市
300713,英可瑞,13.08,2.11,,4.682,2077637795,创业板,正常上市
300715,凯伦股份,14.06,1.52,188.023,3.028,5315459346,创业板,正常上市
300716,*ST泉为,16.18,-0.8,,,2589123600,创业板,*ST退市风险警示
300717,华信新材,18.22,2.36,36.322,2.527,1872560500,创业板,正常上市
300719,安达维尔,11.43,1.69,,2.878,2905816325,创业板,正常上市
300720,海川智能,78.61,-1.12,668.885,26.023,15319301094,创业板,正常上市
300721,怡达股份,22.56,-2.13,,3.334,3718942432,创业板,正常上市
300722,新余国科,20.68,0.34,69.848,8.478,5723324006,创业板,正常上市
300723,一品红,38.34,3.54,86.593,8.947,17317900648,创业板,正常上市
300724,捷佳伟创,58.31,-1.85,9.319,1.493,20308906870,创业板,正常上市
300725,药石科技,54.38,9.84,60.349,2.785,12714443204,创业板,正常上市
300726,宏达电子,51.9,-0.04,48.567,4.107,21374487956,创业板,正常上市
300727,润禾材料,26.74,0.49,39.097,3.489,4816846052,创业板,正常上市
300729,乐歌股份,10.21,1.79,16.728,0.951,3487872865,创业板,正常上市
300730,科创信息,11.27,0.81,,17.091,2717635933,创业板,正常上市
300731,科创新源,36.56,-0.63,287.625,10.482,6481522234,创业板,正常上市
300732,设研院,6.02,-1.47,,0.808,2230771633,创业板,正常上市
300733,西菱动力,14.11,0.79,69.916,3.22,5596058989,创业板,正常上市
300735,光弘科技,19.7,1.55,58.954,2.788,15939574976,创业板,正常上市
300736,百邦科技,28.96,6.2,,56.299,3704978023,创业板,正常上市
300737,科顺股份,4.87,1.46,,1.35,5406948264,创业板,正常上市
300738,奥飞数据,20.96,-1.73,85.679,5.63,20649877496,创业板,正常上市
300739,明阳电路,22.56,2.17,98.481,3.039,8425148342,创业板,正常上市
300740,水羊股份,20.81,4.94,64.843,3.681,9154368507,创业板,正常上市
300741,华宝股份,13.64,3.41,105.483,1.229,8400603200,创业板,正常上市
300743,天地数码,14.87,1.99,19.446,3.319,2248408283,创业板,正常上市
300745,欣锐科技,28.54,0.53,,2.172,4810888481,创业板,正常上市
300746,汉嘉数智,13.51,-1.24,43.83,3.702,3049724811,创业板,正常上市
300747,锐科激光,35.38,1.9,106.406,5.773,19869408000,创业板,正常上市
300748,金力永磁,27.24,2.71,51.019,4.917,37644865442,创业板,正常上市
300749,顶固集创,23.38,0.78,,8.711,4796860572,创业板,正常上市
300750,宁德时代,385.0,-1.03,20.956,4.696,1781262143815,创业板,正常上市
300751,迈为股份,196.04,3.45,80.696,6.806,54675899462,创业板,正常上市
300752,隆利科技,10.96,1.95,77.168,2.815,3538649479,创业板,正常上市
300753,爱朋医疗,23.18,4.13,,4.407,2921792640,创业板,正常上市
300755,华致酒行,11.27,3.02,,1.674,4697317968,创业板,正常上市
300756,金马游乐,28.91,-1.43,58.798,4.302,6378628564,创业板,正常上市
300757,罗博特科,503.11,4.16,,51.872,84325316725,创业板,正常上市
300758,七彩化学,10.68,1.33,92.299,2.385,4262554950,创业板,正常上市
300759,康龙化成,50.9,5.06,55.216,5.682,93517736665,创业板,正常上市
300760,迈瑞医疗,158.07,4.94,24.442,4.778,191549136058,创业板,正常上市
300761,立华股份,18.71,1.57,30.071,1.65,15834971276,创业板,正常上市
300763,锦浪科技,60.9,-1.33,39.625,2.681,24158529037,创业板,正常上市
300765,石药创新,51.78,20.0,71.108,18.476,72729822640,创业板,正常上市
300766,每日互动,21.6,0.42,,5.445,8526594751,创业板,正常上市
300767,震安科技,18.84,-2.03,,3.426,5205322968,创业板,正常上市
300768,迪普科技,14.74,1.38,47.097,2.686,9490040035,创业板,正常上市
300769,德方纳米,45.35,-1.63,,2.436,12706527161,创业板,正常上市
300770,新媒股份,34.38,1.87,12.186,2.11,7833090759,创业板,正常上市
300771,智莱科技,11.38,1.16,29.78,1.37,2731200000,创业板,正常上市
300772,运达股份,11.34,-1.13,27.126,1.325,8922852975,创业板,正常上市
300773,拉卡拉,14.79,3.43,9.987,3.47,16081624277,创业板,正常上市
300774,倍杰特,11.0,2.9,118.643,3.089,4496400260,创业板,正常上市
300775,三角防务,20.89,1.31,42.249,1.942,11438389795,创业板,正常上市
300776,帝尔激光,114.85,-0.7,65.73,6.639,32759177272,创业板,正常上市
300777,中简科技,23.15,-1.03,46.186,2.219,10179229482,创业板,正常上市
300778,新城市,10.35,3.09,,1.754,2107877295,创业板,正常上市
300780,德恩精工,19.72,0.66,,2.888,2892332400,创业板,正常上市
300781,因赛集团,27.16,0.97,,8.1,4459002234,创业板,正常上市
300782,卓胜微,76.7,0.74,,3.346,44101501826,创业板,正常上市
300783,三只松鼠,17.13,1.48,36.28,2.14,6880888032,创业板,正常上市
300784,利安科技,41.17,-2.16,49.428,2.84,2315301992,创业板,正常上市
300785,值得买,36.41,0.86,73.366,3.685,7240319398,创业板,正常上市
300786,国林科技,15.56,0.65,,2.56,2863287077,创业板,正常上市
300787,海能实业,10.14,1.1,48.606,2.063,3178210823,创业板,正常上市
300789,唐源电气,17.7,4.67,76.799,2.401,2546128309,创业板,正常上市
300790,宇瞳光学,19.71,4.23,40.375,3.795,10256413328,创业板,正常上市
300791,仙乐健康,17.18,2.81,44.953,1.896,5295317045,创业板,正常上市
300792,壹网壹创,23.45,2.09,49.34,1.871,5573179950,创业板,正常上市
300793,佳禾智能,10.88,2.35,,1.482,4140349467,创业板,正常上市
300796,贝斯美,6.73,1.97,2311.811,1.416,2430491529,创业板,正常上市
300797,钢研纳克,14.63,-0.95,32.111,4.137,5599313712,创业板,正常上市
300798,锦鸡股份,7.16,1.56,,2.041,3530969673,创业板,正常上市
300800,力合科技,10.08,1.92,52.053,1.159,2386530720,创业板,正常上市
300801,泰和科技,22.82,0.13,37.634,1.927,4984572600,创业板,正常上市
300802,矩子科技,22.35,1.82,70.344,4.18,6349148999,创业板,正常上市
300803,指南针,79.32,0.06,241.281,16.879,48368694698,创业板,正常上市
300804,广康生化,43.16,2.76,138.692,2.337,3193840000,创业板,正常上市
300805,电声股份,7.95,1.53,102.398,2.161,3374315108,创业板,正常上市
300806,斯迪克,46.9,0.26,450.757,12.731,29722026814,创业板,正常上市
300807,天迈科技,35.57,1.74,,5.496,2420168110,创业板,正常上市
300808,久量股份,19.02,-0.89,,3.276,3043200000,创业板,正常上市
300809,华辰装备,23.67,1.11,31.362,3.28,6001272864,创业板,正常上市
300810,中科海讯,23.66,1.89,,3.625,2793063000,创业板,正常上市
300811,铂科新材,76.93,3.9,72.476,9.98,31374348437,创业板,正常上市
300812,易天股份,19.4,5.09,,4.899,3804492096,创业板,正常上市
300813,泰林生物,21.71,10.65,147.842,3.263,2631235044,创业板,正常上市
300814,中富电路,137.2,1.4,515.205,16.07,26264214110,创业板,正常上市
300815,玉禾田,16.06,2.29,11.411,1.361,6401387520,创业板,正常上市
300816,艾可蓝,50.78,2.05,42.158,4.249,4062400000,创业板,正常上市
300817,双飞集团,15.3,1.53,48.602,3.168,3339963072,创业板,正常上市
300818,耐普矿机,18.96,1.23,84.847,2.33,4159907140,创业板,正常上市
300819,聚杰微纤,46.02,3.88,132.376,7.791,6866414100,创业板,正常上市
300820,英杰电气,52.26,-0.74,55.635,4.5,11612388252,创业板,正常上市
300822,贝仕达克,11.58,3.02,152.506,2.875,3607589196,创业板,正常上市
300823,建科智能,15.07,2.52,38.329,2.033,1973909696,创业板,正常上市
300824,北鼎股份,7.75,2.51,24.009,3.32,2529148036,创业板,正常上市
300825,阿尔特,10.58,1.73,,2.593,5235835489,创业板,正常上市
300826,测绘股份,15.02,4.38,239.363,2.283,3427864836,创业板,正常上市
300827,上能电气,25.41,-0.94,29.919,3.289,14145533022,创业板,正常上市
300828,锐新科技,16.92,2.67,102.631,3.566,2815860240,创业板,正常上市
300829,金丹科技,15.08,-0.07,32.394,1.405,3427308614,创业板,正常上市
300830,金现代,8.05,1.51,,2.765,3635708013,创业板,正常上市
300831,ST派瑞,14.32,1.56,77.479,4.707,4582400000,创业板,ST风险警示
300832,新产业,54.57,1.7,24.973,4.781,42876674097,创业板,正常上市
300833,浩洋股份,35.8,0.08,28.236,1.821,4528359900,创业板,正常上市
300834,星辉环材,38.6,0.68,141.634,2.597,7477296826,创业板,正常上市
300835,龙磁科技,157.26,3.82,111.889,14.741,18752868140,创业板,正常上市
300836,佰奥智能,49.3,7.69,46.863,7.132,4569400573,创业板,正常上市
300837,浙矿股份,23.25,3.24,32.277,1.647,2325157217,创业板,正常上市
300838,浙江力诺,13.75,1.63,,1.995,1897197500,创业板,正常上市
300839,博汇股份,10.39,-0.57,83.789,3.803,2993711647,创业板,正常上市
300840,酷特智能,19.02,0.58,133.508,3.554,4564800000,创业板,正常上市
300841,康华生物,60.31,20.0,31.79,2.169,7837097479,创业板,正常上市
300842,帝科股份,61.47,0.03,,5.566,8930345802,创业板,正常上市
300843,胜蓝股份,145.38,10.08,202.017,14.609,23799849704,创业板,正常上市
300844,山水比德,23.47,3.03,,2.859,2187659354,创业板,正常上市
300845,捷安高科,12.27,2.16,76.159,3.069,2523216297,创业板,正常上市
300846,首都在线,18.85,-0.89,,12.392,9505605729,创业板,正常上市
300847,中船汉光,13.82,0.88,35.866,2.693,4090858200,创业板,正常上市
300848,美瑞新材,12.59,1.29,59.202,3.453,5387105224,创业板,正常上市
300849,锦盛新材,20.52,4.85,,5.711,3078000000,创业板,正常上市
300850,新强联,25.3,-0.08,13.14,1.465,10476371626,创业板,正常上市
300851,交大思诺,24.26,2.71,25.844,1.575,2109004284,创业板,正常上市
300852,四会富仕,45.36,0.6,51.792,3.209,7281240044,创业板,正常上市
300853,申昊科技,27.2,4.33,,7.795,3997015520,创业板,正常上市
300854,中兰环保,18.21,2.59,,2.835,2546060286,创业板,正常上市
300855,图南股份,32.31,-2.09,41.04,5.813,12779622765,创业板,正常上市
300856,科思股份,11.03,2.22,52.05,1.921,5246830070,创业板,正常上市
300857,协创数据,247.38,-0.12,69.354,23.089,121058628835,创业板,正常上市
300858,科拓生物,15.85,0.38,46.852,2.248,4176397620,创业板,正常上市
300859,西域旅游,26.55,3.11,61.299,5.562,4115250000,创业板,正常上市
300860,锋尚文化,27.05,1.96,,1.63,5097592057,创业板,正常上市
300861,美畅股份,16.85,0.78,27.497,1.713,11320511414,创业板,正常上市
300862,蓝盾光电,56.5,0.0,,5.32,10430911463,创业板,正常上市
300864,南大环境,20.96,6.45,21.87,2.362,3334823361,创业板,正常上市
300865,大宏立,29.32,3.6,229.041,3.215,2805337600,创业板,正常上市
300866,安克创新,115.58,0.58,26.961,5.55,67967318074,创业板,正常上市
300867,圣元环保,17.8,9.2,16.299,1.201,4836990743,创业板,正常上市
300868,杰美特,87.82,3.5,,7.653,11168831326,创业板,正常上市
300869,康泰医学,11.79,5.55,,2.796,4737269761,创业板,正常上市
300870,欧陆通,214.15,4.41,179.716,12.529,32688614519,创业板,正常上市
300871,回盛生物,23.99,1.65,14.165,2.092,4840806724,创业板,正常上市
300872,天阳科技,14.75,2.36,,1.939,7199785974,创业板,正常上市
300873,海晨股份,15.49,-0.06,23.977,1.552,4991608044,创业板,正常上市
300875,捷强装备,32.37,2.24,,3.804,3231650890,创业板,正常上市
300876,蒙泰高新,15.43,2.39,,2.303,2345939458,创业板,正常上市
300877,金春股份,29.37,0.44,40.913,2.092,3524400000,创业板,正常上市
300878,维康药业,33.33,0.63,,5.29,4825861432,创业板,正常上市
300879,大叶股份,16.72,2.83,,2.739,3384108488,创业板,正常上市
300880,迦南智能,19.39,2.11,49.839,3.527,3783711859,创业板,正常上市
300881,盛德鑫泰,33.1,2.76,15.013,2.941,3641000000,创业板,正常上市
300882,万胜智能,14.34,1.2,38.013,3.179,4104125036,创业板,正常上市
300883,龙利得,6.44,2.38,,1.579,2228240000,创业板,正常上市
300884,狄耐克,12.38,1.06,251.603,2.454,3142821712,创业板,正常上市
300885,海昌新材,19.61,-0.25,78.88,5.32,4866256798,创业板,正常上市
300886,华业香料,24.8,2.44,80.488,3.111,1862926400,创业板,正常上市
300887,谱尼测试,7.28,5.51,,1.444,3972939247,创业板,正常上市
300888,稳健医疗,29.93,4.1,22.634,1.483,17448319875,创业板,正常上市
300889,爱克股份,21.07,1.01,,3.278,4640184576,创业板,正常上市
300890,翔丰华,26.15,0.35,36.464,1.458,3127016582,创业板,正常上市
300891,惠云钛业,7.19,1.55,,2.381,2876060015,创业板,正常上市
300892,品渥食品,23.0,0.22,,2.217,2300000000,创业板,正常上市
300893,松原安全,15.15,-0.59,19.469,3.39,7165969180,创业板,正常上市
300894,火星人,11.12,0.45,,4.661,4503646826,创业板,正常上市
300895,铜牛信息,54.73,1.31,,10.304,7706019958,创业板,正常上市
300896,爱美客,97.12,2.99,25.654,3.734,29387740964,创业板,正常上市
300897,山科智能,15.65,1.62,203.286,3.132,3064993562,创业板,正常上市
300898,熊猫乳品,21.25,0.38,23.677,2.534,2635000000,创业板,正常上市
300899,上海凯鑫,29.15,3.74,,2.974,1859288034,创业板,正常上市
300901,中胤时尚,18.57,8.66,471.319,4.587,4456800000,创业板,正常上市
300902,国安达,16.1,-0.49,,3.609,2927034241,创业板,正常上市
300903,科翔股份,78.82,7.96,,18.793,34317168896,创业板,正常上市
300904,威力传动,40.95,1.87,,5.073,2964093350,创业板,正常上市
300905,宝丽迪,36.0,-1.34,41.281,3.285,6444565056,创业板,正常上市
300906,日月明,30.74,6.26,41.8,2.626,2459200000,创业板,正常上市
300907,康平科技,51.08,4.16,114.923,6.082,4903680000,创业板,正常上市
300908,仲景食品,25.0,1.5,18.288,2.073,3650000000,创业板,正常上市
300909,汇创达,55.75,4.5,482.948,4.84,9643243579,创业板,正常上市
300910,瑞丰新材,26.46,0.0,14.875,2.56,10135298649,创业板,正常上市
300912,凯龙高科,19.12,-0.98,,4.906,2177477376,创业板,正常上市
300913,兆龙互连,35.34,3.88,48.981,4.573,12113884781,创业板,正常上市
300915,海融科技,20.57,2.34,,1.685,2588513743,创业板,正常上市
300916,朗特智能,25.3,1.65,49.753,2.675,3659493377,创业板,正常上市
300917,特发服务,26.9,1.05,36.57,3.701,4546100000,创业板,正常上市
300918,南山智尚,10.21,1.9,42.508,1.333,5167632500,创业板,正常上市
300919,中伟新材,39.75,-0.05,22.875,1.746,41517531927,创业板,正常上市
300920,润阳科技,33.7,3.18,174.07,3.717,4381000000,创业板,正常上市
300921,南凌科技,15.33,2.54,132.485,4.737,3935907611,创业板,正常上市
300922,天秦装备,17.09,1.97,82.441,2.724,2748967174,创业板,正常上市
300923,研奥股份,24.68,2.07,61.171,1.694,1939848000,创业板,正常上市
300925,法本信息,14.31,1.42,61.735,2.731,6134825003,创业板,正常上市
300926,博俊科技,17.45,0.0,9.196,2.095,7578991928,创业板,正常上市
300927,江天化学,25.94,7.06,118.587,3.805,3744698400,创业板,正常上市
300928,华安鑫创,25.31,1.32,,2.0,2024800000,创业板,正常上市
300929,华骐环保,15.33,0.99,,2.639,2025598215,创业板,正常上市
300930,屹通新材,25.18,1.78,41.324,2.662,2518000000,创业板,正常上市
300931,通用电梯,15.65,3.57,,6.366,3805626150,创业板,正常上市
300932,三友联众,10.62,1.34,61.577,2.675,4759306240,创业板,正常上市
300933,中辰股份,6.3,0.96,,1.623,3446669860,创业板,正常上市
300935,盈建科,30.96,1.08,,3.346,2459173853,创业板,正常上市
300936,中英科技,88.14,10.02,7560.235,6.576,6628128000,创业板,正常上市
300937,药易购,27.75,0.18,,3.245,2654750426,创业板,正常上市
300938,信测标准,27.75,-0.89,46.361,4.93,9458921416,创业板,正常上市
300939,秋田微,62.55,-0.57,119.263,5.187,7506000000,创业板,正常上市
300940,南极光,13.74,2.61,47.031,2.606,3059133671,创业板,正常上市
300941,创识科技,14.4,1.34,98.416,2.282,2948400000,创业板,正常上市
300942,易瑞生物,6.91,4.7,409.832,3.364,2799088254,创业板,正常上市
300943,春晖智控,31.0,3.68,110.973,6.185,6318420000,创业板,正常上市
300945,曼卡龙,12.36,3.17,25.171,1.867,3239205334,创业板,正常上市
300946,恒而达,36.6,1.36,248.873,4.77,5709885480,创业板,正常上市
300947,德必集团,14.23,2.01,,1.814,2150689414,创业板,正常上市
300948,冠中生态,20.99,-0.14,,3.531,3450276358,创业板,正常上市
300949,奥雅股份,22.54,2.64,,3.482,1960980000,创业板,正常上市
300950,德固特,16.67,3.03,34.707,3.079,2561245480,创业板,正常上市
300951,博硕科技,70.7,4.37,166.489,5.191,11976622208,创业板,正常上市
300952,恒辉安防,16.3,2.64,48.442,2.322,3938430515,创业板,正常上市
300953,震裕科技,99.51,1.31,33.572,5.099,24234530862,创业板,正常上市
300955,嘉亨家化,30.89,1.28,,3.596,3113712000,创业板,正常上市
300956,英力股份,11.1,2.3,557.878,1.776,2391247026,创业板,正常上市
300957,贝泰妮,32.35,4.9,25.221,2.189,13703460000,创业板,正常上市
300958,建工修复,12.0,2.13,,1.556,1880838948,创业板,正常上市
300959,线上线下,93.62,1.09,,6.808,7524033436,创业板,正常上市
300960,通业科技,16.31,2.71,54.417,3.71,2367321474,创业板,正常上市
300961,深水海纳,11.53,0.87,,3.696,2044038400,创业板,正常上市
300962,中金辐照,12.86,0.63,29.169,3.227,3395064395,创业板,正常上市
300963,中洲特材,11.13,0.45,84.627,4.546,5104663200,创业板,正常上市
300964,本川智能,56.64,1.78,181.494,5.931,6052527574,创业板,正常上市
300965,恒宇信通,43.16,-0.02,94.0,2.092,2589600000,创业板,正常上市
300966,共同药业,25.95,0.97,,4.081,2991544882,创业板,正常上市
300968,格林精密,10.27,1.58,,2.379,4245412600,创业板,正常上市
300969,恒帅股份,72.18,1.95,71.79,8.155,11846171206,创业板,正常上市
300971,博亚精工,18.94,2.27,23.702,2.057,2227344000,创业板,正常上市
300972,万辰集团,201.68,1.0,22.619,19.133,39798233994,创业板,正常上市
300973,立高食品,25.17,1.86,15.204,1.688,4262304060,创业板,正常上市
300975,商络电子,25.45,0.51,33.44,6.585,17484292622,创业板,正常上市
300976,达瑞电子,60.0,12.74,35.922,3.053,11227916700,创业板,正常上市
300977,深圳瑞捷,16.22,3.05,111.796,1.786,2469117512,创业板,正常上市
300978,东箭科技,8.56,1.9,29.009,2.167,3618335446,创业板,正常上市
300979,华利集团,34.41,-0.38,14.196,2.45,40156470000,创业板,正常上市
300980,祥源新材,21.81,1.87,50.326,2.115,3011201968,创业板,正常上市
300981,中红医疗,15.4,7.32,,1.256,6604520369,创业板,正常上市
300982,苏文电能,14.76,0.89,,1.072,3054805555,创业板,正常上市
300983,尤安设计,40.1,1.21,,2.505,6929280000,创业板,正常上市
300984,金沃股份,31.0,1.74,118.051,5.534,5966032894,创业板,正常上市
300985,致远新能,39.13,-1.93,,8.256,7298233342,创业板,正常上市
300986,志特新材,12.27,3.28,39.802,3.168,7064119259,创业板,正常上市
300987,川网传媒,13.3,1.6,114.265,2.858,2305794400,创业板,正常上市
300988,津荣天宇,14.51,2.69,30.639,2.18,2857862016,创业板,正常上市
300989,蕾奥规划,13.43,2.83,,2.931,2827797526,创业板,正常上市
300990,同飞股份,68.85,1.76,47.008,5.482,11788262221,创业板,正常上市
300991,创益通,29.41,8.09,,6.75,4235040000,创业板,正常上市
300992,泰福泵业,24.04,1.31,,2.653,2291024453,创业板,正常上市
300993,玉马科技,9.99,1.94,21.018,1.928,3078230688,创业板,正常上市
300994,久祺股份,11.25,1.72,21.104,2.128,2622240000,创业板,正常上市
300995,奇德新材,25.99,2.32,106.681,2.629,2393963565,创业板,正常上市
300996,普联软件,14.5,-1.36,61.174,4.338,5738966629,创业板,正常上市
300997,欢乐家,16.8,-1.87,155.209,6.813,7307554380,创业板,正常上市
300998,宁波方正,26.4,3.29,154.318,2.811,3621267672,创业板,正常上市
300999,金龙鱼,25.51,0.2,37.464,1.419,138304800083,创业板,正常上市
301000,肇民科技,23.52,0.34,41.01,4.342,5720549359,创业板,正常上市
301001,凯淳股份,23.84,3.03,,2.48,1907200000,创业板,正常上市
301003,江苏博云,56.4,4.6,53.6,4.74,5478319417,创业板,正常上市
301004,嘉益股份,34.66,2.51,14.574,2.814,5053645041,创业板,正常上市
301006,迈拓股份,13.8,3.45,21.947,1.458,1922064000,创业板,正常上市
301007,德迈仕,26.83,3.19,95.866,6.292,4114112200,创业板,正常上市
301009,可靠股份,9.15,3.51,128.164,1.852,2487519000,创业板,正常上市
301010,晶雪节能,17.48,3.13,252.327,2.278,1887840000,创业板,正常上市
301011,华立科技,15.07,3.29,49.384,2.446,2327668889,创业板,正常上市
301012,扬电科技,25.2,5.0,110.931,4.166,4963396082,创业板,正常上市
301013,利和兴,41.0,-2.4,,14.319,9583465296,创业板,正常上市
301015,百洋医药,26.2,0.77,26.813,5.533,13771350817,创业板,正常上市
301016,雷尔伟,11.83,1.81,51.979,3.506,3624818778,创业板,正常上市
301017,漱玉平民,13.36,2.14,54.755,2.658,5418911190,创业板,正常上市
301018,申菱环境,86.5,-0.35,169.551,11.732,32375335824,创业板,正常上市
301019,宁波色母,14.91,1.36,25.871,2.589,2951524989,创业板,正常上市
301020,密封科技,20.41,0.15,32.588,2.96,2988024000,创业板,正常上市
301021,英诺激光,77.33,7.37,177.159,11.308,11821432538,创业板,正常上市
301022,海泰科,22.95,2.59,68.26,1.629,2283160692,创业板,正常上市
301023,奕帆传动,29.24,2.42,40.38,3.294,2728695514,创业板,正常上市
301024,霍普股份,31.73,3.36,,5.969,2017552050,创业板,正常上市
301025,读客文化,9.18,1.21,270.956,5.867,3674840292,创业板,正常上市
301026,浩通科技,21.13,-0.33,21.921,2.762,4682061067,创业板,正常上市
301028,鼎熔岩,12.68,3.09,20.894,2.843,4898604297,创业板,正常上市
301029,怡合达,24.84,0.04,30.411,3.505,15792941926,创业板,正常上市
301030,*ST仕净,8.47,5.88,,,1714186805,创业板,*ST退市风险警示
301031,中熔电气,89.71,1.4,28.615,8.017,13111507008,创业板,正常上市
301032,新柴股份,10.06,1.93,21.608,1.904,2425802004,创业板,正常上市
301033,迈普医学,60.32,7.6,36.893,4.932,4046429007,创业板,正常上市
301035,润丰股份,52.75,-0.21,20.174,2.501,19227652782,创业板,正常上市
301036,双乐股份,22.29,2.15,99.864,1.351,2229000000,创业板,正常上市
301037,保立佳,13.1,2.99,,3.339,1821315087,创业板,正常上市
301038,深水规院,15.95,2.05,74.592,3.971,3558126000,创业板,正常上市
301039,中集车辆,8.06,0.37,17.129,1.028,15105442825,创业板,正常上市
301040,中环海陆,26.94,4.7,,3.844,2694029688,创业板,正常上市
301041,金百泽,25.18,2.03,119.865,3.949,2686202400,创业板,正常上市
301042,安联锐视,32.37,0.12,100.174,2.912,3132676475,创业板,正常上市
301043,绿岛风,43.88,5.46,42.573,3.453,2983840000,创业板,正常上市
301045,天禄科技,65.2,-0.76,196.358,6.929,7192756942,创业板,正常上市
301046,能辉科技,21.94,6.71,,3.156,3698810408,创业板,正常上市
301047,义翘神州,131.51,17.55,101.728,2.997,15996447940,创业板,正常上市
301048,金鹰重工,9.19,2.11,22.892,1.71,4901333946,创业板,正常上市
301049,超越科技,20.14,3.76,,3.6,1898262147,创业板,正常上市
301050,雷电微力,30.78,2.16,185.968,2.486,7620487530,创业板,正常上市
301051,信濠光电,20.34,2.16,,2.964,5781865445,创业板,正常上市
301052,果麦文化,23.0,1.32,,3.489,2276064797,创业板,正常上市
301053,远信工业,41.9,0.96,262.524,6.17,5525994782,创业板,正常上市
301055,张小泉,29.34,2.05,64.249,6.532,4577040000,创业板,正常上市
301056,森赫股份,10.88,0.0,42.345,3.651,2902638937,创业板,正常上市
301057,汇隆新材,21.44,2.05,64.124,3.194,2507824751,创业板,正常上市
301058,中粮科工,8.53,-0.47,19.043,1.867,4442449633,创业板,正常上市
301059,金三江,11.42,2.42,31.558,4.03,2639778680,创业板,正常上市
301060,兰卫医学,12.16,6.67,341.831,3.071,4870286720,创业板,正常上市
301061,匠心家居,35.0,-0.23,11.995,2.283,9953916735,创业板,正常上市
301062,上海艾录,6.69,2.45,,2.151,2898724450,创业板,正常上市
301063,海锅股份,18.03,2.62,50.56,1.191,1881623854,创业板,正常上市
301065,本立科技,19.43,2.86,27.771,1.486,2059968600,创业板,正常上市
301066,万事利,12.01,1.18,76.563,2.19,2821426563,创业板,正常上市
301067,显盈科技,29.15,-0.21,,3.684,2834429400,创业板,正常上市
301068,大地海洋,28.32,-0.11,,4.971,4002061813,创业板,正常上市
301069,凯盛新材,16.16,0.12,54.601,3.135,7323295541,创业板,正常上市
301070,开勒股份,63.82,2.28,,11.104,8052446124,创业板,正常上市
301071,力量钻石,58.57,-1.99,85.913,2.8,14903153661,创业板,正常上市
301072,中捷精工,42.54,1.72,,6.256,4468656202,创业板,正常上市
301073,君亭酒店,18.34,4.5,132.338,4.026,3566232184,创业板,正常上市
301075,多瑞医药,54.42,4.33,,7.056,4353600000,创业板,正常上市
301076,新瀚新材,20.19,-1.27,69.625,3.812,4606740893,创业板,正常上市
301077,星华新材,21.23,0.57,28.237,3.01,3614359032,创业板,正常上市
301078,孩子王,7.1,1.72,28.48,2.08,8978467846,创业板,正常上市
301079,邵阳液压,27.63,-0.32,369.827,6.279,2996687190,创业板,正常上市
301080,百普赛斯,96.66,12.72,94.647,5.981,16207857746,创业板,正常上市
301081,严牌股份,13.47,12.72,389.262,2.839,3148120643,创业板,正常上市
301082,久盛电气,9.5,0.42,76.008,2.706,2794918297,创业板,正常上市
301083,百胜智能,14.08,2.92,81.837,2.987,2504362671,创业板,正常上市
301086,鸿富瀚,119.97,2.1,124.174,7.585,15099928074,创业板,正常上市
301087,可孚医疗,50.09,3.13,30.515,2.211,11816080730,创业板,正常上市
301088,戎美股份,12.71,2.5,40.544,1.146,2896609000,创业板,正常上市
301089,拓新药业,25.75,0.98,,2.209,3258520875,创业板,正常上市
301090,华润材料,6.78,4.63,,1.513,9972927747,创业板,正常上市
301091,深城交,18.48,2.61,89.305,4.02,9744134400,创业板,正常上市
301092,争光股份,44.84,0.31,64.37,3.051,6032562135,创业板,正常上市
301093,华兰股份,82.96,16.17,416.954,8.023,17681378704,创业板,正常上市
301095,广立微,73.85,0.72,161.319,4.708,14790758349,创业板,正常上市
301096,百诚医药,50.9,4.37,,2.222,5559719656,创业板,正常上市
301097,天益医疗,35.92,3.1,,2.63,2931409397,创业板,正常上市
301098,金埔园林,8.62,3.73,,1.534,1995113835,创业板,正常上市
301099,雅创电子,49.45,1.48,50.419,6.509,9342366420,创业板,正常上市
301100,风光股份,16.12,1.7,,1.613,3243779240,创业板,正常上市
301101,明月镜片,29.64,3.02,29.58,3.284,5972818644,创业板,正常上市
301102,兆讯传媒,9.49,1.17,,1.299,3852940000,创业板,正常上市
301103,何氏眼科,17.32,4.91,99.552,1.425,2737018478,创业板,正常上市
301105,鸿铭股份,47.29,4.0,,2.894,2411790000,创业板,正常上市
301107,瑜欣电子,20.01,0.65,56.751,3.003,2845197648,创业板,正常上市
301108,洁雅股份,37.15,4.91,53.971,2.205,4181464762,创业板,正常上市
301109,军信股份,13.49,0.9,13.944,1.379,10644970359,创业板,正常上市
301110,青木科技,35.07,2.69,29.283,2.948,4543299773,创业板,正常上市
301112,信邦智能,30.34,1.61,,3.004,3345488644,创业板,正常上市
301113,雅艺科技,16.74,3.33,791.833,2.905,1980342000,创业板,正常上市
301115,联检科技,30.58,1.19,,2.265,5567311622,创业板,正常上市
301116,益客食品,9.51,1.06,,2.726,4269795929,创业板,正常上市
301117,佳缘科技,17.76,-0.17,,2.592,3211648568,创业板,正常上市
301118,恒光股份,22.14,0.27,559.374,1.794,2437857540,创业板,正常上市
301119,正强股份,21.44,3.38,31.118,2.925,3121664000,创业板,正常上市
301120,新特电气,14.58,-0.75,169.976,3.469,5440174966,创业板,正常上市
301121,紫建电子,34.45,2.68,7383.849,2.057,3404557664,创业板,正常上市
301122,采纳股份,39.0,17.47,431.462,2.575,4767580662,创业板,正常上市
301123,奕东电子,72.37,0.89,,6.058,16980896800,创业板,正常上市
301125,腾亚精工,12.04,2.12,,3.586,2496181165,创业板,正常上市
301126,达嘉维康,10.33,4.66,,1.414,2121815056,创业板,正常上市
301127,武汉天源,18.45,-0.59,58.087,3.674,12436688861,创业板,正常上市
301128,强瑞技术,108.0,1.06,90.483,16.296,15640320024,创业板,正常上市
301129,瑞纳智能,23.98,-1.15,25.602,1.787,3258100252,创业板,正常上市
301130,西点药业,33.45,0.21,112.272,2.9,2558747213,创业板,正常上市
301131,聚赛龙,34.13,2.77,71.249,1.683,1865628838,创业板,正常上市
301132,满坤科技,36.5,2.44,49.402,2.944,5405148089,创业板,正常上市
301133,金钟股份,27.55,2.04,,2.436,3346405491,创业板,正常上市
301135,瑞德智能,16.83,2.68,128.242,1.779,2184346615,创业板,正常上市
301136,招标股份,11.39,2.89,2455.764,2.166,3134582900,创业板,正常上市
301137,哈焊华通,31.53,-0.97,150.149,4.127,5732576502,创业板,正常上市
301138,华研精机,26.91,2.95,34.202,2.807,3229200000,创业板,正常上市
301141,中科磁业,40.73,0.05,194.9,3.938,5051848002,创业板,正常上市
301148,嘉戎技术,51.49,1.36,149.126,3.406,5998434649,创业板,正常上市
301149,隆华新材,7.8,0.91,33.013,2.064,4360200179,创业板,正常上市
301150,中一科技,38.1,0.0,88.535,3.364,12340738476,创业板,正常上市
301151,冠龙节能,16.28,2.97,59.93,1.327,2751386748,创业板,正常上市
301152,天力锂能,19.06,1.06,,1.869,2263184533,创业板,正常上市
301153,中科江南,16.85,2.68,49.309,3.199,5992947162,创业板,正常上市
301156,美农生物,11.91,-1.89,36.927,2.914,2192714453,创业板,正常上市
301157,华塑科技,61.69,2.2,119.393,3.329,3701400000,创业板,正常上市
301158,德石股份,15.46,-1.28,29.256,2.154,3014934420,创业板,正常上市
301159,三维天地,32.57,3.99,111.078,3.881,2519289500,创业板,正常上市
301160,翔楼新材,44.65,7.2,36.547,3.854,7443910255,创业板,正常上市
301161,唯万密封,28.41,3.23,37.245,3.549,3409200000,创业板,正常上市
301162,国能日新,36.9,1.51,44.614,4.253,6888321005,创业板,正常上市
301163,宏德股份,23.54,2.84,46.567,1.676,1920864000,创业板,正常上市
301165,锐捷网络,123.3,1.21,146.322,25.731,137311363558,创业板,正常上市
301166,优宁维,34.06,20.01,,1.481,2934898020,创业板,正常上市
301167,建研设计,14.07,2.33,74.231,1.641,1575840000,创业板,正常上市
301168,通灵股份,41.08,0.46,673.262,2.319,4929600000,创业板,正常上市
301169,零点有数,51.59,2.06,,8.575,3716571252,创业板,正常上市
301170,锡南科技,23.15,2.52,23.396,1.283,2315000000,创业板,正常上市
301171,易点天下,36.51,2.61,584.635,6.123,22582201418,创业板,正常上市
301172,君逸数码,17.56,1.09,112.108,2.649,3947463381,创业板,正常上市
301173,毓恬冠佳,31.94,1.85,16.421,1.812,2805442618,创业板,正常上市
301175,中科环保,5.43,1.31,20.489,2.104,7992308400,创业板,正常上市
301176,逸豪新材,45.91,0.31,,5.219,7761850682,创业板,正常上市
301177,迪阿股份,22.94,4.8,58.872,1.458,9182298177,创业板,正常上市
301178,天亿马,36.05,2.59,428.591,4.299,3356408717,创业板,正常上市
301179,泽宇智能,19.95,1.42,49.555,3.178,8067931002,创业板,正常上市
301180,万祥科技,11.63,3.84,,3.555,4652116300,创业板,正常上市
301181,标榜股份,22.52,1.35,29.882,2.275,3382577505,创业板,正常上市
301182,凯旺科技,65.7,0.21,,9.498,6295485690,创业板,正常上市
301183,东田微,225.38,9.74,131.867,17.443,18047607763,创业板,正常上市
301185,鸥玛软件,16.35,2.19,47.964,2.306,2508377760,创业板,正常上市
301186,超达装备,34.07,-0.09,31.652,2.418,3909311181,创业板,正常上市
301187,欧圣电气,14.79,1.58,69.712,2.574,3770466835,创业板,正常上市
301188,力诺药包,38.54,-0.72,256.878,5.26,10310861142,创业板,正常上市
301189,奥尼电子,51.34,2.01,,4.052,8401274058,创业板,正常上市
301190,善水科技,20.85,8.31,48.084,2.259,4475171025,创业板,正常上市
301191,菲菱科思,90.7,2.02,119.755,5.162,8788565156,创业板,正常上市
301192,泰祥股份,20.07,2.76,36.925,3.071,2031926940,创业板,正常上市
301193,家联科技,18.11,2.32,,2.561,4362364526,创业板,正常上市
301195,北路智控,26.41,1.03,25.642,1.413,3487964474,创业板,正常上市
301196,唯科科技,90.34,12.2,59.128,4.438,14835040543,创业板,正常上市
301197,工大科雅,24.42,3.26,128.734,2.228,2943586800,创业板,正常上市
301198,喜悦智行,12.33,3.35,,2.302,2083770000,创业板,正常上市
301199,迈赫股份,17.8,2.01,38.486,1.711,3322832800,创业板,正常上市
301200,大族数控,286.93,-2.41,136.17,12.387,140310991125,创业板,正常上市
301201,诚达药业,38.77,9.18,,2.854,5998254956,创业板,正常上市
301202,朗威股份,36.68,0.6,77.783,4.117,5003152000,创业板,正常上市
301203,国泰环保,34.08,2.62,25.748,1.954,2726400000,创业板,正常上市
301205,联特科技,299.5,13.45,445.619,23.868,38960307750,创业板,正常上市
301206,三元生物,24.78,3.25,54.15,1.176,5013630846,创业板,正常上市
301207,华兰疫苗,20.25,15.78,64.908,2.12,12170806875,创业板,正常上市
301208,中亦科技,29.5,0.99,63.842,2.261,3540001770,创业板,正常上市
301209,联合化学,59.82,1.06,231.113,12.138,9379776000,创业板,正常上市
301210,金杨精密,24.29,-0.12,58.308,2.069,3914553373,创业板,正常上市
301212,联盛化学,24.03,8.24,295.972,1.923,2595240000,创业板,正常上市
301213,观想科技,43.25,0.93,252.791,6.024,4843999914,创业板,正常上市
301215,中汽股份,5.12,0.79,31.017,2.282,6778368000,创业板,正常上市
301216,万凯新材,16.57,0.73,19.152,1.47,9613986229,创业板,正常上市
301217,铜冠铜箔,113.19,-0.61,571.317,17.058,93836269425,创业板,正常上市
301218,华是科技,40.7,1.78,,5.114,4641428000,创业板,正常上市
301219,腾远钴业,47.46,1.22,11.966,1.841,18169175729,创业板,正常上市
301220,亚香股份,27.71,2.44,63.586,1.791,3131421033,创业板,正常上市
301222,浙江恒威,24.46,3.12,38.871,2.337,3432673350,创业板,正常上市
301223,中荣股份,16.78,2.94,20.669,1.071,3240680457,创业板,正常上市
301225,恒勃股份,56.9,3.45,63.111,5.117,8198845099,创业板,正常上市
301226,祥明智能,28.8,0.38,299.676,3.447,3133440000,创业板,正常上市
301227,森鹰窗业,28.88,5.13,,2.368,3796534101,创业板,正常上市
301228,实朴检测,57.49,3.23,,11.514,6898800000,创业板,正常上市
301229,纽泰格,12.06,2.81,114.629,1.767,2192272842,创业板,正常上市
301230,泓博医药,37.53,9.74,147.304,6.593,6790720459,创业板,正常上市
301231,荣信文化,27.52,1.18,,2.86,2322688000,创业板,正常上市
301233,盛帮股份,32.83,1.05,28.943,2.346,2356104044,创业板,正常上市
301234,五洲医疗,92.48,2.57,295.109,8.177,6288640000,创业板,正常上市
301235,华康洁净,43.73,-1.0,47.08,2.493,6089405867,创业板,正常上市
301236,软通动力,37.36,0.19,717.381,2.897,38674671501,创业板,正常上市
301237,和顺科技,53.48,0.87,,3.698,4278400000,创业板,正常上市
301238,瑞泰新材,15.97,0.44,36.325,1.585,11711332801,创业板,正常上市
301239,普瑞眼科,35.17,2.69,,2.491,5262101918,创业板,正常上市
301246,宏源药业,21.22,1.39,33.35,1.842,8488144296,创业板,正常上市
301248,杰创智能,61.89,4.35,,6.307,9512802450,创业板,正常上市
301251,威尔高,48.42,-1.77,137.504,5.9,9130273044,创业板,正常上市
301252,同星科技,32.91,2.72,58.78,4.113,5569209230,创业板,正常上市
301255,通力科技,20.23,1.25,77.523,2.885,3081433600,创业板,正常上市
301256,华融化学,10.04,-0.4,68.97,2.821,4819200000,创业板,正常上市
301257,普蕊斯,52.21,7.87,36.11,3.219,4124839042,创业板,正常上市
301258,富士莱,27.01,4.41,65.869,1.33,2476006700,创业板,正常上市
301259,艾布鲁,23.54,3.25,170.444,6.014,5324748000,创业板,正常上市
301260,格力博,13.48,2.28,,1.51,6515631790,创业板,正常上市
301261,恒工精密,54.85,0.0,44.117,3.58,5784932690,创业板,正常上市
301262,海看股份,18.93,0.37,20.353,2.072,7893810000,创业板,正常上市
301263,泰恩康,19.83,0.81,,6.137,10125138510,创业板,正常上市
301265,华新科技,19.7,0.31,73.181,2.807,5968571685,创业板,正常上市
301266,宇邦新材,23.3,8.22,121.233,1.84,3331305035,创业板,正常上市
301267,华厦眼科,16.6,4.86,30.14,2.562,13944000000,创业板,正常上市
301268,铭利达,13.2,1.85,,3.54,5291203025,创业板,正常上市
301270,汉仪股份,31.74,1.57,409.616,3.279,3174000000,创业板,正常上市
301272,英华特,34.28,1.39,54.108,1.962,2005458844,创业板,正常上市
301275,汉朔科技,41.37,0.24,36.201,4.204,17474688000,创业板,正常上市
301276,嘉曼服饰,20.9,2.25,24.354,1.247,2708640000,创业板,正常上市
301278,快可电子,27.43,2.24,155.901,1.728,2460694362,创业板,正常上市
301279,金道科技,20.07,1.52,51.959,2.457,3382291492,创业板,正常上市
301280,珠城科技,42.2,2.01,38.218,4.089,8080970671,创业板,正常上市
301281,科源制药,44.16,2.67,203.134,3.435,4782086400,创业板,正常上市
301283,聚胶股份,26.31,2.77,15.647,1.783,3057820710,创业板,正常上市
301285,鸿日达,87.68,5.64,,19.199,18120825600,创业板,正常上市
301286,侨源股份,43.14,0.79,72.539,8.519,17260314000,创业板,正常上市
301287,康力源,40.03,0.1,44.955,2.263,2668800100,创业板,正常上市
301288,清研环境,17.18,2.26,,2.368,1855611800,创业板,正常上市
301289,国缆检测,42.95,1.25,37.112,3.237,3350100000,创业板,正常上市
301290,东星医疗,29.5,2.79,,1.365,2955113353,创业板,正常上市
301291,明阳电气,37.36,-1.35,23.473,2.303,11751224786,创业板,正常上市
301293,三博脑科,53.05,2.14,179.425,4.635,10927609660,创业板,正常上市
301296,新巨丰,6.43,1.42,75.119,1.027,2749091935,创业板,正常上市
301297,富乐德,34.66,-0.14,55.525,4.749,24064762487,创业板,正常上市
301298,东利机械,12.76,2.0,37.921,1.964,1873168000,创业板,正常上市
301299,卓创资讯,43.97,2.28,39.833,4.576,2667335401,创业板,正常上市
301300,远翔新材,32.23,1.93,24.648,2.486,2108776670,创业板,正常上市
301301,川宁生物,9.45,6.06,35.663,2.572,21095168850,创业板,正常上市
301302,华如科技,21.73,0.7,,2.309,3386946450,创业板,正常上市
301303,真兰仪表,14.08,3.0,17.646,1.645,5755904000,创业板,正常上市
301305,朗坤科技,24.39,2.95,19.015,1.496,5901424010,创业板,正常上市
301307,美利信,51.96,2.89,,4.482,10942776000,创业板,正常上市
301308,江波龙,379.01,0.01,13.587,7.319,162848525152,创业板,正常上市
301309,万得凯,29.88,-0.43,26.717,1.793,3003967872,创业板,正常上市
301310,鑫宏业,51.37,0.18,73.444,4.168,9809554378,创业板,正常上市
301311,昆船智能,13.28,1.53,,1.86,3187200000,创业板,正常上市
301312,智立方,69.63,3.17,180.845,9.563,11734076009,创业板,正常上市
301313,凡拓数创,33.82,-1.23,,5.422,3498793988,创业板,正常上市
301314,科瑞思,42.71,3.06,133.708,2.24,2359727500,创业板,正常上市
301315,威士顿,40.21,1.75,109.299,3.424,3538480000,创业板,正常上市
301316,慧博云通,39.15,0.13,155.992,14.269,15800979150,创业板,正常上市
301317,鑫磊股份,42.56,0.92,,5.454,6690006400,创业板,正常上市
301318,维海德,20.66,3.04,59.456,1.48,2795274964,创业板,正常上市
301319,唯特偶,112.62,2.05,231.674,17.079,20548338311,创业板,正常上市
301320,豪江智能,13.07,2.75,,2.257,2378870700,创业板,正常上市
301321,翰博高新,37.32,1.86,,7.131,6957754200,创业板,正常上市
301322,绿通科技,40.1,2.64,441.353,2.001,5720500708,创业板,正常上市
301323,新莱福,70.09,-0.3,50.285,3.288,7470499895,创业板,正常上市
301325,曼恩斯特,29.76,2.16,,1.618,4282245562,创业板,正常上市
301326,捷邦科技,108.28,7.73,,6.375,7873009348,创业板,正常上市
301327,华宝新能,43.43,1.64,,1.243,7573382291,创业板,正常上市
301328,维峰电子,59.43,3.77,102.982,4.75,9469915605,创业板,正常上市
301329,信音电子,19.45,2.15,43.347,2.085,3310390000,创业板,正常上市
301330,熵基科技,24.16,2.24,28.733,1.638,5686093448,创业板,正常上市
301331,恩威医药,22.81,2.24,48.748,2.161,2346963942,创业板,正常上市
301332,德尔玛,7.89,3.0,28.497,1.225,3641728125,创业板,正常上市
301333,诺思格,61.16,4.3,44.196,2.959,5906909617,创业板,正常上市
301335,天元宠物,24.17,11.43,55.64,1.583,3088875243,创业板,正常上市
301336,趣睡科技,42.28,0.36,75.573,2.605,2194523951,创业板,正常上市
301337,亚华电子,26.68,5.33,,2.564,2780056000,创业板,正常上市
301338,凯格精机,96.66,1.82,65.899,8.479,14398473600,创业板,正常上市
301339,通行宝,10.93,0.83,28.041,2.256,6341776182,创业板,正常上市
301345,涛涛车业,250.1,-2.14,30.089,7.218,27273172657,创业板,正常上市
301348,蓝箭电子,20.79,-0.05,,3.396,4989600000,创业板,正常上市
301349,信德新材,43.98,2.57,100.026,2.267,6267083150,创业板,正常上市
301353,普莱得,19.09,1.7,34.792,1.843,2424752106,创业板,正常上市
301355,南王科技,10.1,1.92,,1.335,1970489073,创业板,正常上市
301356,天振股份,19.7,0.87,44.588,1.423,4255200000,创业板,正常上市
301357,北方长龙,89.82,-2.37,397.896,7.495,8550864000,创业板,正常上市
301359,东南电子,16.8,1.82,58.476,2.349,2018956800,创业板,正常上市
301360,荣旗科技,55.79,10.24,78.877,3.237,3893336392,创业板,正常上市
301361,众智科技,26.62,1.76,32.496,2.471,3096864320,创业板,正常上市
301362,民爆光电,119.67,1.37,119.381,6.847,17465199377,创业板,正常上市
301363,美好医疗,17.0,3.79,46.166,3.665,13531436144,创业板,正常上市
301365,矩阵股份,38.46,2.67,161.256,3.931,7016211686,创业板,正常上市
301366,一博科技,56.76,3.84,133.368,5.393,11893274769,创业板,正常上市
301367,瑞迈特,44.35,3.91,28.917,1.806,5556361144,创业板,正常上市
301368,丰立智能,39.63,0.1,,5.049,4759563000,创业板,正常上市
301369,联动科技,134.6,1.31,347.722,9.075,13770627053,创业板,正常上市
301370,国科恒泰,9.06,3.07,54.42,1.7,4263636000,创业板,正常上市
301372,科净源,30.33,3.76,,2.806,2079771472,创业板,正常上市
301373,凌玮科技,95.49,0.41,74.039,6.105,10357999970,创业板,正常上市
301376,致欧科技,20.55,1.23,27.56,2.407,8270737436,创业板,正常上市
301378,通达海,24.72,0.73,,2.01,2387952000,创业板,正常上市
301379,天山电子,21.77,-0.27,48.002,4.113,6040777001,创业板,正常上市
301381,赛维时代,23.37,2.73,34.109,3.367,9499553001,创业板,正常上市
301382,蜂助手,42.09,0.6,77.705,6.292,12020647377,创业板,正常上市
301383,天键股份,22.4,1.54,,1.876,3657539200,创业板,正常上市
301386,未来电器,20.41,2.51,31.138,1.876,2857400000,创业板,正常上市
301387,光大同创,56.2,3.4,,3.676,6030367005,创业板,正常上市
301388,欣灵电气,24.04,2.74,110.019,2.501,2462840304,创业板,正常上市
301389,隆扬电子,53.8,1.45,152.489,6.793,15252300000,创业板,正常上市
301390,经纬股份,31.16,2.7,,1.991,1869600000,创业板,正常上市
301391,卡莱特,47.1,0.64,186.448,2.139,4475197598,创业板,正常上市
301392,汇成真空,160.09,0.39,386.46,21.141,16009000000,创业板,正常上市
301393,昊帆生物,68.9,6.49,65.679,3.115,7441200000,创业板,正常上市
301395,仁信新材,12.16,3.14,,2.048,2953061326,创业板,正常上市
301396,宏景科技,190.0,-1.05,1164.938,32.98,40835667350,创业板,正常上市
301398,星源卓镁,31.26,-1.64,260.942,3.177,3501157700,创业板,正常上市
301399,英特科技,17.06,2.65,271.345,2.432,3156441200,创业板,正常上市
301408,华人健康,16.31,2.58,31.145,2.998,6524163100,创业板,正常上市
301413,安培龙,62.43,-0.83,108.704,6.287,7986206669,创业板,正常上市
301418,协昌科技,37.47,2.46,334.459,1.701,2747800025,创业板,正常上市
301419,阿莱德,40.2,11.05,91.853,6.201,6030000000,创业板,正常上市
301421,波长光电,76.55,-0.33,176.798,7.304,8858212900,创业板,正常上市
301428,世纪恒通,28.18,0.82,,2.307,2780426676,创业板,正常上市
301429,森泰股份,17.34,1.94,42.015,1.511,2049934800,创业板,正常上市
301439,泓淋电力,14.87,1.64,27.442,1.941,5785943900,创业板,正常上市
301446,福事特,35.54,0.17,49.098,3.046,3696160000,创业板,正常上市
301448,开创电气,41.79,3.49,,6.316,4371234000,创业板,正常上市
301456,盘古智能,22.96,1.95,39.677,1.552,3491970902,创业板,正常上市
301458,钧崴电子,38.1,1.17,75.974,5.974,10160001270,创业板,正常上市
301459,丰茂股份,31.23,0.06,38.479,2.553,3251724439,创业板,正常上市
301468,博盈特焊,33.19,-0.48,115.798,2.433,5614023448,创业板,正常上市
301469,恒达新材,28.57,2.95,25.583,1.824,2556443600,创业板,正常上市
301479,弘景光电,48.77,0.66,33.07,4.644,6074374997,创业板,正常上市
301486,致尚科技,175.0,7.03,349.829,8.815,22538019875,创业板,正常上市
301487,盟固利,15.97,0.63,104.719,3.802,7340074515,创业板,正常上市
301488,豪恩汽电,96.44,0.29,135.538,4.041,9780240595,创业板,正常上市
301489,思泉新材,102.05,-0.21,171.842,7.642,11867764329,创业板,正常上市
301491,汉桑科技,39.84,1.35,23.899,2.361,5139360000,创业板,正常上市
301498,乖宝宠物,39.3,0.13,26.563,3.317,15738582612,创业板,正常上市
301499,维科精密,24.65,2.32,62.113,2.609,3407982447,创业板,正常上市
301500,飞南资源,22.73,-0.79,16.421,2.363,12753411294,创业板,正常上市
301501,恒鑫生活,28.97,0.94,24.586,2.02,4284663000,创业板,正常上市
301502,华阳智能,51.3,2.81,129.296,3.497,2928383550,创业板,正常上市
301503,智迪科技,22.33,3.86,27.832,2.116,2322320000,创业板,正常上市
301505,苏州规划,16.51,2.93,88.778,1.937,1888743851,创业板,正常上市
301507,民生健康,13.23,0.84,39.686,2.868,4717213786,创业板,正常上市
301508,中机认检,23.84,2.23,35.416,2.6,5389871168,创业板,正常上市
301509,金凯生科,32.69,5.79,53.184,1.772,3937401610,创业板,正常上市
301510,固高科技,26.45,2.2,138.519,7.291,10696879376,创业板,正常上市
301511,德福科技,88.41,2.37,230.706,13.404,55726768020,创业板,正常上市
301512,智信精密,31.02,2.14,76.312,2.195,2316162895,创业板,正常上市
301513,尚水智能,47.81,-0.15,34.926,3.533,4781000000,创业板,正常上市
301515,港通医疗,19.71,2.6,,1.609,1971000000,创业板,正常上市
301516,中远通,23.5,0.82,,5.207,6596491243,创业板,正常上市
301517,陕西华达,37.96,-0.11,,4.512,5740970945,创业板,正常上市
301518,长华化学,25.71,1.14,41.036,2.249,3740021231,创业板,正常上市
301519,舜禹股份,12.14,2.88,,1.426,1962344551,创业板,正常上市
301522,上大股份,22.61,-0.7,82.285,4.311,8407905341,创业板,正常上市
301525,儒竞科技,39.69,1.04,63.1,1.609,5240527693,创业板,正常上市
301528,多浦乐,55.54,4.99,72.5,3.14,4984992700,创业板,正常上市
301529,福赛科技,99.15,12.66,86.633,8.338,11741718184,创业板,正常上市
301531,春光集团,50.35,1.7,82.863,7.64,11063573669,创业板,正常上市
301533,威马农机,26.98,0.41,93.146,2.355,2652314766,创业板,正常上市
301535,浙江华远,14.25,-0.56,68.15,5.205,6060441182,创业板,正常上市
301536,星宸科技,117.4,1.51,103.705,15.357,49509368237,创业板,正常上市
301538,骏鼎达,38.3,0.76,22.878,2.858,4203808000,创业板,正常上市
301539,宏鑫科技,14.73,2.15,801.086,2.825,2180040000,创业板,正常上市
301548,崇德科技,60.9,0.26,36.334,3.349,5298300000,创业板,正常上市
301550,斯菱智驱,84.03,11.4,170.394,15.085,28179355463,创业板,正常上市
301551,无线传媒,20.25,1.61,31.866,3.212,8100202500,创业板,正常上市
301552,科力装备,25.05,1.46,21.641,2.565,3100188000,创业板,正常上市
301555,惠柏新材,30.62,0.79,36.403,2.5,2825206354,创业板,正常上市
301557,常友科技,86.96,4.73,74.096,5.201,5394217412,创业板,正常上市
301558,三态股份,6.61,3.28,106.673,3.77,5214306584,创业板,正常上市
301559,中集环科,13.09,2.35,69.442,1.712,7854000000,创业板,正常上市
301560,众捷汽车,22.61,0.94,71.578,2.851,2749376000,创业板,正常上市
301563,云汉芯城,122.82,-0.11,49.304,7.729,10396826977,创业板,正常上市
301565,中仑新材,19.49,0.72,97.728,3.193,7796194900,创业板,正常上市
301566,达利凯普,25.35,1.6,62.755,6.658,10140253500,创业板,正常上市
301567,贝隆精密,36.02,1.61,,3.569,2593440000,创业板,正常上市
301568,思泰克,69.65,2.73,60.002,6.728,7191947560,创业板,正常上市
301571,国科天成,65.86,-0.78,54.751,5.724,11816990301,创业板,正常上市
301575,艾芬达,26.08,-1.44,27.656,2.235,3164495040,创业板,正常上市
301577,美信科技,56.42,4.44,,3.453,2540564390,创业板,正常上市
301578,辰奕智能,22.92,1.96,186.834,2.608,2427938703,创业板,正常上市
301580,爱迪特,50.19,-0.5,36.849,3.452,7487863717,创业板,正常上市
301581,黄山谷捷,36.58,-0.16,71.518,2.876,2926400000,创业板,正常上市
301584,建发致新,23.3,1.97,34.986,4.522,9816022260,创业板,正常上市
301585,蓝宇股份,26.55,-0.04,38.841,2.749,2761200000,创业板,正常上市
301586,佳力奇,31.25,1.86,51.792,2.0,2592984469,创业板,正常上市
301587,中瑞股份,20.92,1.9,52.457,1.544,3082102597,创业板,正常上市
301588,美新科技,27.61,-1.39,130.242,3.465,3281938688,创业板,正常上市
301589,诺瓦星云,136.9,-1.97,21.788,3.305,12656131200,创业板,正常上市
301590,优优绿能,73.95,1.36,105.722,2.247,4353760327,创业板,正常上市
301591,肯特股份,31.48,-1.32,56.245,3.743,3442526880,创业板,正常上市
301592,六九一二,105.71,1.16,129.92,7.881,7399700000,创业板,正常上市
301595,太力科技,38.7,0.39,79.13,4.58,4190436000,创业板,正常上市
301596,瑞迪智驱,47.8,0.08,50.789,5.771,5163901876,创业板,正常上市
301598,博科测试,47.89,1.48,22.71,2.802,2820588009,创业板,正常上市
301599,理奇智能,34.61,-1.95,59.193,7.093,14937676000,创业板,正常上市
301600,慧翰股份,83.8,1.86,55.827,6.898,8759069300,创业板,正常上市
301601,惠通科技,16.26,2.07,35.033,1.72,2284204800,创业板,正常上市
301602,超研股份,17.98,-0.83,64.873,5.623,7701366891,创业板,正常上市
301603,乔锋智能,120.76,3.34,38.123,5.83,14582977600,创业板,正常上市
301606,绿联科技,50.51,1.32,26.462,5.79,20957094301,创业板,正常上市
301607,富特科技,43.5,0.97,37.403,7.761,10184599712,创业板,正常上市
301608,博实结,46.38,1.73,24.646,2.765,6149760738,创业板,正常上市
301609,山大电力,32.69,1.52,39.486,4.108,5324547200,创业板,正常上市
301613,新铝时代,37.43,0.11,22.895,3.184,5383977875,创业板,正常上市
301616,浙江华业,34.53,2.22,14.189,1.893,2762400000,创业板,正常上市
301617,博苑新材,49.01,4.88,49.84,4.727,8514605320,创业板,正常上市
301622,英思特,40.53,1.2,60.299,3.023,4698719096,创业板,正常上市
301626,苏州天脉,259.59,0.64,266.318,18.588,30029371200,创业板,正常上市
301628,强达电路,91.06,3.15,58.641,5.744,6863720348,创业板,正常上市
301629,矽电股份,251.81,0.17,339.773,8.885,10507344866,创业板,正常上市
301630,同宇新材,167.25,0.08,67.284,5.351,9366000000,创业板,正常上市
301631,壹连科技,67.09,-0.24,28.248,3.22,8586205841,创业板,正常上市
301632,广东建科,14.13,-0.07,44.209,2.134,5914252800,创业板,正常上市
301633,港迪技术,54.96,2.92,46.786,3.289,3060172800,创业板,正常上市
301636,泽润新能,39.14,1.37,4352.111,2.356,2532127974,创业板,正常上市
301638,南网数字,22.16,0.96,101.127,6.279,70461049097,创业板,正常上市
301655,N绿控传动,32.49,282.24,81.983,9.964,14802711555,创业板,正常上市
301656,联合动力,16.73,1.03,47.112,4.171,40232151924,创业板,正常上市
301658,首航新能,23.63,0.25,140.325,3.056,9744329920,创业板,正常上市
301662,宏工科技,66.9,-0.27,65.443,5.01,7760400000,创业板,正常上市
301665,泰禾股份,23.9,2.49,20.633,2.879,10755000000,创业板,正常上市
301666,大普微-UW,418.13,0.32,14050.45,68.036,182395146607,创业板,正常上市
301668,昊创瑞通,35.67,3.57,49.151,3.877,3923700000,创业板,正常上市
301669,高特电子,27.94,-1.27,95.465,7.843,13411200000,创业板,正常上市
301677,欣兴工具,55.45,-1.68,27.789,2.574,5545000000,创业板,正常上市
301678,新恒汇,44.68,0.18,150.768,5.947,10703338266,创业板,正常上市
301680,固德电材,93.27,2.8,42.888,4.058,7722756000,创业板,正常上市
301682,宏明电子,124.46,1.1,47.29,3.024,15128033097,创业板,正常上市
301683,慧谷新材,98.7,-0.3,29.484,2.693,6229588680,创业板,正常上市
301687,新广益,49.65,0.71,58.32,4.755,7291797600,创业板,正常上市
301696,三瑞智能,98.53,-2.2,74.893,18.58,39412985300,创业板,正常上市
301717,超纯应材,389.29,1.64,190.733,16.023,39647689291,创业板,正常上市
000001,平安银行,11.4,1.15,5.09,0.472,221227467457,深交所主板,正常上市
000002,万科A,3.14,2.28,,0.339,37462427739,深交所主板,正常上市
000006,深振业A,7.14,3.33,,1.795,9638964628,深交所主板,正常上市
000007,全新好,12.09,10.01,,23.389,4188556852,深交所主板,正常上市
000008,神州高铁,2.42,1.68,,3.046,6573633993,深交所主板,正常上市
000009,中国宝安,7.5,1.21,372.532,1.929,19344104738,深交所主板,正常上市
000010,*ST美丽,1.48,2.78,,5.781,1701485392,深交所主板,*ST退市风险警示
000011,深物业A,8.21,2.11,2976.0,1.454,4892988345,深交所主板,正常上市
000012,南玻A,3.75,0.54,1022.763,0.875,11409258041,深交所主板,正常上市
000014,沙河股份,10.13,2.84,,1.776,2451928249,深交所主板,正常上市
000016,*ST康佳A,2.31,1.76,,,5562353892,深交所主板,*ST退市风险警示
000017,深中华A,6.46,10.05,107.696,11.405,4452134667,深交所主板,正常上市
000019,深粮控股,6.86,1.33,36.462,1.564,7906391842,深交所主板,正常上市
000021,深科技,37.53,0.24,49.282,4.422,59086097843,深交所主板,正常上市
000025,特力A,15.48,-1.34,47.02,3.588,6672782794,深交所主板,正常上市
000026,飞亚达,21.16,0.52,80.176,2.527,8585966388,深交所主板,正常上市
000027,深圳能源,6.14,0.49,14.597,0.873,29210374084,深交所主板,正常上市
000028,国药一致,19.84,-0.5,11.089,0.584,12146476227,深交所主板,正常上市
000029,深深房A,22.3,-1.33,955.61,6.243,22560018000,深交所主板,正常上市
000030,富奥股份,4.33,1.41,11.215,0.873,7446780959,深交所主板,正常上市
000031,大悦城,2.21,4.25,,0.926,9472752479,深交所主板,正常上市
000032,深桑达A,14.44,0.98,,2.376,17547189251,深交所主板,正常上市
000034,神州数码,23.82,0.04,44.712,2.157,24218738773,深交所主板,正常上市
000035,中国天楹,4.57,0.66,37.701,1.014,10913309754,深交所主板,正常上市
000036,华联控股,3.99,2.31,61.927,1.089,5601236713,深交所主板,正常上市
000037,深南电A,9.36,-2.09,30.436,3.339,5641857899,深交所主板,正常上市
000039,中集集团,9.2,-1.18,,1.062,49611187542,深交所主板,正常上市
000042,中洲控股,9.05,2.61,,2.655,6016721808,深交所主板,正常上市
000045,深纺织A,10.24,1.99,74.349,1.728,5186783734,深交所主板,正常上市
000048,京基智农,22.43,-0.09,,3.167,11892447683,深交所主板,正常上市
000049,德赛电池,23.53,-0.04,22.626,1.325,9050544705,深交所主板,正常上市
000050,深天马A,6.53,1.87,,0.593,15905614661,深交所主板,正常上市
000055,方大集团,3.55,1.43,,0.682,3812253506,深交所主板,正常上市
000056,*ST皇庭,1.94,0.52,,,2294104747,深交所主板,*ST退市风险警示
000058,深赛格,6.73,2.28,118.517,4.066,8285980523,深交所主板,正常上市
000060,中金岭南,6.51,1.24,28.006,1.447,28912032702,深交所主板,正常上市
000061,农产品,5.8,0.17,26.598,1.332,11512774948,深交所主板,正常上市
000062,深圳华强,22.24,0.18,41.667,3.387,23261023321,深交所主板,正常上市
000063,中兴通讯,33.84,0.5,36.173,2.111,161874820576,深交所主板,正常上市
000065,北方国际,8.93,1.94,15.789,0.927,10371678480,深交所主板,正常上市
000066,中国长城,14.15,-0.91,2262.584,4.175,45645057095,深交所主板,正常上市
000068,华控赛格,3.04,1.0,,5.228,3060281251,深交所主板,正常上市
000069,华侨城A,1.79,1.7,,0.421,14387586915,深交所主板,正常上市
000070,特发信息,14.6,2.82,,13.138,12678537055,深交所主板,正常上市
000078,ST海王,1.64,4.46,,3.475,4315042141,深交所主板,ST风险警示
000088,盐田港,4.47,0.9,15.755,1.263,23241690557,深交所主板,正常上市
000089,深圳机场,6.47,0.62,13.971,1.102,13268478723,深交所主板,正常上市
000090,天健集团,3.5,2.04,40.929,0.582,6539909019,深交所主板,正常上市
000096,广聚能源,7.92,1.41,37.164,1.517,4181760000,深交所主板,正常上市
000099,中信海直,13.8,1.1,34.468,1.916,10705627891,深交所主板,正常上市
000100,TCL科技,5.03,-0.4,20.675,1.669,104628338108,深交所主板,正常上市
000151,中成股份,10.01,1.52,8.872,4.012,3512571923,深交所主板,正常上市
000155,川能动力,11.76,0.34,40.775,2.021,21710939702,深交所主板,正常上市
000156,华数传媒,6.68,0.45,27.599,0.815,12377588713,深交所主板,正常上市
000157,中联重科,7.02,2.18,14.013,1.041,60712717357,深交所主板,正常上市
000158,常山北明,12.9,-0.77,652.067,3.89,20622155701,深交所主板,正常上市
000159,国际实业,5.73,1.06,75.054,1.336,2754330740,深交所主板,正常上市
000166,申万宏源,4.43,0.45,11.221,0.968,110926954401,深交所主板,正常上市
000301,东方盛虹,13.52,1.35,72.966,2.573,89383862994,深交所主板,正常上市
000333,美的集团,85.38,0.78,14.737,2.794,651346781095,深交所主板,正常上市
000338,潍柴动力,28.3,-0.28,21.628,2.585,244518243574,深交所主板,正常上市
000400,许继电气,21.86,-2.1,23.459,1.801,22267082363,深交所主板,正常上市
000401,金隅冀东,3.53,1.15,96.294,0.358,9376198868,深交所主板,正常上市
000402,金融街,2.5,2.88,,0.376,7472324768,深交所主板,正常上市
000403,派林生物,11.04,3.08,29.711,1.294,10492387141,深交所主板,正常上市
000404,长虹华意,7.08,0.0,10.096,1.148,4927651531,深交所主板,正常上市
000407,胜利股份,4.14,-2.13,21.698,1.168,3643550476,深交所主板,正常上市
000408,藏格矿业,77.1,2.04,21.258,7.034,120963327533,深交所主板,正常上市
000409,云鼎科技,8.52,1.19,81.668,3.517,5773692211,深交所主板,正常上市
000410,沈阳机床,5.03,0.4,,3.19,13324837235,深交所主板,正常上市
000411,英特集团,9.95,2.37,11.694,1.04,5620249003,深交所主板,正常上市
000415,渤海租赁,4.61,1.1,,0.955,28510643110,深交所主板,正常上市
000417,合百集团,5.62,0.18,29.368,0.92,4382949204,深交所主板,正常上市
000419,通程控股,4.98,1.63,18.99,0.792,2707041622,深交所主板,正常上市
000420,吉林化纤,3.66,1.67,215.761,2.027,8999458135,深交所主板,正常上市
000421,南京公用,5.88,5.57,38.577,1.198,3377564516,深交所主板,正常上市
000422,湖北宜化,12.46,-1.35,18.588,2.212,13551305512,深交所主板,正常上市
000423,东阿阿胶,51.6,-0.27,18.663,3.079,33015064118,深交所主板,正常上市
000425,徐工机械,8.11,0.62,14.413,1.521,94977916741,深交所主板,正常上市
000426,兴业银锡,38.56,7.23,25.667,6.325,68468514096,深交所主板,正常上市
000428,华天酒店,4.03,2.28,,3.217,4106271780,深交所主板,正常上市
000429,粤高速A,13.08,-0.15,17.138,2.373,27347744128,深交所主板,正常上市
000430,张家界,6.63,2.63,,2.95,5367882516,深交所主板,正常上市
000488,ST晨鸣,1.87,1.08,,13.206,5500523094,深交所主板,ST风险警示
000498,山东路桥,4.97,0.4,3.596,0.462,7715636859,深交所主板,正常上市
000501,武商集团,7.13,1.13,34.006,0.497,5482918172,深交所主板,正常上市
000503,国新健康,7.2,7.3,,7.351,7050617798,深交所主板,正常上市
000504,南华生物,8.66,2.73,67.809,10.323,2858000029,深交所主板,正常上市
000505,京粮控股,7.49,0.27,,1.896,5444857380,深交所主板,正常上市
000506,招金黄金,19.45,5.94,52.995,20.033,18069395451,深交所主板,正常上市
000507,珠海港,5.01,1.01,19.935,0.771,4607871824,深交所主板,正常上市
000509,华塑控股,3.29,2.49,,29.193,3530591291,深交所主板,正常上市
000510,新金路,16.26,5.17,,10.225,10545318757,深交所主板,正常上市
000513,丽珠集团,30.6,2.96,13.838,1.873,27169959433,深交所主板,正常上市
000514,渝开发,4.05,3.58,,0.931,3417272408,深交所主板,正常上市
000516,国际医学,4.31,2.86,,2.951,9649645005,深交所主板,正常上市
000517,荣安地产,2.47,8.81,,1.693,7864288538,深交所主板,正常上市
000518,四环生物,3.69,0.27,,11.752,3799062459,深交所主板,正常上市
000519,中兵红箭,14.21,-0.56,87.836,1.901,19788263134,深交所主板,正常上市
000520,凤凰航运,4.41,9.98,,9.982,4463288037,深交所主板,正常上市
000521,长虹美菱,4.82,1.69,96.948,0.845,4964232306,深交所主板,正常上市
000523,红棉股份,3.53,9.97,56.38,3.306,6479203667,深交所主板,正常上市
000524,岭南控股,9.69,1.47,85.067,2.807,6494321305,深交所主板,正常上市
000528,柳工,8.07,0.62,10.555,0.864,16445315022,深交所主板,正常上市
000529,广弘控股,5.0,1.83,27.341,0.907,2918951650,深交所主板,正常上市
000530,冰山冷热,4.89,1.24,134.583,1.305,4123309159,深交所主板,正常上市
000531,穗恒运A,5.61,0.72,14.658,0.841,5842261473,深交所主板,正常上市
000532,华金资本,11.04,2.6,31.43,2.346,3805580074,深交所主板,正常上市
000533,顺钠股份,10.83,0.28,66.056,7.329,7481537280,深交所主板,正常上市
000534,万泽股份,27.08,0.22,68.378,8.034,13798573813,深交所主板,正常上市
000536,华映科技,3.16,2.27,,16.197,8740663657,深交所主板,正常上市
000537,绿发电力,7.91,-1.25,25.589,0.817,16260728581,深交所主板,正常上市
000538,云南白药,50.21,0.92,17.044,2.128,89587825297,深交所主板,正常上市
000539,粤电力A,5.34,-0.37,33.731,1.203,28036516485,深交所主板,正常上市
000541,佛山照明,4.87,0.83,42.44,1.088,7479239980,深交所主板,正常上市
000543,皖能电力,7.48,0.54,7.887,0.966,16956137716,深交所主板,正常上市
000544,中原环保,7.35,1.52,6.736,0.761,7163930987,深交所主板,正常上市
000545,金浦钛业,2.51,2.87,,3.971,2476951071,深交所主板,正常上市
000546,金圆股份,4.65,1.53,,0.988,3616064418,深交所主板,正常上市
000548,湖南投资,4.49,2.28,59.423,1.083,2241478991,深交所主板,正常上市
000550,江铃汽车,16.37,1.24,11.564,1.174,14130813180,深交所主板,正常上市
000551,创元科技,12.6,-1.64,19.485,1.994,6107636380,深交所主板,正常上市
000552,甘肃能化,2.57,1.18,,0.842,13754169114,深交所主板,正常上市
000553,安道麦A,5.5,0.0,,0.727,12813964713,深交所主板,正常上市
000554,泰山石油,6.39,0.0,18.057,2.581,3050873026,深交所主板,正常上市
000555,神州信息,10.16,2.32,174.242,1.743,9913868280,深交所主板,正常上市
000557,西部创业,3.67,3.09,19.196,0.838,5352235277,深交所主板,正常上市
000558,天府文旅,3.44,2.99,,4.221,4434930385,深交所主板,正常上市
000559,万向钱潮,10.88,-1.18,36.467,4.109,36071099871,深交所主板,正常上市
000560,我爱我家,2.33,-2.1,,0.591,5488316983,深交所主板,正常上市
000561,烽火电子,7.39,1.93,,2.197,6385094779,深交所主板,正常上市
000563,陕国投A,2.95,1.03,11.295,0.811,15086212556,深交所主板,正常上市
000564,供销大集,1.47,-1.34,,1.832,26545353130,深交所主板,正常上市
000566,海南海药,5.18,3.19,,1523.529,6720351353,深交所主板,正常上市
000567,海德股份,6.02,1.01,16.626,1.953,11766644773,深交所主板,正常上市
000568,泸州老窖,86.11,1.91,12.743,2.456,126745434979,深交所主板,正常上市
000570,苏常柴A,5.06,1.4,43.816,1.011,3570804085,深交所主板,正常上市
000571,新大洲A,6.02,3.79,,334.444,5051556580,深交所主板,正常上市
000572,海马汽车,3.84,3.23,,4.009,6315403876,深交所主板,正常上市
000573,粤宏远A,3.67,2.51,,1.429,2342489817,深交所主板,正常上市
000576,甘化科工,7.13,0.85,44.199,1.884,3111661866,深交所主板,正常上市
000581,威孚高科,17.38,0.87,15.442,0.829,16802735344,深交所主板,正常上市
000582,北部湾港,10.87,1.12,25.69,1.331,27360708298,深交所主板,正常上市
000586,汇源通信,12.51,3.13,,7.598,2419934400,深交所主板,正常上市
000589,贵州轮胎,4.25,0.71,8.999,0.719,6606157942,深交所主板,正常上市
000590,古汉医药,9.69,9.99,,4.291,2320476577,深交所主板,正常上市
000591,太阳能,4.24,0.24,23.086,0.693,16556576614,深交所主板,正常上市
000592,平潭发展,6.14,-0.65,,6.694,11861134677,深交所主板,正常上市
000593,德龙汇能,24.56,-1.01,278.278,9.961,8807977581,深交所主板,正常上市
000595,新能股份,5.47,0.0,,12.153,6228450322,深交所主板,正常上市
000596,古井贡酒,92.42,-0.62,17.286,1.87,48853212000,深交所主板,正常上市
000597,东北制药,5.17,-0.77,29.464,1.328,7377219130,深交所主板,正常上市
000598,兴蓉环境,7.2,0.28,10.612,1.061,21484862791,深交所主板,正常上市
000599,青岛双星,4.7,2.62,,1.855,11482631659,深交所主板,正常上市
000600,建投能源,7.89,-0.13,6.994,1.14,14227519227,深交所主板,正常上市
000601,韶能股份,6.13,0.82,65.519,1.578,6522840615,深交所主板,正常上市
000603,盛达资源,33.28,6.36,26.938,6.114,22962179835,深交所主板,正常上市
000605,渤海股份,5.94,1.02,238.789,0.987,2094792084,深交所主板,正常上市
000607,华媒控股,3.64,1.96,,3.116,3704422212,深交所主板,正常上市
000608,阳光股份,7.38,-0.14,,2.695,5534360220,深交所主板,正常上市
000609,*ST中迪,10.26,-2.38,,,3070464256,深交所主板,*ST退市风险警示
000610,*ST西旅,6.2,7.64,,,1467836986,深交所主板,*ST退市风险警示
000612,焦作万方,10.86,-0.73,9.115,1.68,12947285419,深交所主板,正常上市
000615,*ST美谷,3.37,3.37,,3.685,6023850375,深交所主板,*ST退市风险警示
000617,中油资本,6.8,2.56,18.717,0.808,85966137737,深交所主板,正常上市
000619,海螺新材,4.85,1.68,,0.862,2139668830,深交所主板,正常上市
000623,吉林敖东,18.16,2.14,7.913,0.69,21717460228,深交所主板,正常上市
000625,长安汽车,7.15,1.56,23.064,0.918,70877274668,深交所主板,正常上市
000626,远大控股,8.34,6.65,80.583,1.799,4225268046,深交所主板,正常上市
000628,高新发展,41.23,4.06,134.192,6.604,14524504400,深交所主板,正常上市
000629,钒钛股份,3.01,0.67,365.294,2.262,27965753013,深交所主板,正常上市
000630,铜陵有色,6.41,0.63,32.685,2.293,85954712379,深交所主板,正常上市
000631,顺发恒能,2.93,2.09,145.509,1.223,6739000249,深交所主板,正常上市
000632,ST三木,3.7,2.78,,27.448,1722422409,深交所主板,ST风险警示
000633,合金投资,5.3,1.92,380.34,10.19,2041063777,深交所主板,正常上市
000635,英力特,6.33,0.96,,2.535,2494865834,深交所主板,正常上市
000637,茂化实华,3.98,1.79,,4.323,2069103917,深交所主板,正常上市
000639,ST西王,1.87,6.25,,1.222,2018530538,深交所主板,ST风险警示
000650,仁和药业,5.62,3.5,21.306,1.219,7867652875,深交所主板,正常上市
000651,格力电器,41.42,0.24,7.951,1.526,232010225792,深交所主板,正常上市
000652,泰达股份,3.45,2.68,,0.938,5034702172,深交所主板,正常上市
000655,金岭矿业,6.89,1.32,16.142,1.161,4101894185,深交所主板,正常上市
000656,金科股份,1.26,2.44,0.432,3.257,13341801856,深交所主板,正常上市
000659,珠海中富,2.72,1.12,,51.224,3497110854,深交所主板,正常上市
000661,长春高新,84.3,4.13,,1.543,34389133695,深交所主板,正常上市
000663,永安林业,5.65,2.36,,2.09,1902264199,深交所主板,正常上市
000665,湖北广电,3.85,1.05,,1.372,4378025556,深交所主板,正常上市
000668,荣丰控股,22.24,1.69,116.366,4.37,3265763634,深交所主板,正常上市
000669,ST金鸿,4.25,0.71,65.666,47.539,2891737387,深交所主板,ST风险警示
000670,盈方微,7.17,-0.42,,196.978,6065421900,深交所主板,正常上市
000672,上峰材料,13.69,0.07,22.508,1.46,13271023711,深交所主板,正常上市
000676,智度股份,6.49,1.72,57.065,1.91,8176032005,深交所主板,正常上市
000677,ST海龙,1.66,3.11,,2.793,1434203394,深交所主板,ST风险警示
000679,大连友谊,6.03,2.03,,14.86,2149092000,深交所主板,正常上市
000680,山推股份,10.39,0.19,11.809,2.337,15586481739,深交所主板,正常上市
000681,视觉中国,17.01,0.41,39.194,3.109,11916822186,深交所主板,正常上市
000682,东方电子,11.63,0.43,15.401,2.494,15592655091,深交所主板,正常上市
000683,博源化工,6.08,2.88,21.869,1.832,22598335885,深交所主板,正常上市
000685,中山公用,10.92,0.46,7.427,0.837,16027623940,深交所主板,正常上市
000686,东北证券,7.86,0.38,11.086,0.89,18395959912,深交所主板,正常上市
000688,国城矿业,30.76,-0.68,53.091,12.148,36452682637,深交所主板,正常上市
000690,宝新能源,4.75,0.85,9.988,0.79,10335467345,深交所主板,正常上市
000691,亚太实业,10.28,3.42,,10.961,4984823400,深交所主板,正常上市
000692,惠天热电,4.13,0.98,67.095,11.868,2200600191,深交所主板,正常上市
000697,炼石航空,8.1,0.12,,3.356,11308315230,深交所主板,正常上市
000698,ST沈化,3.51,0.29,642.416,1.968,2876495526,深交所主板,ST风险警示
000701,厦门信达,5.11,2.0,6.914,,3415079972,深交所主板,正常上市
000702,正虹科技,5.53,2.22,,5.781,1916835962,深交所主板,正常上市
000703,恒逸石化,20.1,5.35,12.947,2.576,76813399155,深交所主板,正常上市
000705,浙江震元,7.17,3.46,,1.232,2395663961,深交所主板,正常上市
000707,双环科技,4.62,1.09,,0.977,2701393432,深交所主板,正常上市
000708,中信特钢,14.04,0.0,11.7,1.589,70862107137,深交所主板,正常上市
000709,河钢股份,2.09,1.95,19.772,0.415,21604583082,深交所主板,正常上市
000710,贝瑞基因,9.37,9.98,,2.28,3312496127,深交所主板,正常上市
000711,ST京蓝,6.11,-0.33,,24.717,18045868033,深交所主板,ST风险警示
000712,锦龙股份,8.55,1.06,44.311,2.856,7660800000,深交所主板,正常上市
000713,国投丰乐,6.08,0.5,81.078,1.552,4853174402,深交所主板,正常上市
000715,中兴商业,5.17,0.58,24.413,1.373,2794046996,深交所主板,正常上市
000717,中南股份,2.22,2.78,,0.804,5380937210,深交所主板,正常上市
000718,苏宁环球,1.9,2.7,,0.63,5765809130,深交所主板,正常上市
000719,中原传媒,12.3,-1.6,9.141,1.017,12585406113,深交所主板,正常上市
000720,新能泰山,3.68,1.66,,2.458,4624036181,深交所主板,正常上市
000721,西安饮食,6.57,1.23,,36.318,3770617004,深交所主板,正常上市
000722,湖南发展,12.93,0.31,91.229,1.847,7387617396,深交所主板,正常上市
000725,京东方A,5.9,-1.83,36.732,1.606,218561535578,深交所主板,正常上市
000726,鲁泰A,5.98,1.87,9.072,0.499,4888803130,深交所主板,正常上市
000727,冠捷科技,2.18,1.4,,5.477,9874456016,深交所主板,正常上市
000728,国元证券,7.04,0.72,13.198,0.79,30720996353,深交所主板,正常上市
000729,燕京啤酒,12.26,1.07,19.428,2.195,34555292321,深交所主板,正常上市
000731,四川美丰,6.1,-0.33,,0.877,3347837990,深交所主板,正常上市
000733,振华科技,39.16,0.8,22.081,1.377,21701274918,深交所主板,正常上市
000735,罗牛山,5.98,1.87,,1.652,6886051196,深交所主板,正常上市
000737,北方铜业,14.06,1.59,25.886,3.602,26780313076,深交所主板,正常上市
000738,航发控制,17.68,-0.62,95.757,1.847,23252453138,深交所主板,正常上市
000739,普洛药业,21.94,-0.68,29.901,3.87,25416252057,深交所主板,正常上市
000750,国海证券,3.7,1.09,28.612,1.035,23628845565,深交所主板,正常上市
000751,锌业股份,4.93,1.02,70.25,2.156,7965058833,深交所主板,正常上市
000752,*ST西发,8.97,0.9,16.358,3.809,2365913664,深交所主板,*ST退市风险警示
000753,漳州发展,4.69,1.52,68.883,1.69,4650046223,深交所主板,正常上市
000755,山西高速,4.8,1.05,14.975,1.251,7043088941,深交所主板,正常上市
000756,新华制药,14.5,2.91,38.602,1.888,10101909808,深交所主板,正常上市
000757,浩物股份,4.29,1.9,47.769,1.423,2285352048,深交所主板,正常上市
000758,中色股份,5.95,1.02,24.272,1.9,11838989099,深交所主板,正常上市
000761,本钢板材,2.35,2.62,,1.63,9654716740,深交所主板,正常上市
000762,西藏矿业,22.18,0.05,255.796,3.865,11551770743,深交所主板,正常上市
000766,通化金马,16.86,4.92,511.893,7.025,16295100760,深交所主板,正常上市
000767,晋控电力,3.41,-2.01,60.784,1.734,10492372967,深交所主板,正常上市
000768,中航西飞,20.94,0.53,52.517,2.585,58225976227,深交所主板,正常上市
000776,广发证券,20.3,-0.44,10.149,1.153,158844363873,深交所主板,正常上市
000777,中核科技,16.75,1.39,40.808,2.614,6422244683,深交所主板,正常上市
000778,新兴铸管,3.7,0.0,14.556,0.55,14663774455,深交所主板,正常上市
000782,恒申新材,7.78,2.37,,3.391,5341604140,深交所主板,正常上市
000783,长江证券,8.54,0.12,11.236,1.282,47226822976,深交所主板,正常上市
000785,居然智家,2.25,2.74,,0.733,14010859832,深交所主板,正常上市
000786,北新建材,18.65,0.7,11.069,1.136,31746702183,深交所主板,正常上市
000788,北大医药,5.89,-0.17,54.646,2.358,3510365933,深交所主板,正常上市
000789,万年青,4.1,1.49,,0.507,3269422881,深交所主板,正常上市
000790,华神科技,4.2,3.19,,3.647,2619621329,深交所主板,正常上市
000791,甘肃能源,7.21,0.28,11.319,1.542,23388084540,深交所主板,正常上市
000792,盐湖股份,27.93,0.32,14.329,3.307,147793621070,深交所主板,正常上市
000793,ST华闻,2.15,0.47,,307.143,9446971011,深交所主板,ST风险警示
000795,英洛华,8.39,1.21,37.39,3.498,9365343490,深交所主板,正常上市
000796,凯撒旅业,3.85,3.22,174.692,6.797,6174587327,深交所主板,正常上市
000797,中国武夷,2.43,2.97,,0.824,3816932747,深交所主板,正常上市
000798,中水渔业,8.48,-0.35,42.121,7.66,3102481878,深交所主板,正常上市
000799,酒鬼酒,38.77,1.28,,3.34,12597496555,深交所主板,正常上市
000800,一汽解放,6.18,1.15,38.266,1.148,30413516426,深交所主板,正常上市
000801,四川九洲,11.0,0.36,64.955,3.589,11179572349,深交所主板,正常上市
000803,山高环能,7.31,3.98,74.469,2.288,3408624878,深交所主板,正常上市
000809,和展能源,3.44,1.78,,1.068,2837282048,深交所主板,正常上市
000810,创维数字,9.41,0.75,42.046,1.643,10823340398,深交所主板,正常上市
000811,冰轮环境,39.25,-0.28,66.264,5.963,38954760911,深交所主板,正常上市
000812,陕西金叶,3.59,1.7,,1.849,2715228961,深交所主板,正常上市
000813,德展健康,3.48,3.88,,1.586,7297927279,深交所主板,正常上市
000815,美利云,16.11,0.19,143.836,7.961,11200687494,深交所主板,正常上市
000816,智慧农业,2.79,1.09,,2.038,4037167157,深交所主板,正常上市
000818,航锦科技,11.96,-0.5,,3.603,7893600466,深交所主板,正常上市
000819,岳阳兴长,11.92,0.08,,2.101,4404493712,深交所主板,正常上市
000820,神雾节能,3.4,3.03,,25.564,2198287609,深交所主板,正常上市
000821,ST京机,6.86,0.88,33.908,1.024,4272920977,深交所主板,ST风险警示
000822,山东海化,4.35,1.4,,1.041,3893649878,深交所主板,正常上市
000823,超声电子,14.69,2.01,40.903,1.646,8739887643,深交所主板,正常上市
000825,太钢不锈,3.41,1.79,,0.594,19424204984,深交所主板,正常上市
000826,*ST启环,1.92,0.52,,,2736678236,深交所主板,*ST退市风险警示
000828,东莞控股,9.54,-1.85,11.785,0.956,9916992104,深交所主板,正常上市
000829,天音控股,8.21,2.88,,2.904,8416074596,深交所主板,正常上市
000830,鲁西化工,11.88,0.0,24.28,1.167,22623309851,深交所主板,正常上市
000833,粤桂股份,21.04,-0.94,29.158,4.061,16875809930,深交所主板,正常上市
000838,*ST发展,2.75,4.96,,,3026270968,深交所主板,*ST退市风险警示
000839,国安股份,2.7,1.12,120.92,6.815,10583531150,深交所主板,正常上市
000848,承德露露,8.43,0.84,12.899,2.666,8598600624,深交所主板,正常上市
000850,华茂股份,4.19,3.71,80.05,0.883,3953956388,深交所主板,正常上市
000856,冀东装备,8.28,3.37,153.671,4.493,1879560000,深交所主板,正常上市
000858,五粮液,72.09,0.28,22.207,2.186,279825121080,深交所主板,正常上市
000859,国风新材,8.83,-0.67,,2.944,7911470473,深交所主板,正常上市
000860,顺鑫农业,10.46,0.77,,1.13,7758882705,深交所主板,正常上市
000862,银星能源,5.12,0.39,171.692,1.081,4699928044,深交所主板,正常上市
000863,三湘印象,4.09,3.81,,1.109,4829061200,深交所主板,正常上市
000868,安凯客车,3.48,2.05,,4.071,3269511278,深交所主板,正常上市
000869,张裕A,17.35,2.6,188.415,1.087,11403116221,深交所主板,正常上市
000875,电投绿能,4.96,0.2,108.468,1.024,17991262305,深交所主板,正常上市
000876,新希望,7.03,1.15,,1.68,31654511238,深交所主板,正常上市
000877,天山股份,3.69,2.22,,0.355,26237714351,深交所主板,正常上市
000878,云南铜业,16.09,0.94,28.881,2.117,39021211204,深交所主板,正常上市
000880,潍柴重机,23.51,-1.67,41.352,5.053,10905086228,深交所主板,正常上市
000881,中广核技,6.48,1.41,,1.231,6126359281,深交所主板,正常上市
000882,华联股份,1.45,2.11,,0.606,3969160323,深交所主板,正常上市
000883,湖北能源,4.45,0.23,15.299,0.834,31503274954,深交所主板,正常上市
000885,城发环境,13.02,0.85,6.545,0.854,8359858880,深交所主板,正常上市
000886,海南高速,4.55,2.02,31.081,1.416,4499168765,深交所主板,正常上市
000887,中鼎股份,22.15,6.03,19.326,1.99,29160247896,深交所主板,正常上市
000888,峨眉山A,9.86,3.46,23.579,1.907,5195363186,深交所主板,正常上市
000889,中嘉博创,3.82,2.69,,51.482,3576632063,深交所主板,正常上市
000890,法尔胜,7.11,0.99,,152.575,2982673212,深交所主板,正常上市
000892,欢瑞世纪,3.76,1.35,,6.105,3688486578,深交所主板,正常上市
000893,亚钾国际,47.82,-0.83,24.27,3.18,44188127762,深交所主板,正常上市
000895,双汇发展,25.08,-0.2,16.522,3.835,86893703222,深交所主板,正常上市
000897,津滨发展,1.79,3.47,,0.962,2894917299,深交所主板,正常上市
000898,鞍钢股份,2.0,1.52,,0.441,18738442516,深交所主板,正常上市
000899,赣能股份,10.05,0.2,9.654,1.473,9805561488,深交所主板,正常上市
000900,现代投资,3.67,0.82,14.123,0.498,5570429986,深交所主板,正常上市
000901,航天科技,13.6,-1.23,122.076,2.556,10855539122,深交所主板,正常上市
000902,新洋丰,13.69,2.32,10.591,1.372,17177312047,深交所主板,正常上市
000903,ST云动,1.79,0.56,,5.631,3463371494,深交所主板,ST风险警示
000905,厦门港务,8.51,0.35,63.965,1.431,13125040340,深交所主板,正常上市
000906,浙商中拓,5.33,1.91,17.408,0.764,3782504744,深交所主板,正常上市
000908,石药景峰,7.0,2.79,,5.901,12316840914,深交所主板,正常上市
000909,*ST数源,4.28,0.71,,3.098,1873416969,深交所主板,*ST退市风险警示
000910,大亚圣象,5.38,2.28,,0.449,2944998550,深交所主板,正常上市
000911,*ST广糖,5.18,3.6,,,2073656657,深交所主板,*ST退市风险警示
000912,泸天化,3.73,1.36,,0.922,5848640000,深交所主板,正常上市
000913,钱江摩托,11.36,0.62,7.023,1.123,5980028960,深交所主板,正常上市
000915,华特达因,26.2,1.51,13.251,2.066,6139484907,深交所主板,正常上市
000917,电广传媒,6.86,-0.87,235.162,0.945,9724436479,深交所主板,正常上市
000919,金陵药业,7.05,2.17,74.396,1.152,4384567922,深交所主板,正常上市
000920,沃顿科技,11.09,-0.54,23.803,2.606,5241368199,深交所主板,正常上市
000921,海信家电,25.63,-0.39,12.823,2.033,35493991813,深交所主板,正常上市
000922,佳电股份,11.83,2.07,35.308,2.103,9866009237,深交所主板,正常上市
000923,河钢资源,15.25,0.46,21.452,0.991,9954116655,深交所主板,正常上市
000925,众合科技,7.85,0.51,,1.649,5309503385,深交所主板,正常上市
000926,福星股份,2.28,8.57,,0.694,3631959685,深交所主板,正常上市
000927,中国铁物,2.43,0.83,29.376,1.493,14702359348,深交所主板,正常上市
000928,中钢国际,4.97,0.81,16.27,0.83,7130183766,深交所主板,正常上市
000929,兰州黄河,8.94,3.35,,4.762,1660748040,深交所主板,正常上市
000930,中粮科技,4.85,-0.21,,0.865,9003745621,深交所主板,正常上市
000931,中关村,4.63,9.98,219.659,2.153,3486977927,深交所主板,正常上市
000932,华菱钢铁,3.59,0.28,10.952,0.441,24600866884,深交所主板,正常上市
000933,神火股份,25.25,-2.25,8.251,2.052,56787361075,深交所主板,正常上市
000935,四川双马,23.26,3.7,73.829,2.267,17757622146,深交所主板,正常上市
000936,华西股份,5.52,-0.36,275.31,0.958,4890791136,深交所主板,正常上市
000937,冀中能源,4.69,1.3,44.999,0.944,18229568199,深交所主板,正常上市
000938,紫光股份,35.66,0.93,47.998,6.568,101990448307,深交所主板,正常上市
000948,南天信息,13.74,0.81,124.946,1.977,5357071755,深交所主板,正常上市
000949,新乡化纤,6.64,4.73,38.421,1.616,11001815482,深交所主板,正常上市
000950,重药控股,5.77,1.94,22.866,0.852,9882729614,深交所主板,正常上市
000951,中国重汽,21.93,2.96,14.163,1.549,25636059275,深交所主板,正常上市
000952,广济药业,6.56,4.96,,3.648,2256639600,深交所主板,正常上市
000953,中哲精化,6.24,2.63,373.505,14.801,2284602497,深交所主板,正常上市
000955,欣龙控股,4.22,0.48,,3.518,2272026900,深交所主板,正常上市
000957,中通客车,10.35,0.98,16.038,1.901,6136555738,深交所主板,正常上市
000958,电投产融,5.28,0.38,29.338,1.923,96711251752,深交所主板,正常上市
000959,首钢股份,3.5,1.16,32.303,0.54,27142385795,深交所主板,正常上市
000960,锡业股份,36.95,2.1,25.249,2.832,60798710626,深交所主板,正常上市
000962,东方钽业,51.8,1.67,106.671,6.824,27318551288,深交所主板,正常上市
000963,华东医药,29.92,4.98,14.984,2.039,52471806492,深交所主板,正常上市
000965,天保基建,3.21,3.22,,0.647,3562557173,深交所主板,正常上市
000966,长源电力,3.96,-1.25,1152.968,1.018,13784898663,深交所主板,正常上市
000967,盈峰环境,8.2,-1.8,47.214,1.51,27545348332,深交所主板,正常上市
000968,蓝焰控股,6.98,0.43,22.666,1.056,6753168567,深交所主板,正常上市
000969,安泰科技,16.46,-0.48,45.32,2.939,17291549275,深交所主板,正常上市
000970,中科三环,12.41,-0.96,160.119,2.309,15087156843,深交所主板,正常上市
000972,中基健康,3.6,-0.28,,428.571,2776620884,深交所主板,正常上市
000973,佛塑科技,14.4,4.5,54.915,3.868,35398609430,深交所主板,正常上市
000975,山金国际,27.9,4.1,20.397,4.859,77353515464,深交所主板,正常上市
000977,浪潮信息,75.08,3.03,43.151,4.944,110253227257,深交所主板,正常上市
000978,桂林旅游,6.14,2.5,234.035,2.683,2874318200,深交所主板,正常上市
000980,众泰汽车,1.62,2.53,,249.231,8168927337,深交所主板,正常上市
000981,山子高科,2.62,0.77,21.909,8.452,26193373727,深交所主板,正常上市
000983,山西焦煤,6.99,1.9,29.89,1.072,39682936402,深交所主板,正常上市
000985,大庆华科,15.97,0.88,347.656,3.384,2070342815,深交所主板,正常上市
000987,越秀资本,7.41,0.54,8.936,1.117,37176951543,深交所主板,正常上市
000988,华工科技,104.18,1.79,61.643,8.963,104753272015,深交所主板,正常上市
000989,九芝堂,9.52,3.03,24.767,2.215,8148567954,深交所主板,正常上市
000990,诚志股份,6.57,2.82,58.0,0.62,11177754847,深交所主板,正常上市
000993,闽东电力,9.76,1.35,218.54,1.755,4469606201,深交所主板,正常上市
000995,皇台酒业,10.58,0.57,320.203,11.356,1876976640,深交所主板,正常上市
000997,新大陆,18.13,3.78,18.723,2.437,18367465199,深交所主板,正常上市
000999,华润三九,25.06,1.83,12.925,1.794,41705299521,深交所主板,正常上市
001201,东瑞股份,12.0,2.48,,1.019,3093408012,深交所主板,正常上市
001202,炬申股份,13.62,2.33,30.912,2.645,2270332918,深交所主板,正常上市
001203,大中矿业,26.45,0.15,62.144,5.633,40549977506,深交所主板,正常上市
001205,盛航股份,14.41,1.48,21.33,1.248,2709131011,深交所主板,正常上市
001206,依依股份,16.95,2.98,20.011,1.681,3133950046,深交所主板,正常上市
001207,联科科技,16.95,0.47,17.406,2.128,5138184761,深交所主板,正常上市
001209,洪兴股份,17.52,2.16,100.668,1.757,2304278054,深交所主板,正常上市
001210,金房能源,29.76,10.02,47.644,4.431,6533443321,深交所主板,正常上市
001211,双枪科技,23.87,5.62,,2.765,2387000000,深交所主板,正常上市
001212,中旗新材,33.69,2.15,,3.526,6770329733,深交所主板,正常上市
001213,中铁特货,3.52,1.44,41.759,0.812,15644444443,深交所主板,正常上市
001215,千味央厨,31.66,1.15,47.523,1.655,3076099720,深交所主板,正常上市
001216,华瓷股份,14.53,1.68,19.837,1.65,4242154651,深交所主板,正常上市
001217,华尔泰,9.96,0.91,,1.518,3305425200,深交所主板,正常上市
001218,丽臣实业,24.32,-0.9,12.497,1.303,3265160883,深交所主板,正常上市
001219,青岛食品,12.7,0.32,21.984,2.268,2476293625,深交所主板,正常上市
001220,世盟股份,31.14,0.45,23.284,1.84,2873910600,深交所主板,正常上市
001221,悍高集团,43.59,4.06,23.873,5.735,17436435900,深交所主板,正常上市
001222,源飞宠物,14.77,2.14,24.905,1.98,2819445300,深交所主板,正常上市
001223,欧克科技,40.79,3.14,171.443,2.766,5330959312,深交所主板,正常上市
001225,和泰机电,46.57,8.55,100.915,2.199,3053632156,深交所主板,正常上市
001226,拓山重工,46.24,4.19,150.682,4.645,3452588208,深交所主板,正常上市
001227,兰州银行,2.13,0.0,6.6,0.394,12131834968,深交所主板,正常上市
001228,永泰运,27.16,3.59,27.135,1.634,2820962780,深交所主板,正常上市
001229,魅视科技,47.0,1.47,114.387,6.658,6741308700,深交所主板,正常上市
001230,劲旅环境,21.62,1.31,23.487,2.01,4059727476,深交所主板,正常上市
001231,农心科技,21.37,1.47,31.522,2.087,2130153800,深交所主板,正常上市
001232,嘉立创,149.91,-1.15,58.052,6.931,83283999600,深交所主板,正常上市
001234,泰慕士,22.75,1.34,61.602,2.636,2470413400,深交所主板,正常上市
001236,弘业期货,7.47,2.05,492.078,4.019,7528100002,深交所主板,正常上市
001237,惠康科技,52.38,-0.04,19.717,2.361,7770647903,深交所主板,正常上市
001238,浙江正特,25.3,2.6,102.734,3.365,3925244400,深交所主板,正常上市
001239,永达股份,12.08,2.37,91.023,2.136,2899200000,深交所主板,正常上市
001248,华润新能源,12.24,-0.16,30.347,1.395,163056541406,深交所主板,正常上市
001255,博菲电气,25.8,1.61,205.946,2.493,2244811147,深交所主板,正常上市
001256,炜冈科技,23.35,2.91,23.051,2.539,3330003229,深交所主板,正常上市
001257,盛龙股份,24.15,0.37,49.385,6.124,44338212231,深交所主板,正常上市
001258,立新能源,12.31,2.41,77.032,3.718,11489333342,深交所主板,正常上市
001259,利仁科技,46.02,1.84,272.015,4.66,3386560626,深交所主板,正常上市
001266,宏英智能,33.75,1.66,71.357,3.546,3498243593,深交所主板,正常上市
001267,汇绿生态,37.01,1.04,374.115,17.884,29052976870,深交所主板,正常上市
001268,联合精密,20.12,2.08,94.834,2.978,3032137660,深交所主板,正常上市
001269,欧晶科技,18.99,0.64,,5.422,3653910830,深交所主板,正常上市
001277,速达股份,36.27,10.01,30.655,1.754,2756520000,深交所主板,正常上市
001278,一彬科技,15.99,2.3,,1.675,1978497066,深交所主板,正常上市
001279,强邦新材,25.31,2.97,102.938,3.976,4049600000,深交所主板,正常上市
001280,中国铀业,67.55,-0.44,81.256,8.205,139705681806,深交所主板,正常上市
001282,三联锻造,15.8,1.94,32.76,2.124,3510532480,深交所主板,正常上市
001283,豪鹏科技,43.45,3.18,26.663,1.582,5634601214,深交所主板,正常上市
001285,瑞立科密,40.09,0.58,20.664,1.862,7237456480,深交所主板,正常上市
001286,陕西能源,10.56,-2.13,12.397,1.44,39600000000,深交所主板,正常上市
001287,中电港,23.15,0.61,49.126,3.177,17591687246,深交所主板,正常上市
001288,运机集团,24.01,-0.79,26.947,2.414,5612670111,深交所主板,正常上市
001289,龙源电力,15.63,0.71,30.784,1.704,130663926643,深交所主板,正常上市
001296,长江材料,19.48,2.53,27.667,1.599,2914034355,深交所主板,正常上市
001298,好上好,17.49,2.34,64.307,4.49,7564670332,深交所主板,正常上市
001299,美能能源,9.91,0.81,30.035,2.507,3113872503,深交所主板,正常上市
001300,三柏硕,11.19,2.57,,2.834,2727852478,深交所主板,正常上市
001301,尚太科技,64.18,2.97,27.013,3.253,23401065791,深交所主板,正常上市
001306,夏厦精密,53.3,2.21,,2.609,3354035750,深交所主板,正常上市
001308,康冠科技,17.96,1.7,28.345,1.567,12645479586,深交所主板,正常上市
001309,德明利,398.1,1.09,22.007,13.635,90306146547,深交所主板,正常上市
001311,多利科技,17.86,0.34,29.36,1.505,7209405713,深交所主板,正常上市
001312,福恩股份,17.52,0.69,18.142,1.74,4088000012,深交所主板,正常上市
001313,粤海饲料,7.91,-0.13,103.068,2.16,5537000000,深交所主板,正常上市
001314,亿道信息,53.7,-1.74,69.709,3.628,7657297800,深交所主板,正常上市
001316,润贝航科,26.04,1.32,19.942,3.077,4196647752,深交所主板,正常上市
001317,三羊马,53.78,3.96,,4.532,4601728616,深交所主板,正常上市
001318,阳光乳业,11.25,-0.27,31.333,2.151,3179925000,深交所主板,正常上市
001319,铭科精技,19.37,0.16,19.651,1.943,2738918000,深交所主板,正常上市
001322,箭牌家居,6.22,4.36,109.89,1.287,6006111616,深交所主板,正常上市
001324,长青科技,18.9,5.47,62.141,2.263,2608200000,深交所主板,正常上市
001325,元创股份,37.8,1.45,18.743,1.624,2963520000,深交所主板,正常上市
001326,联域股份,61.0,2.06,155.932,3.612,4465200000,深交所主板,正常上市
001328,登康口腔,29.3,2.27,26.591,3.206,5044692340,深交所主板,正常上市
001330,博纳影业,4.8,3.23,,1.736,6597691123,深交所主板,正常上市
001331,胜通能源,44.63,-1.09,,12.42,18264738240,深交所主板,正常上市
001332,锡装股份,30.73,1.39,17.462,1.788,4753500780,深交所主板,正常上市
001333,光华股份,22.19,10.01,24.726,1.6,2840320000,深交所主板,正常上市
001335,信凯科技,31.68,1.47,37.812,2.994,2969669261,深交所主板,正常上市
001336,楚环科技,18.57,2.03,42.897,2.369,1940296664,深交所主板,正常上市
001337,四川黄金,48.57,2.3,32.102,9.703,20399400000,深交所主板,正常上市
001339,智微智能,78.76,-0.27,56.276,9.504,25757099548,深交所主板,正常上市
001356,富岭股份,9.15,0.44,75.626,2.648,5392278000,深交所主板,正常上市
001358,兴欣新材,25.71,-0.81,60.523,2.175,3167472000,深交所主板,正常上市
001359,平安电工,93.63,5.32,97.708,10.938,22579259694,深交所主板,正常上市
001360,南矿集团,18.11,10.02,83.314,2.582,3694440000,深交所主板,正常上市
001365,天海电子,35.36,0.17,28.318,2.55,18564000000,深交所主板,正常上市
001367,海森药业,19.97,3.31,22.777,1.994,3042453464,深交所主板,正常上市
001368,通达创智,24.35,6.7,26.909,1.957,2754475993,深交所主板,正常上市
001369,双欣材料,12.33,0.08,26.252,2.003,14142510000,深交所主板,正常上市
001373,翔腾新材,28.35,3.58,,2.308,1947273275,深交所主板,正常上市
001376,百通能源,10.34,0.19,24.798,3.727,4765706000,深交所主板,正常上市
001378,德冠新材,20.08,2.4,32.738,1.856,3480540294,深交所主板,正常上市
001379,腾达科技,16.51,2.42,45.151,2.188,3302000000,深交所主板,正常上市
001380,华纬科技,16.51,1.35,17.679,2.274,4471802974,深交所主板,正常上市
001382,新亚电缆,16.89,1.02,72.596,4.243,6958680000,深交所主板,正常上市
001386,马可波罗,15.55,0.45,15.851,1.52,18581006000,深交所主板,正常上市
001387,雪祺电气,12.15,1.59,24.663,1.684,2223819360,深交所主板,正常上市
001388,信通电子,21.47,1.04,42.837,3.466,5018956020,深交所主板,正常上市
001389,广合科技,152.87,0.56,48.833,9.111,72263049901,深交所主板,正常上市
001390,古麒绒材,17.55,-0.9,20.303,2.094,3510000000,深交所主板,正常上市
001391,国货航,4.13,1.98,20.349,1.846,50422679459,深交所主板,正常上市
001393,维通利,42.25,0.93,35.341,2.846,10534333362,深交所主板,正常上市
001395,亚联机械,29.21,0.69,18.774,2.659,3312764520,深交所主板,正常上市
001396,誉帆科技,33.2,0.51,27.641,2.481,3549160211,深交所主板,正常上市
001399,惠科股份,23.03,-1.29,45.071,4.931,170590170495,深交所主板,正常上市
001696,宗申动力,15.39,1.38,28.849,3.171,17621964299,深交所主板,正常上市
001872,招商港口,22.89,1.69,12.212,0.866,56816374244,深交所主板,正常上市
001896,豫能控股,11.82,-1.42,48.048,5.061,18034735321,深交所主板,正常上市
001914,招商积余,8.89,1.14,14.015,0.855,9367569538,深交所主板,正常上市
001965,招商公路,9.17,-0.76,13.458,0.889,62311021077,深交所主板,正常上市
001979,招商蛇口,7.64,1.6,111.557,0.706,68882485786,深交所主板,正常上市
002003,伟星股份,10.52,2.24,19.624,2.676,12507119150,深交所主板,正常上市
002004,华邦健康,4.56,2.47,14.018,0.894,9028431511,深交所主板,正常上市
002005,德豪润达,2.4,0.84,98.827,12.645,4205819659,深交所主板,正常上市
002006,精工科技,13.26,1.45,35.146,2.787,6891002653,深交所主板,正常上市
002007,华兰生物,13.54,3.83,28.824,2.111,24719855950,深交所主板,正常上市
002008,大族激光,91.56,3.81,68.298,4.561,94270488036,深交所主板,正常上市
002009,天奇股份,16.48,0.98,179.208,3.228,6628803251,深交所主板,正常上市
002010,传化智联,4.67,0.86,19.588,0.711,12908024340,深交所主板,正常上市
002011,盾安环境,9.9,0.3,10.069,1.559,10637325656,深交所主板,正常上市
002012,凯恩股份,6.61,0.46,100.452,1.98,3091004357,深交所主板,正常上市
002014,永新股份,10.95,2.34,15.28,2.688,6706785933,深交所主板,正常上市
002015,协鑫能科,14.03,0.07,51.947,1.884,22775244334,深交所主板,正常上市
002016,世荣兆业,4.61,3.83,24.555,0.756,3729930864,深交所主板,正常上市
002017,东信和平,13.21,3.28,46.297,4.103,7667505518,深交所主板,正常上市
002019,亿帆医药,10.71,5.31,36.626,1.464,13027537810,深交所主板,正常上市
002020,京新药业,13.85,2.82,15.693,1.957,11925253589,深交所主板,正常上市
002021,中捷资源,2.64,1.93,,5.15,3156060133,深交所主板,正常上市
002022,科华生物,5.8,5.45,,1.177,2983503609,深交所主板,正常上市
002023,海特高新,10.18,0.89,,2.026,7541957192,深交所主板,正常上市
002024,ST易购,1.18,0.85,158.246,0.887,10932425789,深交所主板,ST风险警示
002026,山东威达,10.4,1.56,17.825,1.186,4581532166,深交所主板,正常上市
002027,分众传媒,4.97,-0.2,21.052,5.131,71777732638,深交所主板,正常上市
002028,思源电气,173.63,1.54,40.913,8.258,135878198954,深交所主板,正常上市
002029,七匹狼,8.75,3.06,26.48,0.908,6168955949,深交所主板,正常上市
002030,达安基因,5.97,9.94,,1.19,8378572811,深交所主板,正常上市
002032,苏泊尔,41.37,0.95,15.719,4.886,33089718214,深交所主板,正常上市
002033,丽江股份,8.96,1.93,19.56,1.97,4923436771,深交所主板,正常上市
002034,旺能环境,13.83,0.95,9.902,0.823,7145977637,深交所主板,正常上市
002035,华帝股份,4.89,-1.41,14.013,1.077,4145026192,深交所主板,正常上市
002036,联创电子,6.66,1.37,,10.472,7043603053,深交所主板,正常上市
002037,保利联合,6.78,1.35,,3.194,3280730577,深交所主板,正常上市
002038,双鹭药业,6.44,10.09,,1.298,6616134000,深交所主板,正常上市
002039,黔源电力,19.02,-0.16,12.756,1.793,8132155557,深交所主板,正常上市
002040,南京港,9.12,0.66,22.624,1.282,4433008058,深交所主板,正常上市
002041,登海种业,10.18,2.83,88.879,2.425,8958400000,深交所主板,正常上市
002042,华孚时尚,3.77,2.17,86.984,1.085,6411568708,深交所主板,正常上市
002043,兔宝宝,13.6,4.86,16.553,3.43,11284660928,深交所主板,正常上市
002044,美年健康,4.81,3.66,61.603,2.385,18827561370,深交所主板,正常上市
002045,国光电器,8.28,3.5,,1.1,4657360333,深交所主板,正常上市
002046,国机精工,48.0,0.25,158.11,5.901,25737160992,深交所主板,正常上市
002047,宝鹰股份,3.14,0.96,71.903,117.164,4761020896,深交所主板,正常上市
002048,宁波华翔,19.0,1.77,35.463,1.289,15431825118,深交所主板,正常上市
002049,紫光国微,62.81,0.87,34.327,3.769,52963507190,深交所主板,正常上市
002050,三花智控,36.14,-1.77,37.209,4.661,152077623611,深交所主板,正常上市
002051,中工国际,8.33,0.97,38.195,0.89,10216604598,深交所主板,正常上市
002052,同洲电子,8.35,1.83,102.991,22.555,6282871445,深交所主板,正常上市
002053,云南能投,9.17,-1.61,38.158,1.107,8443089185,深交所主板,正常上市
002054,德美化工,7.23,0.84,26.09,1.332,3485694718,深交所主板,正常上市
002055,ST得润,5.87,3.71,,2.618,3548356400,深交所主板,ST风险警示
002056,横店东磁,21.48,0.85,19.636,3.294,34941775350,深交所主板,正常上市
002057,中钢天源,8.53,0.71,35.843,1.971,6430628012,深交所主板,正常上市
002058,威尔泰,16.16,3.0,10.928,36.594,2318125045,深交所主板,正常上市
002059,云南旅游,4.49,2.75,,4.297,4545832310,深交所主板,正常上市
002060,广东建工,3.25,1.25,11.329,0.842,12201778037,深交所主板,正常上市
002061,浙江交科,3.51,0.86,9.65,0.585,9277463471,深交所主板,正常上市
002062,宏润建设,7.83,3.3,37.003,1.95,9687831061,深交所主板,正常上市
002063,远光软件,5.33,1.14,33.863,2.558,10209470115,深交所主板,正常上市
002064,华峰化学,11.81,3.6,20.513,2.037,58607643424,深交所主板,正常上市
002065,东华软件,6.9,0.15,45.697,1.786,22117828388,深交所主板,正常上市
002066,瑞泰科技,21.48,0.14,,8.11,5045802360,深交所主板,正常上市
002068,黑猫股份,7.62,-1.68,,2.403,5603330394,深交所主板,正常上市
002069,獐子岛,3.47,0.87,,89.896,2467559313,深交所主板,正常上市
002072,凯瑞德,7.26,0.41,,11.551,2669356800,深交所主板,正常上市
002073,软控股份,5.7,3.64,16.334,0.916,5838985112,深交所主板,正常上市
002074,国轩高科,26.42,0.57,20.812,1.657,47945043536,深交所主板,正常上市
002075,沙钢股份,3.65,1.96,32.013,1.21,8007462874,深交所主板,正常上市
002076,星光股份,2.07,1.47,,7.541,2295887696,深交所主板,正常上市
002077,大港股份,12.27,-0.41,93.809,2.104,7120876255,深交所主板,正常上市
002078,太阳纸业,14.04,1.15,12.251,1.256,40072759071,深交所主板,正常上市
002079,苏州固锝,9.54,0.63,70.966,2.128,8666980509,深交所主板,正常上市
002080,中材科技,53.59,-0.92,44.371,4.406,89930642867,深交所主板,正常上市
002081,金螳螂,5.55,-1.6,36.324,1.058,14737046474,深交所主板,正常上市
002082,ST万邦,9.97,2.26,,2.335,6098539878,深交所主板,ST风险警示
002084,海鸥住工,3.59,0.0,,1.791,2319341184,深交所主板,正常上市
002085,万丰奥威,10.23,1.09,22.74,2.844,21721333630,深交所主板,正常上市
002086,东方海洋,2.01,2.03,,3.105,3937482465,深交所主板,正常上市
002088,鲁阳节能,8.21,0.37,,1.664,4182503927,深交所主板,正常上市
002090,金智科技,9.13,1.44,50.383,2.334,3657268658,深交所主板,正常上市
002091,江苏国泰,7.78,0.78,10.024,0.791,12663721771,深交所主板,正常上市
002092,中泰化学,4.45,1.6,,0.534,11525586851,深交所主板,正常上市
002093,国脉科技,6.63,2.0,100.342,1.739,6679725000,深交所主板,正常上市
002094,青岛金王,4.65,2.42,158.735,2.176,3212673603,深交所主板,正常上市
002095,生意宝,14.23,2.45,,4.103,3596205600,深交所主板,正常上市
002096,易普力,9.28,-0.85,15.663,1.417,11511290346,深交所主板,正常上市
002097,山河智能,7.1,0.71,109.21,1.629,7629782574,深交所主板,正常上市
002098,浔兴股份,7.1,-0.84,13.808,1.671,2541800000,深交所主板,正常上市
002099,海翔药业,5.48,5.59,,1.795,8870559586,深交所主板,正常上市
002100,天康生物,7.17,1.13,,1.427,9788853363,深交所主板,正常上市
002101,广东鸿图,8.61,0.7,18.403,0.718,5706906125,深交所主板,正常上市
002102,ST能特,2.19,0.0,112.754,1.749,5421622670,深交所主板,ST风险警示
002103,广博股份,6.58,2.17,22.683,2.798,3515516031,深交所主板,正常上市
002104,恒宝股份,10.01,6.49,508.715,3.322,7090585042,深交所主板,正常上市
002105,信隆健康,5.86,3.17,,2.687,2146177827,深交所主板,正常上市
002106,莱宝高科,10.21,0.39,35.158,1.283,7206382994,深交所主板,正常上市
002107,沃华医药,6.48,4.18,31.536,5.289,3740318208,深交所主板,正常上市
002108,沧州明珠,4.28,1.42,47.198,1.4,7056000322,深交所主板,正常上市
002109,ST兴化,2.62,-0.38,,0.853,3343827010,深交所主板,ST风险警示
002110,三钢闽光,2.94,1.73,,0.369,7141484107,深交所主板,正常上市
002111,威海广泰,9.42,1.07,30.491,1.623,5011544110,深交所主板,正常上市
002112,三变科技,15.85,-0.06,287.074,5.388,4661980820,深交所主板,正常上市
002114,罗平锌电,7.19,0.98,,3.217,2325211970,深交所主板,正常上市
002115,三维通信,10.43,-0.95,242.734,4.05,8396539373,深交所主板,正常上市
002116,中国海诚,7.12,2.15,11.84,1.413,3979744349,深交所主板,正常上市
002117,东港股份,7.87,1.42,27.324,2.782,4121683916,深交所主板,正常上市
002119,康强电子,23.34,-2.18,72.809,6.088,8759128560,深交所主板,正常上市
002120,韵达股份,6.67,0.6,14.46,0.909,19337672844,深交所主板,正常上市
002121,科陆电子,4.89,0.2,,22.958,8178772473,深交所主板,正常上市
002122,ST汇洲,2.75,4.56,145.636,2.522,5504126581,深交所主板,ST风险警示
002123,梦网科技,7.84,1.03,,4.15,6314513106,深交所主板,正常上市
002124,天邦食品,2.34,0.43,,3.135,5199325167,深交所主板,正常上市
002125,湘潭电化,12.68,1.04,29.844,2.346,7982350385,深交所主板,正常上市
002126,银轮股份,39.96,-0.5,35.288,4.523,33838976870,深交所主板,正常上市
002127,南极电商,2.86,2.14,,1.864,7020929353,深交所主板,正常上市
002128,电投能源,26.92,-1.07,14.36,1.566,84164762671,深交所主板,正常上市
002130,沃尔核材,16.28,1.12,20.262,2.491,22790166253,深交所主板,正常上市
002131,利欧股份,4.6,-0.65,,2.414,31150182034,深交所主板,正常上市
002132,恒星科技,4.46,1.83,89.614,1.768,6250889353,深交所主板,正常上市
002133,广宇集团,2.73,2.63,29.246,0.729,2113413598,深交所主板,正常上市
002134,天津普林,21.13,-0.09,330.387,10.169,5236390029,深交所主板,正常上市
002135,东南网架,5.86,1.03,376.967,1.054,6536963901,深交所主板,正常上市
002136,安纳达,11.87,1.45,,2.343,2552287400,深交所主板,正常上市
002137,实益达,7.6,-1.04,73.547,2.874,4389036890,深交所主板,正常上市
002138,顺络电子,48.41,2.11,39.739,5.946,39033871517,深交所主板,正常上市
002140,东华科技,9.07,1.91,11.58,1.316,6421685819,深交所主板,正常上市
002142,宁波银行,34.18,3.64,7.252,0.93,225710733271,深交所主板,正常上市
002144,宏达高科,10.9,2.16,51.048,0.898,1926711555,深交所主板,正常上市
002145,钛能化学,4.31,0.0,31.713,1.24,16406757109,深交所主板,正常上市
002146,荣盛发展,1.16,2.65,,0.995,5043870067,深交所主板,正常上市
002148,北纬科技,6.26,0.16,1519.284,2.848,3497783326,深交所主板,正常上市
002149,西部材料,36.71,-2.13,222.895,4.813,17922345999,深交所主板,正常上市
002150,正泰电源,22.28,0.0,31.861,3.71,8040156931,深交所主板,正常上市
002151,北斗星通,27.95,-0.96,,3.138,15174360018,深交所主板,正常上市
002152,广电运通,9.46,1.72,27.753,1.848,23492802215,深交所主板,正常上市
002153,石基信息,7.72,0.13,,3.148,21069376453,深交所主板,正常上市
002154,报喜鸟,4.2,-0.47,14.062,1.309,6129201662,深交所主板,正常上市
002155,湖南黄金,24.56,0.0,21.915,4.405,38378716321,深交所主板,正常上市
002156,通富微电,63.15,-0.69,66.26,6.12,95836244993,深交所主板,正常上市
002157,正邦科技,2.96,-0.67,,2.621,27380481263,深交所主板,正常上市
002158,汉钟精机,26.23,0.19,29.677,3.144,14025814166,深交所主板,正常上市
002159,三特索道,13.48,2.2,17.855,1.615,2390021861,深交所主板,正常上市
002160,常铝股份,3.9,0.52,59.592,1.068,4027846551,深交所主板,正常上市
002161,远望谷,5.75,1.41,3258.471,2.797,4253605050,深交所主板,正常上市
002162,悦心健康,4.07,2.26,363.763,4.519,3743182928,深交所主板,正常上市
002163,海南发展,8.11,1.63,,11.526,6852608301,深交所主板,正常上市
002164,宁波东力,11.13,0.72,27.097,3.844,5923093159,深交所主板,正常上市
002165,红宝丽,7.79,5.13,,2.865,5727752030,深交所主板,正常上市
002166,莱茵生物,6.94,3.74,33.238,1.614,5146769410,深交所主板,正常上市
002168,ST惠程,3.82,1.6,,267.133,2995504066,深交所主板,ST风险警示
002169,智光电气,12.75,0.79,51.085,3.569,9979477199,深交所主板,正常上市
002170,芭田股份,11.21,-0.44,10.724,2.686,10878141480,深交所主板,正常上市
002171,楚江新材,9.52,0.11,39.453,1.735,15450368541,深交所主板,正常上市
002172,澳洋健康,4.44,9.9,100.29,16.992,3399851678,深交所主板,正常上市
002173,创新医疗,19.06,2.75,,5.095,8410879749,深交所主板,正常上市
002174,游族网络,12.3,2.07,,2.656,12051674894,深交所主板,正常上市
002175,*ST东智,2.62,2.75,,4.322,3345165505,深交所主板,*ST退市风险警示
002176,江特电机,8.84,-0.9,,5.102,15047895136,深交所主板,正常上市
002177,御银股份,5.51,3.57,290.032,2.442,4194164030,深交所主板,正常上市
002178,延华智能,4.48,1.82,383.597,7.383,3190445444,深交所主板,正常上市
002179,中航光电,34.19,-0.55,37.401,2.934,71807420894,深交所主板,正常上市
002180,奔图科技,17.82,0.68,,2.777,25337882408,深交所主板,正常上市
002181,粤传媒,8.34,0.12,132.605,2.277,9683225171,深交所主板,正常上市
002182,宝武镁业,11.76,0.34,,2.208,11663468663,深交所主板,正常上市
002183,怡亚通,4.38,2.82,,1.255,11374899819,深交所主板,正常上市
002184,海得控制,10.07,4.03,,2.787,3543717286,深交所主板,正常上市
002185,华天科技,17.35,-0.06,70.679,3.163,57661399738,深交所主板,正常上市
002186,全聚德,9.47,1.28,281.694,3.406,2906547438,深交所主板,正常上市
002187,广百股份,5.33,2.11,,0.933,3735768394,深交所主板,正常上市
002188,中天服务,5.49,1.86,62.232,4.98,1795800213,深交所主板,正常上市
002189,中光学,18.18,2.02,,11.365,4748602783,深交所主板,正常上市
002190,成飞集成,23.02,1.28,,1.899,8257949476,深交所主板,正常上市
002191,劲嘉股份,3.7,0.82,,0.839,5231721686,深交所主板,正常上市
002192,融捷股份,65.92,-1.82,14.321,3.764,17116470982,深交所主板,正常上市
002193,ST如意,4.63,1.76,,5.891,1211742997,深交所主板,ST风险警示
002194,武汉凡谷,10.03,3.51,,2.767,6853356634,深交所主板,正常上市
002195,岩山科技,6.35,0.95,440.091,3.635,35982546755,深交所主板,正常上市
002196,方正电机,10.32,-0.58,107.34,3.589,5117398318,深交所主板,正常上市
002197,证通电子,6.57,0.92,,2.291,4036364437,深交所主板,正常上市
002198,ST嘉应,3.37,3.06,62.124,2.342,1710308188,深交所主板,ST风险警示
002199,东晶电子,12.14,2.62,,16.317,2955390287,深交所主板,正常上市
002200,交投生态,6.77,0.0,34.302,2.28,3054120183,深交所主板,正常上市
002201,九鼎新材,8.03,-0.12,58.282,4.416,5232639015,深交所主板,正常上市
002203,海亮股份,18.37,0.0,40.705,2.468,42099544383,深交所主板,正常上市
002204,大连重工,5.21,0.97,16.439,1.251,10062437867,深交所主板,正常上市
002205,国统股份,10.64,0.76,,7.707,1977371946,深交所主板,正常上市
002206,海利得,5.21,0.97,12.162,1.468,6054161816,深交所主板,正常上市
002207,*ST准油,5.65,0.0,,172.256,1480612886,深交所主板,*ST退市风险警示
002208,合肥城建,10.84,-0.55,,1.47,8707684131,深交所主板,正常上市
002209,达意隆,11.96,1.1,22.157,2.77,2446179398,深交所主板,正常上市
002210,飞马国际,2.23,3.24,213.571,6.332,5934549086,深交所主板,正常上市
002211,ST宏达,3.74,1.36,,33.513,1617459413,深交所主板,ST风险警示
002212,天融信,6.19,-1.75,174.376,0.766,7300819511,深交所主板,正常上市
002213,大为股份,29.4,2.08,3731.96,10.981,7068409240,深交所主板,正常上市
002214,大立科技,14.35,6.22,,6.831,8590809558,深交所主板,正常上市
002215,诺普信,9.43,3.51,12.348,2.066,9470160578,深交所主板,正常上市
002216,三全食品,12.68,0.56,18.411,2.286,11148053729,深交所主板,正常上市
002217,ST合力泰,1.45,0.69,778.99,5.802,10845128446,深交所主板,ST风险警示
002218,拓日新能,3.83,0.79,,1.372,5393789571,深交所主板,正常上市
002219,新里程,2.35,0.86,265.652,4.106,8112016120,深交所主板,正常上市
002221,东华能源,5.64,4.44,,0.891,8889360606,深交所主板,正常上市
002222,福晶科技,63.59,2.6,101.746,16.357,29903197500,深交所主板,正常上市
002223,鱼跃医疗,26.27,1.51,20.488,1.929,26335068925,深交所主板,正常上市
002224,三力士,3.67,4.26,,1.029,3310766909,深交所主板,正常上市
002225,濮耐股份,3.51,1.15,123.706,1.0,4068929406,深交所主板,正常上市
002226,江南化工,5.02,-0.2,18.075,1.371,13297592732,深交所主板,正常上市
002227,*ST特迅,6.79,2.88,,1.826,1682603894,深交所主板,*ST退市风险警示
002228,合兴包装,3.11,1.97,39.968,1.254,3773629306,深交所主板,正常上市
002230,科大讯飞,39.91,0.23,111.096,4.199,95867006454,深交所主板,正常上市
002232,启明信息,13.76,-0.65,117.946,3.976,5621626741,深交所主板,正常上市
002233,塔牌集团,7.06,0.0,19.827,0.708,8289502586,深交所主板,正常上市
002234,民和股份,7.83,4.12,,1.605,2732358460,深交所主板,正常上市
002235,安妮股份,8.71,-0.23,,6.92,5048074594,深交所主板,正常上市
002236,大华股份,16.14,0.0,14.014,1.35,52765889874,深交所主板,正常上市
002237,恒邦股份,15.0,4.75,32.458,1.592,21449556120,深交所主板,正常上市
002238,天威视讯,6.06,2.19,,2.493,4863508510,深交所主板,正常上市
002239,奥特佳,2.46,1.65,45.564,1.38,8643197488,深交所主板,正常上市
002240,盛新锂能,31.67,-0.35,,2.701,28987356926,深交所主板,正常上市
002241,歌尔股份,22.02,0.18,19.681,2.091,78221011340,深交所主板,正常上市
002242,九阳股份,8.99,0.9,69.284,1.969,6859522830,深交所主板,正常上市
002243,力合科创,7.16,1.13,49.232,1.188,8667926208,深交所主板,正常上市
002244,滨江集团,9.46,0.75,15.085,0.972,29434259199,深交所主板,正常上市
002245,蔚蓝锂芯,18.0,-1.53,34.648,3.867,30783093732,深交所主板,正常上市
002246,北化股份,19.98,-2.39,28.748,3.361,10969715184,深交所主板,正常上市
002247,聚力文化,2.39,3.02,45.585,3.024,2033579417,深交所主板,正常上市
002249,大洋电机,7.03,0.57,15.806,1.707,17342919686,深交所主板,正常上市
002250,联化科技,16.11,2.29,35.006,2.121,14496957526,深交所主板,正常上市
002251,步步高,3.64,2.54,88.794,1.152,9786866868,深交所主板,正常上市
002252,上海莱士,5.03,2.86,24.994,1.027,33161144612,深交所主板,正常上市
002253,川大智胜,9.5,1.71,,2.527,2143447903,深交所主板,正常上市
002254,泰和新材,12.18,0.41,221.686,1.475,10371613269,深交所主板,正常上市
002256,兆新股份,3.34,1.21,133.807,5.514,6815724658,深交所主板,正常上市
002258,利尔化学,14.81,1.09,26.894,1.481,11854475347,深交所主板,正常上市
002259,升达林业,3.76,1.62,14.331,6.174,2828754284,深交所主板,正常上市
002261,拓维信息,25.67,0.04,597.192,12.382,32343383027,深交所主板,正常上市
002262,恩华药业,22.79,-0.04,21.093,2.759,23149776227,深交所主板,正常上市
002263,大东南,2.96,1.72,306.767,2.001,5559945896,深交所主板,正常上市
002264,新华都,6.65,2.94,29.895,2.297,4786745145,深交所主板,正常上市
002265,建设工业,18.67,2.02,82.855,4.946,19286864399,深交所主板,正常上市
002266,浙富控股,4.82,-1.03,17.359,1.989,25156888158,深交所主板,正常上市
002267,陕天然气,6.97,-0.99,15.619,1.104,7751165852,深交所主板,正常上市
002268,电科网安,13.56,0.22,314.063,2.086,11466825285,深交所主板,正常上市
002269,美邦服饰,1.44,2.13,,16.901,3618000000,深交所主板,正常上市
002270,华明装备,19.3,-1.93,24.66,5.541,17297150818,深交所主板,正常上市
002272,川润股份,14.44,-2.04,,4.798,7001628212,深交所主板,正常上市
002273,水晶光电,27.13,1.88,31.486,3.7,37727852156,深交所主板,正常上市
002274,华昌化工,5.92,1.37,,1.068,5637998704,深交所主板,正常上市
002275,桂林三金,13.62,2.56,17.679,2.408,8002684332,深交所主板,正常上市
002276,万马股份,10.16,2.94,33.569,1.646,10272526531,深交所主板,正常上市
002277,友阿股份,5.69,2.89,,1.241,7932843232,深交所主板,正常上市
002278,神开股份,8.0,1.01,88.125,2.208,3108943312,深交所主板,正常上市
002279,久其软件,6.33,-0.31,72.781,3.908,5457769493,深交所主板,正常上市
002282,博深股份,5.96,2.05,23.747,0.863,3139956554,深交所主板,正常上市
002283,天润工业,8.83,-0.45,24.257,1.611,10061406882,深交所主板,正常上市
002284,亚太股份,9.55,-1.95,12.656,1.987,7058408323,深交所主板,正常上市
002285,世联行,2.16,1.41,,1.966,4304510722,深交所主板,正常上市
002286,保龄宝,8.3,3.62,20.426,1.372,3153812254,深交所主板,正常上市
002287,奇正藏药,20.67,2.99,17.705,2.346,11825683256,深交所主板,正常上市
002289,宇顺电子,41.5,1.34,346.945,43.836,11630529920,深交所主板,正常上市
002290,禾盛新材,65.59,5.08,80.331,15.467,16273687725,深交所主板,正常上市
002291,遥望科技,5.24,1.35,,1.648,4902257650,深交所主板,正常上市
002292,奥飞娱乐,8.09,2.8,154.375,4.023,11962680549,深交所主板,正常上市
002293,罗莱生活,11.36,1.25,17.156,2.182,9510719016,深交所主板,正常上市
002294,信立泰,34.53,2.65,56.907,4.208,38494614954,深交所主板,正常上市
002295,精艺股份,8.9,2.42,,1.717,2230482400,深交所主板,正常上市
002296,辉煌科技,8.77,1.62,20.027,1.37,3416620283,深交所主板,正常上市
002297,博云新材,17.29,-1.65,51.295,4.385,9908982321,深交所主板,正常上市
002298,中电鑫龙,7.98,-1.12,,3.165,5906084990,深交所主板,正常上市
002299,圣农发展,16.48,1.35,13.788,1.786,20480854907,深交所主板,正常上市
002300,太阳电缆,6.7,0.45,61.805,2.542,4839635790,深交所主板,正常上市
002301,齐心集团,7.46,-1.19,77.227,1.725,5401099180,深交所主板,正常上市
002302,西部建设,4.7,0.64,,0.765,5933065229,深交所主板,正常上市
002303,美盈森,4.61,-0.22,29.178,1.572,7059402188,深交所主板,正常上市
002304,洋河股份,39.41,1.0,58.462,1.206,59369000366,深交所主板,正常上市
002305,*ST南置,2.11,2.43,,14.622,3659195275,深交所主板,*ST退市风险警示
002306,ST云网,1.95,5.41,,24.467,1696036875,深交所主板,ST风险警示
002307,北新路桥,2.91,1.39,,1.112,4797947053,深交所主板,正常上市
002309,中利集团,2.99,0.34,69.619,4.539,8992919501,深交所主板,正常上市
002310,东方新能,2.32,1.75,,5.81,13918427311,深交所主板,正常上市
002311,海大集团,46.4,2.5,19.773,3.036,76821343963,深交所主板,正常上市
002312,川发龙蟒,8.27,-0.36,38.918,1.614,15611355448,深交所主板,正常上市
002313,日海智能,8.78,10.03,,38.191,3287232000,深交所主板,正常上市
002314,南山控股,2.16,3.85,,0.868,5848810228,深交所主板,正常上市
002315,焦点科技,25.37,2.8,21.373,3.637,10462756178,深交所主板,正常上市
002316,亚联发展,4.44,1.83,417.631,22.289,1745452800,深交所主板,正常上市
002317,众生药业,27.39,0.59,79.462,5.596,23279595765,深交所主板,正常上市
002318,久立特材,19.28,-0.67,12.436,2.066,18839851482,深交所主板,正常上市
002319,乐通股份,11.2,6.67,,13.127,2346092112,深交所主板,正常上市
002320,海峡股份,6.49,1.41,79.99,3.521,14510328936,深交所主板,正常上市
002321,华英农业,2.04,0.49,,4.72,4351095745,深交所主板,正常上市
002323,*ST雅博,1.27,1.6,,14.049,2693486030,深交所主板,*ST退市风险警示
002324,普利特,8.91,1.25,32.386,2.113,9910915970,深交所主板,正常上市
002327,富安娜,6.63,0.61,16.028,1.474,5528543773,深交所主板,正常上市
002328,新朋股份,7.1,1.0,26.709,1.604,5479567000,深交所主板,正常上市
002330,得利斯,4.11,1.48,,1.136,2611145842,深交所主板,正常上市
002331,皖通科技,6.89,0.44,,2.045,2951743171,深交所主板,正常上市
002332,仙琚制药,8.61,1.65,21.317,1.401,8517053896,深交所主板,正常上市
002334,英威腾,6.45,1.74,36.938,1.736,5289377970,深交所主板,正常上市
002335,科华数据,29.92,-0.93,52.855,3.446,22571959437,深交所主板,正常上市
002337,赛象科技,4.62,1.99,54.139,2.038,2719404765,深交所主板,正常上市
002338,奥普光电,42.8,-1.59,105.022,7.107,10272000000,深交所主板,正常上市
002339,积成电子,7.1,2.31,439.451,2.049,3579055145,深交所主板,正常上市
002340,格林美,6.46,0.31,20.711,1.511,32961243410,深交所主板,正常上市
002342,巨力索具,7.41,-1.07,598.504,2.914,7113600000,深交所主板,正常上市
002343,慈文传媒,5.09,4.52,,2.523,2411032656,深交所主板,正常上市
002344,海宁皮城,3.9,2.63,103.951,0.591,5002206144,深交所主板,正常上市
002345,潮宏基,10.17,6.38,15.807,2.246,9036174230,深交所主板,正常上市
002347,泰尔股份,5.92,1.2,,2.706,2987837474,深交所主板,正常上市
002348,高乐股份,11.31,-1.82,,28.051,11232404352,深交所主板,正常上市
002349,精华制药,7.2,2.42,26.842,2.115,5984123818,深交所主板,正常上市
002350,北京科锐,14.55,3.63,393.147,4.405,7890921157,深交所主板,正常上市
002351,漫步者,10.08,5.22,20.273,2.99,8962198560,深交所主板,正常上市
002352,顺丰控股,32.84,0.18,15.156,1.649,172912717282,深交所主板,正常上市
002353,杰瑞股份,153.25,1.83,59.542,6.739,156905906407,深交所主板,正常上市
002354,天娱数科,7.29,-1.22,,8.77,12061930628,深交所主板,正常上市
002355,兴民智通,4.83,0.84,,3.945,3228763230,深交所主板,正常上市
002356,鹏飞绿能,2.71,2.26,97.307,5.929,3553499752,深交所主板,正常上市
002357,富临运业,10.86,3.04,19.941,1.924,3404490931,深交所主板,正常上市
002358,森源电气,5.31,0.95,50.122,1.472,4937009548,深交所主板,正常上市
002360,ST同德,5.41,1.88,,2.365,2173598682,深交所主板,ST风险警示
002362,汉王科技,15.74,1.94,,4.24,3847716128,深交所主板,正常上市
002363,隆基机械,6.43,1.42,40.715,1.228,2675524935,深交所主板,正常上市
002364,中恒电气,39.73,0.56,170.895,8.953,22390435861,深交所主板,正常上市
002365,永安药业,15.76,9.98,134.236,2.327,4644196200,深交所主板,正常上市
002366,融发核电,5.63,0.18,,2.524,11715678913,深交所主板,正常上市
002367,康力电梯,5.37,1.7,14.382,1.173,4283893099,深交所主板,正常上市
002368,太极股份,14.02,2.71,,2.196,8737702630,深交所主板,正常上市
002369,卓翼科技,5.68,2.71,,17.217,3220311670,深交所主板,正常上市
002370,亚太药业,5.83,1.92,42.82,3.89,4347241700,深交所主板,正常上市
002371,北方华创,712.55,-0.06,92.734,13.144,517089839460,深交所主板,正常上市
002372,伟星新材,8.5,0.35,15.74,2.868,13532322898,深交所主板,正常上市
002373,千方科技,7.6,1.33,154.233,1.051,12009430434,深交所主板,正常上市
002374,中锐股份,3.05,0.0,,6.185,3309888313,深交所主板,正常上市
002375,亚厦股份,3.65,1.96,14.871,0.588,4890987218,深交所主板,正常上市
002376,新北洋,6.75,-1.32,68.573,1.435,5471297152,深交所主板,正常上市
002377,国创高新,2.69,1.13,108.982,6.201,2464914791,深交所主板,正常上市
002378,章源钨业,25.2,-1.1,48.12,11.13,30275725183,深交所主板,正常上市
002380,科远智慧,27.22,0.48,42.353,2.684,6532572686,深交所主板,正常上市
002381,双箭股份,5.5,2.04,39.942,1.048,2263678560,深交所主板,正常上市
002382,蓝帆医疗,6.01,3.98,,0.877,6055620263,深交所主板,正常上市
002383,合众思壮,6.82,0.74,,3.363,5049257280,深交所主板,正常上市
002384,东山精密,197.67,0.29,177.469,15.993,362053860850,深交所主板,正常上市
002385,大北农,3.41,5.57,,1.977,14596068401,深交所主板,正常上市
002386,天原股份,5.76,1.95,49.009,0.98,7497487140,深交所主板,正常上市
002387,维信诺,7.24,6.31,,3.879,10112803351,深交所主板,正常上市
002388,新亚制程,5.93,0.51,,3.157,3003747925,深交所主板,正常上市
002389,航天彩虹,17.61,-0.73,109.146,2.138,17344371130,深交所主板,正常上市
002390,信邦制药,3.16,3.95,48.102,0.898,6142571903,深交所主板,正常上市
002391,长青股份,5.17,1.37,64.318,0.804,3358393484,深交所主板,正常上市
002392,北京利尔,7.41,-1.33,21.787,1.481,8821537117,深交所主板,正常上市
002393,力生制药,15.1,4.64,11.275,1.013,4655225342,深交所主板,正常上市
002394,联发股份,9.59,1.16,12.828,0.715,3104283000,深交所主板,正常上市
002395,双象股份,12.28,1.82,20.054,2.121,3293606520,深交所主板,正常上市
002396,星网锐捷,30.15,2.27,40.255,3.17,22930714316,深交所主板,正常上市
002397,梦洁股份,3.55,-0.56,47.484,2.167,2654624123,深交所主板,正常上市
002398,垒知集团,4.12,1.73,62.644,0.793,2835709917,深交所主板,正常上市
002399,海普瑞,11.28,10.05,43.502,1.359,16551101181,深交所主板,正常上市
002400,省广集团,6.48,0.62,141.941,2.254,11296824589,深交所主板,正常上市
002401,中远海科,12.13,2.36,127.581,2.714,4508338177,深交所主板,正常上市
002403,爱仕达,9.44,1.4,,2.325,3215628186,深交所主板,正常上市
002404,嘉欣丝绸,6.1,1.84,18.416,1.649,3416314400,深交所主板,正常上市
002405,四维图新,6.33,1.77,134.492,1.703,15002959703,深交所主板,正常上市
002406,远东传动,6.6,0.76,23.854,1.219,4819485541,深交所主板,正常上市
002408,齐翔腾达,5.23,0.97,,1.357,14868244241,深交所主板,正常上市
002410,广联达,9.11,2.71,36.752,2.476,15049212956,深交所主板,正常上市
002412,汉森制药,9.26,9.98,20.685,1.923,4659632000,深交所主板,正常上市
002413,雷科防务,7.71,-1.28,,3.092,10172116990,深交所主板,正常上市
002414,高德红外,13.09,-0.3,57.719,7.547,55903935654,深交所主板,正常上市
002415,海康威视,34.07,0.53,19.0,3.702,312247173709,深交所主板,正常上市
002416,爱施德,9.41,1.4,30.996,1.949,11661641794,深交所主板,正常上市
002418,康盛股份,3.56,-0.28,232.966,2.778,4045584000,深交所主板,正常上市
002419,天虹股份,4.67,2.19,66.405,1.318,5329668191,深交所主板,正常上市
002420,毅昌科技,5.83,0.52,12.744,3.02,2397820700,深交所主板,正常上市
002421,达实智能,3.1,0.98,,2.423,6573803081,深交所主板,正常上市
002422,科伦药业,47.15,4.85,47.732,3.058,75005333957,深交所主板,正常上市
002423,中粮资本,9.05,2.49,20.623,0.874,20852155454,深交所主板,正常上市
002424,ST百灵,4.52,1.12,,1.984,6317144768,深交所主板,ST风险警示
002425,凯撒文化,3.08,3.7,,1.188,2946528403,深交所主板,正常上市
002426,胜利精密,2.59,1.17,,5.368,8812801122,深交所主板,正常上市
002427,尤夫股份,4.61,5.73,357.517,4.799,4542845102,深交所主板,正常上市
002428,云南锗业,103.56,-1.09,3549.811,46.037,67637107200,深交所主板,正常上市
002429,兆驰股份,8.32,2.84,31.963,2.227,37664145850,深交所主板,正常上市
002430,杭氧股份,22.87,-1.42,22.65,2.222,22375085790,深交所主板,正常上市
002431,ST棕榈,1.35,1.5,,8.192,2433246433,深交所主板,ST风险警示
002432,九安医疗,69.66,-1.02,14.147,1.499,32454167750,深交所主板,正常上市
002434,万里扬,5.78,-0.34,37.149,1.281,7586828000,深交所主板,正常上市
002436,兴森科技,33.81,0.03,398.189,10.767,57465963165,深交所主板,正常上市
002437,誉衡药业,4.73,10.0,25.626,4.417,10547276236,深交所主板,正常上市
002438,江苏神通,13.91,1.38,24.723,1.873,7059846083,深交所主板,正常上市
002439,启明星辰,13.31,0.83,,1.48,16123736729,深交所主板,正常上市
002440,闰土股份,12.54,-0.32,17.503,1.392,14094958809,深交所主板,正常上市
002441,众业达,7.81,1.3,23.008,0.936,4252885586,深交所主板,正常上市
002442,龙星科技,4.95,-0.2,125.726,1.355,2491699746,深交所主板,正常上市
002443,金洲管道,9.47,3.84,32.56,1.407,4929471374,深交所主板,正常上市
002444,巨星科技,30.51,1.36,14.211,1.906,36443529333,深交所主板,正常上市
002445,中南文化,3.06,0.0,164.292,3.177,7272419045,深交所主板,正常上市
002446,盛路通信,8.52,2.16,112.123,3.064,7799341968,深交所主板,正常上市
002449,国星光电,6.43,2.55,,1.058,3976808197,深交所主板,正常上市
002451,摩恩电气,7.24,1.12,239.122,4.134,3190450800,深交所主板,正常上市
002452,长高电气,11.16,0.81,18.925,2.496,6922906069,深交所主板,正常上市
002453,华软科技,4.39,2.09,,4.78,3566291683,深交所主板,正常上市
002454,松芝股份,4.95,2.06,19.289,1.066,4351414716,深交所主板,正常上市
002455,百川股份,7.16,-0.56,,1.849,5172831500,深交所主板,正常上市
002456,欧菲光,6.83,1.19,,4.564,23877100925,深交所主板,正常上市
002457,青龙管业,10.52,0.1,27.269,1.382,3508281136,深交所主板,正常上市
002458,益生股份,9.24,1.87,28.326,2.851,13224223680,深交所主板,正常上市
002459,晶澳科技,7.3,0.14,,1.163,24160939298,深交所主板,正常上市
002460,赣锋锂业,51.27,-0.87,28.244,2.314,107497522093,深交所主板,正常上市
002461,珠江啤酒,8.74,0.81,20.893,1.725,19344490915,深交所主板,正常上市
002462,嘉事堂,12.34,2.83,34.843,0.82,3599665861,深交所主板,正常上市
002463,沪电股份,114.32,0.8,51.138,13.103,219993239550,深交所主板,正常上市
002465,海格通信,9.8,-0.91,,2.129,24321972690,深交所主板,正常上市
002466,天齐锂业,46.03,-0.22,35.294,1.694,78859439316,深交所主板,正常上市
002467,二六三,4.53,0.44,,3.986,6230434585,深交所主板,正常上市
002468,申通快递,14.39,-1.98,13.844,1.933,22028243169,深交所主板,正常上市
002469,三维化学,6.03,-0.33,29.205,1.476,3912641659,深交所主板,正常上市
002472,双环传动,35.92,-1.05,24.048,2.962,30531917097,深交所主板,正常上市
002474,榕基软件,6.14,0.49,,2.897,3820308000,深交所主板,正常上市
002475,立讯精密,53.34,-0.3,23.974,4.399,412735308452,深交所主板,正常上市
002476,新叶股份,4.9,2.3,99.803,3.112,2998800000,深交所主板,正常上市
002478,常宝股份,6.35,-2.31,13.061,0.942,5720106848,深交所主板,正常上市
002479,富春环保,5.79,3.21,14.83,1.136,5008350000,深交所主板,正常上市
002480,新筑股份,5.4,-1.82,,5.576,4153510818,深交所主板,正常上市
002481,双塔食品,4.22,-0.24,454.777,2.127,5206199230,深交所主板,正常上市
002482,广田集团,1.28,3.23,,10.793,4801231825,深交所主板,正常上市
002483,润邦股份,5.47,0.37,13.516,1.053,4848982219,深交所主板,正常上市
002484,江海股份,59.97,-1.15,74.507,7.938,51005920742,深交所主板,正常上市
002485,ST雪发,5.98,3.46,,3.205,3253120000,深交所主板,ST风险警示
002486,嘉麟杰,2.56,1.99,55.036,1.961,2110164736,深交所主板,正常上市
002487,大金重工,39.19,0.95,22.192,2.871,29003964422,深交所主板,正常上市
002488,金固股份,8.19,-1.21,142.951,2.35,8152645942,深交所主板,正常上市
002489,浙江永强,2.72,2.64,,1.386,5899724371,深交所主板,正常上市
002490,山东墨龙,7.85,1.95,1216.0,12.433,6464685380,深交所主板,正常上市
002491,通鼎互联,19.27,9.99,109.86,8.87,23701994015,深交所主板,正常上市
002492,恒基达鑫,5.49,1.48,,1.37,2223450000,深交所主板,正常上市
002493,荣盛石化,13.53,0.89,43.951,2.914,135157153697,深交所主板,正常上市
002494,华斯股份,4.85,2.97,66.222,1.454,1829956982,深交所主板,正常上市
002495,佳隆股份,2.4,2.13,114.06,2.028,2245501440,深交所主板,正常上市
002496,辉丰股份,2.09,1.95,,2.827,3150862425,深交所主板,正常上市
002497,雅化集团,18.6,-0.64,24.121,1.943,21437662872,深交所主板,正常上市
002498,汉缆股份,6.22,-0.96,36.248,2.348,20692671120,深交所主板,正常上市
002500,山西证券,5.22,0.77,20.151,0.999,18738607475,深交所主板,正常上市
002501,*ST利源,1.26,0.0,,27.876,4473000000,深交所主板,*ST退市风险警示
002506,协鑫集成,2.57,1.18,,15.973,15035313217,深交所主板,正常上市
002507,涪陵榨菜,11.39,0.09,17.108,1.457,13143137729,深交所主板,正常上市
002508,老板电器,16.34,-0.55,12.63,1.308,15440301887,深交所主板,正常上市
002510,天汽模,5.46,1.87,92.636,2.186,5542657346,深交所主板,正常上市
002511,中顺洁柔,7.19,1.13,25.984,1.664,9211386627,深交所主板,正常上市
002512,ST达华,4.05,1.5,,13.851,4464787360,深交所主板,ST风险警示
002513,蓝丰生化,5.36,2.49,,50.234,2013183722,深交所主板,正常上市
002514,*ST宝馨,1.73,1.76,,,1245659277,深交所主板,*ST退市风险警示
002515,金字火腿,8.08,-0.12,,3.771,9781762445,深交所主板,正常上市
002516,旷达科技,5.17,-0.58,39.015,1.984,7604235986,深交所主板,正常上市
002517,恺英网络,16.65,-0.66,16.422,3.435,35571779846,深交所主板,正常上市
002518,科士达,32.75,-0.15,29.865,3.832,19067871829,深交所主板,正常上市
002519,银河电子,5.27,0.57,,2.672,5936290832,深交所主板,正常上市
002521,齐峰新材,6.78,1.8,22.174,0.966,3797213919,深交所主板,正常上市
002522,浙江众成,5.14,6.86,78.964,1.998,4655706049,深交所主板,正常上市
002523,天桥起重,3.34,1.83,41.246,1.914,4731580272,深交所主板,正常上市
002524,光正眼科,4.0,2.83,,22.396,2061326296,深交所主板,正常上市
002526,山东矿机,2.66,0.0,155.877,1.47,4742231604,深交所主板,正常上市
002527,新时达,11.13,1.18,1204.498,5.933,7379872169,深交所主板,正常上市
002528,*ST英飞,5.12,1.39,,,6137216420,深交所主板,*ST退市风险警示
002529,海源复材,7.05,0.86,,23.002,1833000000,深交所主板,正常上市
002530,金财互联,7.04,1.88,81.475,4.069,5485555152,深交所主板,正常上市
002531,天顺风能,6.11,0.49,,1.266,10978928600,深交所主板,正常上市
002533,金杯电工,11.22,1.08,13.27,1.846,8234818716,深交所主板,正常上市
002534,西子洁能,15.48,1.57,29.204,2.283,12940276540,深交所主板,正常上市
002535,林州重机,2.51,2.87,,3.381,2012224516,深交所主板,正常上市
002536,飞龙股份,42.7,2.15,97.348,6.988,24543357418,深交所主板,正常上市
002537,海联金汇,5.69,3.45,22.137,1.522,6680155279,深交所主板,正常上市
002538,ST司特,7.23,1.54,31.473,1.165,6171208166,深交所主板,ST风险警示
002539,云图控股,12.82,0.08,17.657,1.594,15483018629,深交所主板,正常上市
002540,亚太科技,5.12,0.99,17.194,1.146,6387579197,深交所主板,正常上市
002541,鸿路钢构,20.65,4.29,22.188,1.446,14248894208,深交所主板,正常上市
002542,*ST中岩,1.82,4.6,,,3287132463,深交所主板,*ST退市风险警示
002543,万和电气,7.6,0.4,48.727,1.17,5651360000,深交所主板,正常上市
002544,普天科技,16.15,1.89,440.657,2.95,10990622323,深交所主板,正常上市
002546,新联电子,7.93,1.41,7.843,1.595,6614009331,深交所主板,正常上市
002547,*ST春兴,2.53,1.61,,,2853984635,深交所主板,*ST退市风险警示
002548,金新农,4.22,1.2,,3.338,3494892837,深交所主板,正常上市
002549,凯美特气,13.57,-1.67,272.469,4.595,9435871017,深交所主板,正常上市
002550,千红制药,7.1,2.31,30.952,3.318,9086580000,深交所主板,正常上市
002551,尚荣医疗,3.35,3.4,,1.144,2832406836,深交所主板,正常上市
002552,宝鼎科技,57.04,10.01,128.428,14.132,22130683280,深交所主板,正常上市
002554,惠博普,2.82,0.71,,1.97,3761090603,深交所主板,正常上市
002555,三七互娱,18.54,-0.11,12.72,2.829,41014886606,深交所主板,正常上市
002556,辉隆股份,5.18,0.78,24.792,1.352,4842993613,深交所主板,正常上市
002557,洽洽食品,18.82,0.05,23.251,1.745,9520195918,深交所主板,正常上市
002558,巨人网络,26.41,0.49,20.182,3.076,50193841654,深交所主板,正常上市
002559,亚威股份,9.45,0.11,59.532,2.497,6065611181,深交所主板,正常上市
002560,通达股份,6.09,-0.49,25.682,1.628,4477804501,深交所主板,正常上市
002561,徐家汇,6.78,1.5,,1.3,2818873140,深交所主板,正常上市
002562,兄弟科技,5.01,3.51,52.325,1.556,5725537804,深交所主板,正常上市
002563,森马服饰,5.88,-0.84,15.135,1.382,15841250141,深交所主板,正常上市
002564,天沃科技,4.4,1.62,118.686,19.9,3779179699,深交所主板,正常上市
002565,顺灏股份,8.52,-0.93,137.68,4.915,9031105615,深交所主板,正常上市
002566,益盛药业,7.02,2.78,69.806,1.034,2323280232,深交所主板,正常上市
002567,唐人神,3.7,2.49,,1.276,5302290154,深交所主板,正常上市
002568,百润股份,18.55,1.48,26.57,3.87,19322119654,深交所主板,正常上市
002569,*ST步森,12.13,-1.14,300.285,57.136,1746841300,深交所主板,*ST退市风险警示
002570,贝因美,4.5,0.0,32.351,2.983,4860194999,深交所主板,正常上市
002571,德力股份,10.65,2.4,,5.246,4174274955,深交所主板,正常上市
002572,索菲亚,8.21,0.61,9.294,1.074,7906617216,深交所主板,正常上市
002573,清新环境,3.19,1.92,,0.822,4514701982,深交所主板,正常上市
002574,明牌珠宝,4.66,2.87,,0.905,2460480000,深交所主板,正常上市
002575,群兴玩具,4.97,0.81,,3.633,3064005000,深交所主板,正常上市
002576,通达动力,14.1,2.47,28.539,1.784,2327910000,深交所主板,正常上市
002577,雷柏科技,18.41,3.14,,4.405,5167466080,深交所主板,正常上市
002579,中京电子,15.29,10.0,357.133,3.898,9366938700,深交所主板,正常上市
002580,圣阳股份,19.92,2.42,48.563,3.748,9041070341,深交所主板,正常上市
002581,*ST未名,5.72,10.0,,2.092,3773687552,深交所主板,*ST退市风险警示
002582,好想你,10.59,0.09,2.447,0.927,4741226566,深交所主板,正常上市
002583,海能达,8.02,1.91,,7.163,14585327436,深交所主板,正常上市
002584,西陇科学,8.06,1.26,,2.156,4716844361,深交所主板,正常上市
002585,双星新材,9.76,-0.1,,1.338,11139308693,深交所主板,正常上市
002586,ST围海,4.4,6.28,18.93,1.57,5034584342,深交所主板,ST风险警示
002587,奥拓电子,5.37,1.51,216.16,2.688,3514687318,深交所主板,正常上市
002589,瑞康医药,3.38,5.63,354.303,0.957,5085921392,深交所主板,正常上市
002590,万安科技,9.27,0.54,22.5,1.561,4811616462,深交所主板,正常上市
002591,恒大高新,6.35,2.09,,2.98,1906266723,深交所主板,正常上市
002593,日上集团,4.46,1.13,28.002,1.45,3585206809,深交所主板,正常上市
002594,比亚迪,90.48,2.05,29.944,3.557,824924035681,深交所主板,正常上市
002595,豪迈科技,49.65,-0.86,24.108,4.595,57594000000,深交所主板,正常上市
002596,海南瑞泽,3.2,0.63,,6.91,3672257658,深交所主板,正常上市
002597,金禾实业,19.99,1.22,56.505,1.437,11360714361,深交所主板,正常上市
002598,ST章鼓,6.5,0.0,34.101,1.619,2028344357,深交所主板,ST风险警示
002599,盛通股份,5.87,1.56,326.914,2.533,3173408800,深交所主板,正常上市
002600,领益智造,12.2,-0.89,46.858,3.655,99067482209,深交所主板,正常上市
002601,龙佰集团,15.57,1.57,49.799,1.625,37122742232,深交所主板,正常上市
002602,世纪华通,13.84,-0.43,16.237,3.159,102010243336,深交所主板,正常上市
002603,以岭药业,17.38,5.27,21.204,2.547,29036859435,深交所主板,正常上市
002605,姚记科技,17.67,2.08,15.826,1.895,7378413431,深交所主板,正常上市
002606,大连电瓷,13.39,-1.54,23.41,2.985,5879190416,深交所主板,正常上市
002607,中公教育,2.03,1.0,222.681,15.556,12519820760,深交所主板,正常上市
002608,江苏国信,7.04,1.15,7.867,0.742,26597681116,深交所主板,正常上市
002609,捷顺科技,7.69,1.85,77.505,2.062,4948044687,深交所主板,正常上市
002611,东方精工,14.75,-1.34,4.302,1.895,17954967143,深交所主板,正常上市
002612,朗姿股份,15.48,1.31,7.201,2.049,6849054405,深交所主板,正常上市
002613,北玻股份,3.34,1.83,347.942,1.665,3675899431,深交所主板,正常上市
002614,奥佳华,5.0,2.88,,0.723,3118696020,深交所主板,正常上市
002615,哈尔斯,6.56,0.92,132.473,1.535,3672364896,深交所主板,正常上市
002616,长青集团,4.81,1.48,13.841,1.111,4132830730,深交所主板,正常上市
002617,露笑科技,6.19,-1.28,63.92,1.835,11817786769,深交所主板,正常上市
002620,*ST瑞和,4.92,0.2,,,1857270480,深交所主板,*ST退市风险警示
002622,皓宸医疗,2.56,5.79,,8.04,2150400000,深交所主板,正常上市
002623,亚玛顿,15.31,1.86,,1.114,2955787074,深交所主板,正常上市
002624,完美世界,11.15,0.63,198.054,3.322,21630647705,深交所主板,正常上市
002625,光启技术,28.31,0.39,85.6,6.239,60996382373,深交所主板,正常上市
002626,金达威,16.48,3.13,35.421,2.283,10051745807,深交所主板,正常上市
002627,三峡旅游,6.53,3.16,74.97,1.53,4608086991,深交所主板,正常上市
002628,成都路桥,4.9,1.87,,1.315,3709792034,深交所主板,正常上市
002629,仁智股份,4.7,0.64,241.211,31.757,2002660600,深交所主板,正常上市
002630,*ST华西,1.64,2.5,,,1936512000,深交所主板,*ST退市风险警示
002631,德尔未来,8.67,2.85,,3.417,6912442578,深交所主板,正常上市
002632,道明光学,8.69,7.15,25.701,2.437,5427766092,深交所主板,正常上市
002633,申科股份,14.47,2.19,186.16,6.119,2170500000,深交所主板,正常上市
002634,*ST棒杰,4.28,0.23,,,1966028756,深交所主板,*ST退市风险警示
002635,安洁科技,15.62,3.99,89.685,1.765,10304307441,深交所主板,正常上市
002636,金安国纪,61.71,-0.21,93.745,11.779,44924880000,深交所主板,正常上市
002637,赞宇科技,12.1,5.77,28.339,1.508,5691852100,深交所主板,正常上市
002638,勤上股份,3.75,3.02,,2.85,5387228809,深交所主板,正常上市
002639,雪人集团,11.31,-0.7,292.128,3.408,8809983448,深交所主板,正常上市
002640,跨境通,3.2,3.56,,7.743,4985732256,深交所主板,正常上市
002641,公元股份,3.93,1.55,70.082,0.888,4830338913,深交所主板,正常上市
002642,荣联科技,7.03,1.3,233.182,3.914,4650909600,深交所主板,正常上市
002643,万润股份,13.98,1.97,43.785,1.804,12804282350,深交所主板,正常上市
002644,佛慈制药,8.52,4.16,73.942,2.337,4350797640,深交所主板,正常上市
002645,华宏科技,19.2,-0.05,37.113,3.389,14459912294,深交所主板,正常上市
002646,天佑德酒,6.9,1.47,,1.147,3286738921,深交所主板,正常上市
002647,仁东控股,12.52,4.42,,22.739,14151251546,深交所主板,正常上市
002648,卫星化学,27.1,1.04,10.381,2.399,91290298199,深交所主板,正常上市
002649,博彦科技,9.46,2.27,126.956,1.331,5594970673,深交所主板,正常上市
002650,ST加加,6.07,1.68,,3.861,6719998812,深交所主板,ST风险警示
002652,扬子新材,3.94,0.51,,8.591,2017532160,深交所主板,正常上市
002653,海思科,69.28,3.06,102.975,13.01,79041031014,深交所主板,正常上市
002655,共达电声,34.34,-0.15,278.816,14.305,12519814560,深交所主板,正常上市
002656,摩登大道,2.93,1.74,,5.06,2087683143,深交所主板,正常上市
002657,中科金财,14.8,2.0,,3.155,5021846016,深交所主板,正常上市
002658,雪迪龙,7.85,-1.01,32.174,1.856,4990723253,深交所主板,正常上市
002659,凯文教育,4.44,1.37,,1.238,2656364905,深交所主板,正常上市
002660,茂硕电源,7.48,1.91,,2.679,2667562622,深交所主板,正常上市
002661,克明食品,8.13,2.26,65.12,1.184,2632870760,深交所主板,正常上市
002662,峰璟股份,3.16,2.27,20.902,1.061,4740000000,深交所主板,正常上市
002663,普邦股份,1.66,3.11,,1.481,2860759177,深交所主板,正常上市
002664,信质集团,15.23,0.86,46.376,1.745,6216886000,深交所主板,正常上市
002666,德联集团,4.22,1.44,67.894,0.942,3325357050,深交所主板,正常上市
002667,*ST威领,17.46,10.02,,,4549927590,深交所主板,*ST退市风险警示
002668,TCL智家,9.37,5.52,10.194,2.653,10158124080,深交所主板,正常上市
002669,康达新材,12.09,-0.08,29.128,1.322,3668106000,深交所主板,正常上市
002670,国盛证券,10.95,0.46,103.85,1.869,21189176950,深交所主板,正常上市
002671,龙泉股份,3.93,1.29,40.271,1.35,2207052025,深交所主板,正常上市
002672,东江环保,3.65,2.53,,1.81,4034183677,深交所主板,正常上市
002673,西部证券,6.49,0.62,16.603,0.95,29007585265,深交所主板,正常上市
002674,兴业科技,28.41,1.25,79.918,3.426,8396602319,深交所主板,正常上市
002675,东诚药业,13.39,0.37,54.036,2.576,11041336490,深交所主板,正常上市
002676,顺威股份,5.06,1.61,43.984,2.708,3643200000,深交所主板,正常上市
002677,浙江美大,6.86,0.59,665.617,3.009,4431914298,深交所主板,正常上市
002678,珠江钢琴,4.89,3.82,,2.182,6642186379,深交所主板,正常上市
002679,福建金森,9.33,2.87,254.036,2.953,2199603480,深交所主板,正常上市
002681,奋达科技,4.38,1.15,,3.689,7860576776,深交所主板,正常上市
002682,龙洲股份,4.55,2.48,,4.856,2558777103,深交所主板,正常上市
002683,广东宏大,29.85,2.82,23.453,3.228,22682569131,深交所主板,正常上市
002685,华东重机,5.39,0.75,62.797,3.293,5431452555,深交所主板,正常上市
002686,亿利达,6.11,0.66,184.104,2.144,3459721103,深交所主板,正常上市
002687,乔治白,6.13,-1.13,38.201,1.978,3094298280,深交所主板,正常上市
002688,金河生物,5.36,2.68,106.475,1.805,4124543573,深交所主板,正常上市
002689,ST远智,2.81,2.18,28.303,2.352,2931703137,深交所主板,ST风险警示
002690,美亚光电,15.56,0.39,18.892,4.537,13727481684,深交所主板,正常上市
002691,*ST冀凯,4.15,2.47,,1.733,1411000000,深交所主板,*ST退市风险警示
002692,远程股份,4.17,2.21,,2.621,2994668820,深交所主板,正常上市
002693,双成药业,9.98,7.08,127.217,9.951,4138603705,深交所主板,正常上市
002694,*ST顾地,2.07,1.47,,,1579585536,深交所主板,*ST退市风险警示
002695,煌上煌,11.22,0.09,75.795,2.233,6278552687,深交所主板,正常上市
002696,百洋股份,6.06,-0.66,124.259,1.543,2095270646,深交所主板,正常上市
002697,红旗连锁,4.56,1.33,13.258,1.263,6201600000,深交所主板,正常上市
002698,博实股份,11.93,0.0,24.79,2.887,12199159590,深交所主板,正常上市
002700,万憬能源,6.31,-0.32,33.852,1.867,2609993847,深交所主板,正常上市
002701,奥瑞金,4.69,-0.64,13.972,1.172,12005276600,深交所主板,正常上市
002702,海欣食品,4.91,0.2,,2.632,2728781600,深交所主板,正常上市
002705,新宝股份,11.3,-0.18,11.036,1.057,9174196314,深交所主板,正常上市
002706,良信股份,10.12,2.22,65.784,2.694,11366025202,深交所主板,正常上市
002707,众信旅游,5.3,4.95,,5.785,5208389675,深交所主板,正常上市
002708,光洋股份,10.87,1.3,56.788,3.454,6110004901,深交所主板,正常上市
002709,天赐材料,37.08,-2.34,26.368,3.961,75589869468,深交所主板,正常上市
002712,思美传媒,4.71,2.39,,1.853,2563540893,深交所主板,正常上市
002713,东易日盛,9.45,1.29,234.657,10.353,8990778989,深交所主板,正常上市
002714,牧原股份,39.82,2.52,23.503,2.665,229880706454,深交所主板,正常上市
002715,登云股份,14.27,2.81,,4.232,1969260000,深交所主板,正常上市
002716,湖南白银,9.47,4.07,57.158,6.585,26734649478,深交所主板,正常上市
002717,*ST岭南,0.98,2.08,,,1783828887,深交所主板,*ST退市风险警示
002718,友邦吊顶,86.4,0.84,8502.38,12.176,11184292426,深交所主板,正常上市
002719,ST麦趣,6.05,2.37,,9.66,1053543715,深交所主板,ST风险警示
002721,金一文化,2.59,2.78,82.439,3.201,6887790613,深交所主板,正常上市
002722,物产金轮,13.01,1.25,16.351,0.969,2893059850,深交所主板,正常上市
002723,小崧股份,7.12,-0.84,,3.225,2366331117,深交所主板,正常上市
002724,海洋王,5.9,1.37,60.577,1.655,4551838165,深交所主板,正常上市
002725,跃岭股份,11.19,1.63,1294.369,2.935,2864640000,深交所主板,正常上市
002726,ST龙大,2.95,10.07,,6.093,4015347085,深交所主板,ST风险警示
002727,一心堂,11.9,3.03,24.962,0.932,6968689088,深交所主板,正常上市
002728,特一药业,9.45,1.5,63.937,2.626,4850777723,深交所主板,正常上市
002729,好利科技,13.56,1.8,61.246,4.379,2481072115,深交所主板,正常上市
002730,电光科技,21.04,-0.71,111.542,4.618,7618160675,深交所主板,正常上市
002732,燕塘乳业,13.99,2.19,44.947,1.459,2201326500,深交所主板,正常上市
002733,雄韬股份,18.29,-0.6,87.988,2.586,7027290759,深交所主板,正常上市
002734,利民股份,14.7,0.2,14.426,1.738,6994842473,深交所主板,正常上市
002735,王子新材,11.08,-0.45,,2.661,4157818231,深交所主板,正常上市
002736,国信证券,9.86,0.41,9.309,1.007,100983586572,深交所主板,正常上市
002737,葵花药业,13.62,2.71,,2.014,7954080000,深交所主板,正常上市
002738,中矿资源,51.63,0.29,45.341,2.92,37658141200,深交所主板,正常上市
002739,儒意电影,8.5,0.47,,2.357,17950119018,深交所主板,正常上市
002741,光华科技,25.56,-0.54,84.394,5.99,11977475044,深交所主板,正常上市
002742,冀衡医药,4.34,1.17,,20.028,2969002858,深交所主板,正常上市
002743,富煌钢构,4.42,9.95,,0.829,1923886673,深交所主板,正常上市
002745,木林森,11.05,-0.36,,1.383,16400038709,深交所主板,正常上市
002746,仙坛股份,6.32,3.61,20.815,1.164,5438604755,深交所主板,正常上市
002748,世龙实业,11.73,0.26,39.142,1.97,2815200000,深交所主板,正常上市
002749,国光股份,8.82,-2.22,18.506,2.585,4908079053,深交所主板,正常上市
002752,昇兴股份,5.93,1.72,15.838,1.573,5793126515,深交所主板,正常上市
002753,永东股份,6.64,0.15,268.321,1.072,2846432059,深交所主板,正常上市
002755,奥赛康,14.0,6.87,48.788,3.937,12994244914,深交所主板,正常上市
002756,永兴材料,46.2,-0.13,25.969,1.888,24906491148,深交所主板,正常上市
002757,南兴股份,16.25,-0.67,39.928,2.332,4801158586,深交所主板,正常上市
002758,浙农股份,8.17,1.36,7.836,0.816,4238616417,深交所主板,正常上市
002759,ST天际,17.62,0.46,29.32,2.534,8834361500,深交所主板,ST风险警示
002760,凤形股份,17.5,0.63,91.412,2.254,1889802355,深交所主板,正常上市
002761,浙江建投,7.26,1.68,34.36,1.109,9618569979,深交所主板,正常上市
002762,金发拉比,10.21,1.39,,5.407,3614595250,深交所主板,正常上市
002763,汇洁股份,7.61,0.53,44.886,1.651,3119521640,深交所主板,正常上市
002765,蓝黛科技,7.02,0.72,30.18,1.72,4577939192,深交所主板,正常上市
002766,索菱股份,4.15,-0.48,,3.361,3568360170,深交所主板,正常上市
002767,先锋电子,18.21,1.73,97.333,3.137,2731500000,深交所主板,正常上市
002768,国恩股份,65.5,3.64,28.978,4.206,28597300000,深交所主板,正常上市
002769,普路通,6.9,1.92,451.261,2.191,2575894573,深交所主板,正常上市
002771,真视通,12.45,1.22,,4.41,2611563045,深交所主板,正常上市
002772,众兴菌业,10.74,0.75,8.811,1.13,4024734804,深交所主板,正常上市
002773,康弘药业,22.45,2.42,19.323,2.153,20683776647,深交所主板,正常上市
002774,快意电梯,16.15,-2.24,92.977,4.478,5437509585,深交所主板,正常上市
002775,文科股份,3.49,1.45,,,2290707352,深交所主板,正常上市
002777,久远银海,12.6,2.36,69.792,3.026,5143711079,深交所主板,正常上市
002778,中晟高科,15.63,1.96,133.842,6.076,1949894079,深交所主板,正常上市
002779,中坚科技,74.15,3.03,86.177,14.568,13702920000,深交所主板,正常上市
002780,三夫户外,13.27,3.11,30.759,2.674,2194349932,深交所主板,正常上市
002782,可立克,15.11,1.21,29.37,3.344,7491749736,深交所主板,正常上市
002783,凯龙股份,7.83,-0.38,33.684,1.469,3909655610,深交所主板,正常上市
002785,万里石,32.5,0.31,,9.261,7365140088,深交所主板,正常上市
002786,银宝山新,7.6,2.15,,18.905,3766651200,深交所主板,正常上市
002787,华源控股,21.4,2.44,50.788,3.903,7113332672,深交所主板,正常上市
002788,鹭燕医药,11.43,0.97,16.486,1.34,4440746292,深交所主板,正常上市
002789,*ST建艺,9.97,1.12,,10.466,1591446435,深交所主板,*ST退市风险警示
002790,瑞尔特,5.95,2.06,,1.203,2486340185,深交所主板,正常上市
002791,坚朗五金,15.15,4.84,,1.003,5361357947,深交所主板,正常上市
002792,通宇通讯,31.73,1.24,976.714,5.893,16621317232,深交所主板,正常上市
002793,罗欣药业,5.31,2.12,,5.251,5775094861,深交所主板,正常上市
002795,永和智控,7.03,2.03,,6.962,3105062612,深交所主板,正常上市
002796,世嘉科技,29.89,2.64,,9.07,7543248076,深交所主板,正常上市
002797,第一创业,6.32,0.48,28.849,1.503,26559168000,深交所主板,正常上市
002798,帝欧水华,5.74,1.59,,1.824,3372334453,深交所主板,正常上市
002799,环球印务,6.77,1.65,,1.694,2166670800,深交所主板,正常上市
002800,天顺股份,13.61,2.33,,4.194,2072164242,深交所主板,正常上市
002801,微光股份,27.01,1.81,15.933,3.077,6202360320,深交所主板,正常上市
002802,洪汇新材,11.65,2.01,49.567,3.232,2111514619,深交所主板,正常上市
002803,吉宏股份,18.54,1.31,26.83,2.998,8489777250,深交所主板,正常上市
002805,丰元股份,18.62,-1.69,,5.577,5214763899,深交所主板,正常上市
002806,华锋股份,13.74,1.25,,2.617,2919464057,深交所主板,正常上市
002807,江阴银行,3.97,0.51,5.222,0.539,10748902306,深交所主板,正常上市
002809,红墙股份,8.48,1.68,,1.151,2037406606,深交所主板,正常上市
002810,山东赫达,21.27,0.33,30.642,3.27,7402149580,深交所主板,正常上市
002811,郑中设计,13.32,9.99,24.844,2.826,4102160467,深交所主板,正常上市
002812,恩捷股份,55.84,-0.36,145.4,2.144,54796826045,深交所主板,正常上市
002813,路畅科技,20.3,1.91,,12.017,2436000000,深交所主板,正常上市
002815,崇达技术,12.93,-1.6,66.172,1.794,15957576619,深交所主板,正常上市
002816,*ST和科,25.0,2.0,104.492,10.494,2500000000,深交所主板,*ST退市风险警示
002817,黄山胶囊,6.72,2.91,31.647,2.056,2009939702,深交所主板,正常上市
002818,富森美,10.95,0.55,10.309,1.371,8195625393,深交所主板,正常上市
002819,东方中科,21.85,2.82,,1.67,6546480685,深交所主板,正常上市
002821,凯莱英,182.4,6.92,59.251,3.667,65785016928,深交所主板,正常上市
002822,ST中装,3.19,1.59,,5.757,6220500000,深交所主板,ST风险警示
002823,凯中精密,12.76,0.87,17.645,1.988,4178877925,深交所主板,正常上市
002824,和胜股份,23.96,1.7,37.35,3.176,7455701198,深交所主板,正常上市
002825,纳尔股份,9.03,3.2,43.071,1.963,3087723862,深交所主板,正常上市
002826,易明医药,17.78,3.07,36.284,4.046,3390250395,深交所主板,正常上市
002827,高争民爆,57.78,3.18,99.266,15.016,16007717880,深交所主板,正常上市
002828,贝肯能源,12.05,2.9,,4.015,2421900580,深交所主板,正常上市
002829,星网宇达,19.79,0.0,,2.656,4112547907,深交所主板,正常上市
002830,名雕股份,13.65,2.32,58.627,3.712,2537480400,深交所主板,正常上市
002831,裕同科技,25.55,-0.27,20.611,2.669,32916857791,深交所主板,正常上市
002832,比音勒芬,24.97,-0.91,23.535,2.488,14250555887,深交所主板,正常上市
002833,弘亚数控,18.4,2.39,17.798,2.613,7894881726,深交所主板,正常上市
002835,同为股份,12.56,2.87,23.963,2.16,2756843773,深交所主板,正常上市
002836,新宏泽,10.07,0.1,54.201,5.841,2320128000,深交所主板,正常上市
002837,英维克,52.93,0.65,139.778,19.485,67451329198,深交所主板,正常上市
002838,道恩股份,24.22,1.0,43.938,3.083,11586809296,深交所主板,正常上市
002839,张家港行,4.36,1.16,5.347,0.558,10657344087,深交所主板,正常上市
002840,华统股份,8.3,2.85,,1.851,6657981062,深交所主板,正常上市
002841,视源股份,49.51,0.3,31.516,2.537,34616725843,深交所主板,正常上市
002842,翔鹭钨业,37.38,-1.32,31.69,8.378,12229705134,深交所主板,正常上市
002843,泰嘉股份,15.58,0.0,,2.917,3922071216,深交所主板,正常上市
002845,同兴达,13.22,2.01,107.27,1.771,4330233540,深交所主板,正常上市
002846,英联股份,10.24,0.49,101.271,3.001,4300734833,深交所主板,正常上市
002848,高斯贝尔,13.2,4.02,,31.414,2206380000,深交所主板,正常上市
002849,威星智能,17.7,-0.11,74.653,2.836,3905222083,深交所主板,正常上市
002850,科达利,180.46,-0.78,26.667,3.417,51671504661,深交所主板,正常上市
002851,麦格米特,118.28,-0.21,451.711,7.669,69195023488,深交所主板,正常上市
002852,道道全,8.49,3.41,42.048,1.325,2920290909,深交所主板,正常上市
002853,皮阿诺,20.7,1.37,,4.256,3786360124,深交所主板,正常上市
002855,捷荣技术,10.04,2.76,,11.944,2474053607,深交所主板,正常上市
002856,*ST美芝,14.04,0.93,,,1899791824,深交所主板,*ST退市风险警示
002857,三晖电气,18.6,6.04,,5.386,2429792400,深交所主板,正常上市
002858,力盛体育,11.68,2.46,,2.592,2180404389,深交所主板,正常上市
002860,星帅尔,17.82,7.67,35.231,2.663,6275225967,深交所主板,正常上市
002861,瀛通通讯,15.98,3.7,,2.882,2976817713,深交所主板,正常上市
002862,实丰文化,13.47,2.28,,7.772,2283030300,深交所主板,正常上市
002863,今飞凯达,4.69,1.3,43.806,0.995,2811577868,深交所主板,正常上市
002864,盘龙药业,22.56,0.85,35.533,1.805,3083972936,深交所主板,正常上市
002865,钧达股份,41.68,-1.42,,3.22,12973569047,深交所主板,正常上市
002866,传艺科技,14.69,0.62,65.189,2.028,4253081941,深交所主板,正常上市
002867,周大生,12.33,-0.4,11.694,1.975,13383893101,深交所主板,正常上市
002868,绿康生化,22.4,-1.15,,49.069,3481314749,深交所主板,正常上市
002869,金溢科技,15.87,2.06,,1.393,2807640907,深交所主板,正常上市
002870,香山股份,47.54,-1.37,117.469,3.195,7262131816,深交所主板,正常上市
002871,伟隆股份,16.52,0.12,31.696,3.551,4160625519,深交所主板,正常上市
002872,ST天圣,5.3,0.76,,0.868,1685400000,深交所主板,ST风险警示
002873,新天药业,8.65,2.73,250.796,1.676,2111497922,深交所主板,正常上市
002875,安奈儿,13.34,2.22,,4.6,2833557671,深交所主板,正常上市
002876,三利谱,30.15,3.89,103.26,2.167,5242630700,深交所主板,正常上市
002877,智能自控,7.35,2.37,109.451,2.156,2615451158,深交所主板,正常上市
002878,元隆雅图,12.31,1.32,,2.581,3225118159,深交所主板,正常上市
002879,长缆科技,15.96,1.08,25.489,1.664,3081997934,深交所主板,正常上市
002880,卫光生物,21.89,10.0,27.12,2.059,4964652000,深交所主板,正常上市
002881,美格智能,38.02,0.13,80.273,4.212,11484747024,深交所主板,正常上市
002882,金龙羽,21.02,1.45,117.471,4.286,9099558000,深交所主板,正常上市
002883,*ST中设,9.18,0.77,,3.061,1433522784,深交所主板,*ST退市风险警示
002884,凌霄泵业,16.18,1.31,12.903,2.302,5787302996,深交所主板,正常上市
002885,京泉华,28.31,-0.39,79.23,4.971,7669659364,深交所主板,正常上市
002886,沃特股份,19.31,-0.52,69.229,2.743,5082460840,深交所主板,正常上市
002888,惠威科技,17.59,4.08,140.715,6.823,2597047617,深交所主板,正常上市
002889,东方嘉盛,12.63,1.2,48.687,1.901,4769940171,深交所主板,正常上市
002890,弘宇股份,14.56,3.63,231.394,4.084,2473382330,深交所主板,正常上市
002891,中宠股份,29.53,-0.71,27.388,2.798,9505640439,深交所主板,正常上市
002892,科力尔,9.06,0.67,349.473,5.302,6731847886,深交所主板,正常上市
002893,京能热力,9.89,2.59,40.122,1.853,2607399600,深交所主板,正常上市
002895,川恒股份,32.6,-2.31,15.378,2.67,19751309286,深交所主板,正常上市
002897,意华股份,56.52,1.6,37.28,3.855,10958136938,深交所主板,正常上市
002899,英派斯,19.39,2.0,44.916,1.62,2865783365,深交所主板,正常上市
002900,哈三联,15.3,-2.11,,2.741,4840224615,深交所主板,正常上市
002901,大博医疗,44.4,1.6,28.584,4.936,18382466066,深交所主板,正常上市
002902,铭普光磁,24.89,3.11,,9.639,5849375553,深交所主板,正常上市
002903,宇环数控,30.67,10.01,,6.172,4774138205,深交所主板,正常上市
002905,金逸影视,7.72,3.9,,44.547,2905190400,深交所主板,正常上市
002906,华阳集团,25.66,0.0,16.006,1.888,13469422592,深交所主板,正常上市
002908,德生科技,6.94,1.61,,2.728,2994138691,深交所主板,正常上市
002909,集泰股份,5.19,2.17,,2.38,2024100000,深交所主板,正常上市
002910,庄园牧场,9.52,1.71,,1.879,1861534583,深交所主板,正常上市
002911,佛燃能源,10.76,-0.09,13.535,3.305,13968371931,深交所主板,正常上市
002912,中新赛克,19.02,1.87,120.45,1.987,3247703040,深交所主板,正常上市
002913,奥士康,58.79,2.3,87.561,4.212,18657624030,深交所主板,正常上市
002915,中欣氟材,16.86,-2.03,527.523,3.802,5652708344,深交所主板,正常上市
002916,深南电路,345.0,0.31,64.658,12.99,235002475275,深交所主板,正常上市
002917,金奥博,10.27,1.88,20.145,2.042,3569997803,深交所主板,正常上市
002918,蒙娜丽莎,9.99,2.15,43.641,1.264,4084110931,深交所主板,正常上市
002919,名臣健康,17.54,1.1,188.479,5.725,4668026598,深交所主板,正常上市
002920,德赛西威,84.69,0.04,20.416,3.145,50543779109,深交所主板,正常上市
002921,联诚精密,21.5,-0.42,,2.442,3202857731,深交所主板,正常上市
002922,伊戈尔,25.3,0.4,47.115,2.825,10691347977,深交所主板,正常上市
002923,润都股份,11.76,2.8,,3.737,3938345043,深交所主板,正常上市
002925,盈趣科技,22.19,-0.89,28.843,3.314,17123336286,深交所主板,正常上市
002926,华西证券,8.26,0.61,13.873,0.859,21682500000,深交所主板,正常上市
002927,泰永长征,16.19,-0.8,,3.588,3613481394,深交所主板,正常上市
002928,华夏航空,6.15,0.99,11.595,1.975,7861185533,深交所主板,正常上市
002929,润建股份,55.21,4.21,,2.474,15810920215,深交所主板,正常上市
002930,宏川智慧,8.7,1.64,,2.034,3984645379,深交所主板,正常上市
002932,*ST明德,15.29,1.53,,0.643,3555245433,深交所主板,*ST退市风险警示
002933,新兴装备,26.59,-0.3,77.714,2.0,3120336500,深交所主板,正常上市
002935,天奥电子,15.62,-2.31,99.666,4.101,6589096783,深交所主板,正常上市
002936,郑州银行,1.78,1.14,8.302,0.35,16183922617,深交所主板,正常上市
002937,兴瑞科技,30.03,1.35,67.49,6.003,9489772162,深交所主板,正常上市
002938,鹏鼎控股,87.57,0.24,53.569,5.902,202946685141,深交所主板,正常上市
002939,长城证券,7.94,0.0,13.533,0.982,32033350031,深交所主板,正常上市
002940,昂利康,28.41,9.99,45.059,3.482,5731097764,深交所主板,正常上市
002941,新疆交建,10.37,0.97,16.311,1.614,7567519654,深交所主板,正常上市
002942,新农股份,15.84,1.21,24.678,1.935,2462814605,深交所主板,正常上市
002943,宇晶股份,35.33,7.94,283.763,10.893,9427315456,深交所主板,正常上市
002945,华林证券,14.11,1.36,76.66,5.182,38097000000,深交所主板,正常上市
002946,新乳业,15.94,0.82,17.492,3.588,13719286829,深交所主板,正常上市
002947,恒铭达,57.42,2.61,25.537,4.549,14686252305,深交所主板,正常上市
002948,青岛银行,5.98,1.53,6.382,0.818,34805721250,深交所主板,正常上市
002949,华阳国际,10.74,2.78,22.747,1.434,2105983896,深交所主板,正常上市
002950,奥美医疗,9.57,3.35,22.336,1.639,6060349945,深交所主板,正常上市
002951,金时科技,16.07,1.71,,4.287,6477236873,深交所主板,正常上市
002952,亚世光电,19.85,1.64,215.255,3.703,3262149000,深交所主板,正常上市
002955,鸿合科技,34.83,0.4,875.348,2.565,8242168135,深交所主板,正常上市
002956,西麦食品,17.43,-0.46,22.847,3.311,5447670488,深交所主板,正常上市
002957,科瑞技术,40.72,3.35,57.34,5.166,17101686016,深交所主板,正常上市
002958,青农商行,2.94,-0.34,5.113,0.426,16333544824,深交所主板,正常上市
002959,小熊电器,33.68,1.2,17.045,1.812,5248473762,深交所主板,正常上市
002960,青鸟智控,8.45,-1.05,29.707,1.433,8904057590,深交所主板,正常上市
002961,瑞达期货,18.35,2.34,13.072,2.13,8751728496,深交所主板,正常上市
002962,五方光电,12.74,-0.7,152.703,2.116,3715816584,深交所主板,正常上市
002963,豪尔赛,17.18,1.06,,2.223,2583183597,深交所主板,正常上市
002965,祥鑫科技,30.13,-2.37,153.717,1.885,7995910217,深交所主板,正常上市
002966,苏州银行,8.65,0.46,7.062,0.746,38671226395,深交所主板,正常上市
002967,广电计量,17.51,1.92,25.65,2.268,11199766372,深交所主板,正常上市
002968,新大正,9.34,2.98,22.214,1.696,2113434493,深交所主板,正常上市
002969,嘉美包装,12.9,-1.9,100.524,4.351,14170594659,深交所主板,正常上市
002970,锐明技术,49.7,0.65,28.092,4.234,9141370700,深交所主板,正常上市
002972,科安达,13.63,-0.87,36.17,2.652,3353099944,深交所主板,正常上市
002975,博杰股份,95.7,1.37,85.53,8.463,19918111435,深交所主板,正常上市
002976,瑞玛精密,22.75,3.74,,3.076,4427397816,深交所主板,正常上市
002977,*ST天箭,20.24,-0.15,,2.859,2431228800,深交所主板,*ST退市风险警示
002978,安宁股份,25.8,0.98,18.95,1.388,12177340916,深交所主板,正常上市
002979,雷赛智能,54.54,-2.35,71.322,9.174,17236717974,深交所主板,正常上市
002980,华盛昌,97.99,3.44,237.749,16.439,18462415840,深交所主板,正常上市
002981,朝阳科技,23.47,2.18,111.527,3.068,3205033041,深交所主板,正常上市
002982,湘佳股份,12.62,0.8,182.373,1.579,2564309353,深交所主板,正常上市
002983,芯瑞达,19.41,0.31,39.359,3.203,4318191807,深交所主板,正常上市
002984,森麒麟,14.21,2.45,15.13,1.088,14725636437,深交所主板,正常上市
002985,北摩高科,25.23,0.32,39.221,3.036,8372666328,深交所主板,正常上市
002986,宇新股份,13.45,3.94,,1.346,5112632722,深交所主板,正常上市
002987,京北方,10.98,5.07,37.356,3.804,11424218804,深交所主板,正常上市
002988,豪美新材,21.92,-0.81,46.889,2.036,5475714552,深交所主板,正常上市
002989,中天精装,25.0,5.75,,3.617,5040430450,深交所主板,正常上市
002990,盛视科技,50.5,0.16,78.761,5.138,13223532969,深交所主板,正常上市
002991,甘源食品,42.2,0.48,17.719,2.211,3933708068,深交所主板,正常上市
002992,宝明科技,34.52,2.25,402.424,8.482,6243585280,深交所主板,正常上市
002993,奥海科技,37.76,1.53,30.274,2.149,10423270400,深交所主板,正常上市
002995,天地在线,16.87,0.66,,3.731,2993657078,深交所主板,正常上市
002996,顺博合金,6.21,1.8,17.996,1.256,4157202752,深交所主板,正常上市
002997,瑞鹄模具,27.19,2.6,14.026,2.147,5691446827,深交所主板,正常上市
002998,优彩资源,7.78,0.65,29.325,1.578,2760489198,深交所主板,正常上市
002999,天禾股份,6.04,0.67,38.889,1.705,2099455680,深交所主板,正常上市
003000,劲仔食品,10.43,0.58,19.083,3.193,4702826078,深交所主板,正常上市
003001,中岩大地,15.9,-1.18,275.625,2.318,2775351265,深交所主板,正常上市
003002,壶化股份,16.1,-1.65,19.562,2.075,3220000000,深交所主板,正常上市
003003,天元股份,11.07,2.12,32.827,1.486,1956290400,深交所主板,正常上市
003004,声迅股份,71.41,4.72,,9.262,5845897100,深交所主板,正常上市
003005,竞业达,13.53,1.73,,1.738,3130688989,深交所主板,正常上市
003006,百亚股份,13.5,0.82,26.237,3.681,5800245165,深交所主板,正常上市
003007,直真科技,37.16,3.51,188.82,2.919,4443386265,深交所主板,正常上市
003008,开普检测,19.49,0.72,25.297,1.944,2026960000,深交所主板,正常上市
003010,若羽臣,29.16,10.0,37.902,11.46,9070494320,深交所主板,正常上市
003011,海象新材,20.71,2.42,24.693,1.532,2126419960,深交所主板,正常上市
003012,东鹏控股,4.77,2.36,16.602,0.73,5518800124,深交所主板,正常上市
003013,地铁设计,18.56,0.11,17.792,2.539,8551664787,深交所主板,正常上市
003015,日久光电,12.41,-0.16,37.225,3.071,3488037337,深交所主板,正常上市
003016,欣贺股份,6.99,1.9,98.635,1.091,2939446068,深交所主板,正常上市
003017,大洋生物,22.42,0.27,22.291,1.936,2259936000,深交所主板,正常上市
003018,金富科技,39.11,-1.49,127.967,7.573,12278583796,深交所主板,正常上市
003019,宸展光电,23.67,1.81,24.323,2.43,4188462338,深交所主板,正常上市
003020,立方制药,18.98,-0.99,26.699,2.349,4331589370,深交所主板,正常上市
003022,联泓新科,20.26,-2.13,47.313,3.468,27058607680,深交所主板,正常上市
003023,彩虹集团,27.63,-1.07,56.403,1.834,2910588408,深交所主板,正常上市
003025,思进智能,12.28,1.74,22.737,2.681,3486949692,深交所主板,正常上市
003026,中晶科技,29.35,-1.87,110.537,8.09,5510977593,深交所主板,正常上市
003027,同兴科技,16.43,1.8,30.365,1.237,2147782176,深交所主板,正常上市
003028,振邦智能,22.39,2.1,65.485,1.851,3226850159,深交所主板,正常上市
003029,吉大正元,16.33,1.81,,3.087,3161818307,深交所主板,正常上市
003030,祖名股份,21.97,0.05,98.383,2.728,2741416600,深交所主板,正常上市
003031,中瓷电子,129.13,-0.09,91.998,8.813,58244455683,深交所主板,正常上市
003033,征和工业,65.54,-0.52,34.743,3.748,5357895000,深交所主板,正常上市
003035,南网能源,5.18,0.39,57.586,2.788,19621212117,深交所主板,正常上市
003036,泰坦股份,53.1,-1.39,235.311,8.087,11501802230,深交所主板,正常上市
003037,三和管桩,5.66,2.91,97.731,1.214,3390762677,深交所主板,正常上市
003038,鑫铂股份,10.75,2.87,,0.93,2615532803,深交所主板,正常上市
003039,顺控发展,11.96,2.22,23.335,2.484,7385524011,深交所主板,正常上市
003040,楚天龙,11.63,7.19,,3.725,5363011354,深交所主板,正常上市
003041,真爱美家,40.56,0.02,190.233,3.969,5840640000,深交所主板,正常上市
003042,中农联合,14.46,3.14,,1.684,2060260800,深交所主板,正常上市
003043,华亚智能,73.77,3.06,141.256,5.59,10623625225,深交所主板,正常上市
003816,中国广核,3.87,-1.28,20.608,1.553,195430425145,深交所主板,正常上市
688001,华兴源创,53.32,2.44,221.803,6.979,25143878805,科创板,正常上市
688002,睿创微纳,159.88,-1.41,36.612,9.484,74432081240,科创板,正常上市
688003,天准科技,87.16,6.93,89.92,8.334,16977226663,科创板,正常上市
688004,博汇科技,21.7,0.18,,3.028,1737909600,科创板,正常上市
688005,容百科技,26.18,-0.83,,2.407,18708718927,科创板,正常上市
688007,光峰科技,10.66,2.5,,2.033,4899502669,科创板,正常上市
688008,澜起科技,199.11,-0.45,95.019,11.674,243021325361,科创板,正常上市
688009,中国通号,4.95,0.0,14.377,1.095,52419604050,科创板,正常上市
688010,福光股份,26.18,2.27,290.507,2.452,4203502112,科创板,正常上市
688012,中微公司,365.5,-1.75,82.749,12.813,350091378194,科创板,正常上市
688013,天臣医疗,26.4,3.61,26.227,3.716,2142507840,科创板,正常上市
688015,交控科技,15.74,2.14,19.154,1.106,2969834879,科创板,正常上市
688016,心脉医疗,93.52,3.02,19.587,2.733,11527473182,科创板,正常上市
688017,绿的谐波,310.0,-1.13,415.585,15.925,56832338750,科创板,正常上市
688018,乐鑫科技,112.2,1.24,46.072,5.589,26297919694,科创板,正常上市
688019,安集科技,248.41,-0.09,68.969,12.316,56726048847,科创板,正常上市
688020,方邦股份,127.7,-0.8,,7.997,10522863100,科创板,正常上市
688021,奥福科技,21.17,3.67,55.96,1.831,1617678389,科创板,正常上市
688022,ST瀚川,8.38,3.46,73.091,2.233,1473860355,科创板,ST风险警示
688023,安恒信息,38.42,1.27,,1.754,3925568994,科创板,正常上市
688025,杰普特,408.9,5.54,114.17,16.165,38865709065,科创板,正常上市
688026,洁特生物,16.67,2.65,84.93,2.16,2339874998,科创板,正常上市
688027,国盾量子,386.2,-1.02,5942.946,12.314,39724918586,科创板,正常上市
688028,沃尔德,89.0,1.34,132.02,6.646,13434461000,科创板,正常上市
688029,南微医学,75.62,4.23,25.555,3.349,14205022052,科创板,正常上市
688030,山石网科,16.5,0.06,,4.37,2973891822,科创板,正常上市
688031,星环科技-U,106.35,-0.61,,15.974,12882804667,科创板,正常上市
688032,禾迈股份,75.7,1.12,,1.656,9392367357,科创板,正常上市
688033,*ST天宜,5.94,0.0,,2.518,3339459660,科创板,*ST退市风险警示
688035,德邦科技,65.74,0.74,71.88,3.895,9350857600,科创板,正常上市
688036,传音控股,58.89,2.86,21.582,3.203,67793257855,科创板,正常上市
688037,芯源微,367.59,6.64,1051.214,26.461,74167346265,科创板,正常上市
688038,中科通达,18.12,-0.66,,3.56,2108686008,科创板,正常上市
688039,当虹科技,33.45,1.61,,3.564,3699617633,科创板,正常上市
688045,必易微,61.26,0.49,73.922,2.964,4323546346,科创板,正常上市
688046,药康生物,36.7,1.94,82.466,6.639,15053833540,科创板,正常上市
688047,龙芯中科,107.0,0.23,,17.888,42907000000,科创板,正常上市
688048,长光华芯,301.89,2.99,1577.132,17.659,53217151992,科创板,正常上市
688049,炬芯科技,39.67,-0.28,32.962,3.318,6982553292,科创板,正常上市
688050,爱博医疗,42.2,4.3,30.817,2.85,8163072417,科创板,正常上市
688051,佳华科技,25.0,3.48,,3.34,1933350000,科创板,正常上市
688052,纳芯微,245.3,10.35,,5.252,40107837089,科创板,正常上市
688053,ST思科瑞,33.7,1.51,,2.128,3370000000,科创板,ST风险警示
688055,龙腾光电,3.8,2.43,,3.16,12666666920,科创板,正常上市
688056,莱伯泰科,42.42,1.46,83.562,3.518,2861333353,科创板,正常上市
688057,金达莱,19.16,9.8,90.383,1.664,5288160000,科创板,正常上市
688058,宝兰德,22.88,1.96,,2.886,1735140127,科创板,正常上市
688059,华锐精密,90.8,0.67,37.49,5.846,12710317930,科创板,正常上市
688060,云涌科技,34.65,2.45,,2.352,2085608725,科创板,正常上市
688061,灿瑞科技,37.48,2.46,,1.875,4306054375,科创板,正常上市
688062,迈威生物-U,34.1,8.67,,127.572,15233499820,科创板,正常上市
688063,派能科技,43.98,0.87,74.322,1.168,10790899771,科创板,正常上市
688065,凯赛生物,46.29,0.09,53.44,1.88,33388504564,科创板,正常上市
688067,爱威科技,23.14,4.56,52.5,3.015,1573520000,科创板,正常上市
688068,热景生物,111.18,6.76,,4.238,10312402617,科创板,正常上市
688069,德林海,31.32,-1.42,50.957,3.782,4905746688,科创板,正常上市
688070,纵横股份,33.95,-0.15,148.243,5.136,3001875975,科创板,正常上市
688071,华依科技,32.74,-1.65,,2.744,2776015564,科创板,正常上市
688073,毕得医药,74.91,6.29,40.554,3.242,6808041635,科创板,正常上市
688075,安旭生物,30.29,4.16,153.779,0.747,3849338163,科创板,正常上市
688076,ST诺泰,28.2,4.87,28.888,2.86,8934210100,科创板,ST风险警示
688077,大地熊,29.14,-2.05,47.996,3.01,3335903607,科创板,正常上市
688078,龙软科技,23.69,4.36,,2.611,1726835170,科创板,正常上市
688079,美迪凯,15.67,-0.19,,5.164,6451340222,科创板,正常上市
688080,映翰通,36.8,3.14,19.924,2.306,2710545658,科创板,正常上市
688081,兴图新科,28.42,1.14,,7.425,2928396800,科创板,正常上市
688082,盛美上海,295.0,-0.32,84.285,9.747,142366023255,科创板,正常上市
688083,中望软件,53.63,-0.06,162.761,3.49,9098128173,科创板,正常上市
688084,晶品特装,44.12,1.5,,2.177,3338077992,科创板,正常上市
688085,三友医疗,13.57,3.91,86.819,2.348,4977594710,科创板,正常上市
688087,英科再生,39.89,-1.89,29.133,2.686,7704533706,科创板,正常上市
688088,虹软科技,31.75,0.03,48.462,4.595,12737160200,科创板,正常上市
688089,ST嘉必优,7.46,2.75,22.498,0.79,1241045622,科创板,ST风险警示
688090,瑞松科技,72.8,5.81,384.822,12.509,11554995452,科创板,正常上市
688091,上海谊众,42.48,7.14,128.117,6.062,8780770627,科创板,正常上市
688092,爱科科技,22.73,2.94,40.591,2.823,1878946810,科创板,正常上市
688093,世华科技,25.33,-0.43,17.884,2.474,7102096096,科创板,正常上市
688095,福昕软件,59.89,-0.56,115.589,2.082,5471521892,科创板,正常上市
688096,京源环保,9.07,9.28,,2.59,2120165097,科创板,正常上市
688097,博众精工,46.95,1.71,32.127,4.369,20970112567,科创板,正常上市
688098,申联生物,8.72,8.05,,2.581,3580815680,科创板,正常上市
688099,晶晨股份,93.25,-0.14,39.986,4.951,39474589534,科创板,正常上市
688100,威胜信息,25.91,-0.73,22.607,3.539,12739562884,科创板,正常上市
688101,三达膜,15.57,3.59,12.907,1.142,5169427868,科创板,正常上市
688103,国力电子,74.04,4.27,107.959,6.263,7057164507,科创板,正常上市
688105,诺唯赞,25.52,19.98,,3.472,13193458833,科创板,正常上市
688106,金宏气体,27.36,-2.15,158.14,4.063,14673876405,科创板,正常上市
688107,安路科技,31.41,1.39,,13.947,12590678617,科创板,正常上市
688108,赛诺医疗,18.58,4.91,112.904,7.829,7765548160,科创板,正常上市
688109,品茗科技,73.6,0.68,182.451,7.316,5802793280,科创板,正常上市
688110,东芯股份,114.32,-0.17,18506.448,14.068,50572583339,科创板,正常上市
688111,金山办公,241.64,-2.22,31.086,7.437,112124206433,科创板,正常上市
688112,鼎阳科技,70.5,3.92,71.436,7.082,11251580252,科创板,正常上市
688113,联测科技,35.92,3.25,23.833,2.288,2313160319,科创板,正常上市
688114,华大智造,69.11,20.0,,4.061,28785431472,科创板,正常上市
688115,思林杰,69.68,2.35,832.971,5.1,6503791840,科创板,正常上市
688116,天奈科技,31.54,0.29,51.141,3.069,11560420889,科创板,正常上市
688117,圣诺生物,26.6,-1.12,28.708,5.124,5861053815,科创板,正常上市
688118,普元信息,20.19,-0.25,,2.352,1884064435,科创板,正常上市
688119,中钢洛耐,3.89,2.64,,1.553,4376250000,科创板,正常上市
688120,华海清科,280.5,3.3,126.827,17.974,139206943359,科创板,正常上市
688122,西部超导,48.77,-0.12,44.431,4.416,31684137519,科创板,正常上市
688123,聚辰股份,140.93,-0.33,32.751,7.171,22394139049,科创板,正常上市
688125,安达智能,122.62,4.1,,5.613,10107009415,科创板,正常上市
688127,蓝特光学,69.8,6.35,59.921,12.132,28331659460,科创板,正常上市
688128,中国电研,21.86,1.06,16.314,2.452,8842370000,科创板,正常上市
688129,东来技术,21.23,2.07,25.033,2.475,2557764924,科创板,正常上市
688130,晶华微,24.27,0.87,,2.366,2934026851,科创板,正常上市
688131,皓元医药,100.09,3.19,87.019,6.814,21342600268,科创板,正常上市
688132,邦彦技术,13.38,2.92,,1.724,2036773230,科创板,正常上市
688133,泰坦科技,24.11,5.84,,1.457,3964575515,科创板,正常上市
688135,利扬芯片,25.7,2.23,3317.187,3.779,5990771284,科创板,正常上市
688136,科兴制药,21.58,9.49,38.899,2.514,4358836300,科创板,正常上市
688137,近岸蛋白,67.49,20.0,,2.343,4718728903,科创板,正常上市
688139,海尔生物,30.04,6.04,37.225,2.15,9507447377,科创板,正常上市
688141,杰华特,121.81,1.51,,43.946,54853675192,科创板,正常上市
688143,长盈通,149.5,18.41,893.335,14.205,19252729899,科创板,正常上市
688147,微导纳米,117.0,-0.27,347.703,18.384,54342187263,科创板,正常上市
688148,芳源股份,6.25,-0.95,35.16,8.637,3188581581,科创板,正常上市
688150,莱特光电,38.35,0.13,75.557,7.914,15433481385,科创板,正常上市
688151,华强科技,16.39,3.15,119.368,1.334,5646355000,科创板,正常上市
688153,唯捷创芯,25.82,1.18,815.478,2.794,11110681867,科创板,正常上市
688155,先惠技术,58.98,2.17,16.843,3.037,7511683540,科创板,正常上市
688156,路德科技,19.49,1.99,,2.544,1962918920,科创板,正常上市
688157,松井股份,19.31,4.38,380.826,2.691,3624820986,科创板,正常上市
688158,优刻得-W,32.36,-0.43,,6.097,14908416421,科创板,正常上市
688159,有方科技,32.08,1.49,79.295,3.184,2977367898,科创板,正常上市
688160,步科股份,99.96,-0.6,122.106,6.912,9117871992,科创板,正常上市
688161,威高骨科,22.71,4.41,34.793,2.165,9084000000,科创板,正常上市
688162,巨一科技,23.07,3.64,42.048,1.307,3162914879,科创板,正常上市
688163,赛伦生物,34.98,5.81,77.896,3.401,3785535600,科创板,正常上市
688165,埃夫特-U,16.4,-0.3,,7.08,8557192000,科创板,正常上市
688166,博瑞医药,38.85,3.63,332.962,6.657,16930635400,科创板,正常上市
688167,炬光科技,283.0,6.03,,16.198,36829328793,科创板,正常上市
688168,安博通,35.76,-0.14,,3.862,3864190019,科创板,正常上市
688169,石头科技,119.6,1.36,21.876,2.168,31042313713,科创板,正常上市
688170,德龙激光,53.01,2.38,326.392,4.447,5479113600,科创板,正常上市
688171,纬德信息,27.57,2.57,253.477,3.898,3221575453,科创板,正常上市
688172,燕东微,55.55,3.7,,4.365,79304185288,科创板,正常上市
688173,希荻微,13.48,2.67,,3.906,5597576686,科创板,正常上市
688175,高凌信息,19.65,3.53,,1.908,3303402765,科创板,正常上市
688176,亚虹医药-U,12.86,5.41,,5.008,7358391280,科创板,正常上市
688177,百奥泰,21.75,5.74,,40.181,9006240000,科创板,正常上市
688178,万德斯,28.74,1.91,,2.63,2442838037,科创板,正常上市
688180,君实生物-U,40.45,8.45,,7.044,41529605282,科创板,正常上市
688181,八亿时空,38.8,-0.08,54.972,2.505,5161558607,科创板,正常上市
688182,灿勤科技,28.15,0.29,90.312,4.917,11260000000,科创板,正常上市
688183,生益电子,104.4,0.98,42.586,13.428,87444524830,科创板,正常上市
688184,ST帕瓦,11.1,2.4,,1.581,1739680067,科创板,ST风险警示
688185,康希诺,64.43,20.0,,3.231,15917032098,科创板,正常上市
688186,广大特材,13.75,1.7,28.17,0.816,3856728645,科创板,正常上市
688188,柏楚电子,102.34,-0.06,32.951,6.547,41504738483,科创板,正常上市
688189,ST南新,6.62,3.12,,2.368,1806130721,科创板,ST风险警示
688190,云路股份,73.54,-0.89,31.813,3.281,8824800000,科创板,正常上市
688191,智洋创新,21.67,2.22,114.267,8.277,7107819332,科创板,正常上市
688192,迪哲医药-U,62.15,5.34,,23.392,28910057080,科创板,正常上市
688193,仁度生物,48.54,3.36,140.312,2.117,1944991490,科创板,正常上市
688195,腾景科技,176.28,8.9,443.269,31.362,31922545200,科创板,正常上市
688196,卓越新能,35.38,1.67,36.475,1.4,4500010327,科创板,正常上市
688197,首药控股-U,38.96,8.43,,8.712,5794105603,科创板,正常上市
688198,佰仁医疗,81.5,4.84,55.456,8.203,11226472840,科创板,正常上市
688199,久日新材,23.03,-0.43,76.827,1.435,3713063591,科创板,正常上市
688200,华峰测控,415.6,2.13,146.826,19.9,83451760596,科创板,正常上市
688201,ST信安,7.12,2.01,72.626,1.742,2258135170,科创板,ST风险警示
688202,美迪西,110.0,10.15,,7.547,14778740240,科创板,正常上市
688203,海正生材,11.56,0.0,219.424,1.589,2342958466,科创板,正常上市
688205,德科立,166.99,8.94,187.634,10.839,26591068121,科创板,正常上市
688206,概伦电子,39.08,-1.59,963.323,6.221,19697712538,科创板,正常上市
688207,格灵深瞳,19.44,0.21,,2.76,5034437978,科创板,正常上市
688208,道通科技,25.2,0.44,18.14,4.381,16888697557,科创板,正常上市
688209,英集芯,21.88,3.75,46.648,4.245,9491194992,科创板,正常上市
688210,统联精密,31.4,10.06,,3.988,5107539951,科创板,正常上市
688211,中科微至,31.07,3.36,,1.166,4073055222,科创板,正常上市
688212,澳华内镜,28.82,-2.07,,3.174,3881052505,科创板,正常上市
688213,思特威-W,97.3,2.88,37.404,7.17,39144449208,科创板,正常上市
688215,瑞晟智能,44.17,2.53,94.865,8.095,3990815198,科创板,正常上市
688216,气派科技,30.33,-0.39,,4.743,3469883056,科创板,正常上市
688217,睿昂基因,25.26,7.03,,1.68,1410919933,科创板,正常上市
688218,江苏北人,40.08,2.56,,5.474,4668331547,科创板,正常上市
688219,会通股份,10.26,1.68,28.154,1.851,5638896000,科创板,正常上市
688220,翱捷科技-U,95.26,-0.22,,7.324,39847342686,科创板,正常上市
688221,前沿生物-U,22.07,6.82,2387.747,7.459,8266950872,科创板,正常上市
688222,成都先导,38.7,10.1,126.354,10.082,15506316000,科创板,正常上市
688223,晶科能源,4.39,1.62,,1.809,45082719826,科创板,正常上市
688225,亚信安全,12.07,2.03,,3.11,4828120700,科创板,正常上市
688226,威腾电气,28.96,1.01,235.625,2.837,5678643088,科创板,正常上市
688227,品高股份,72.3,-2.03,,6.459,8173896383,科创板,正常上市
688228,开普云,74.68,1.92,,4.045,5044690757,科创板,正常上市
688229,博睿数据,65.73,0.38,,7.983,2918412000,科创板,正常上市
688230,芯导科技,54.7,1.13,57.413,2.859,6432720000,科创板,正常上市
688231,隆达股份,29.43,1.17,101.061,3.351,9405218475,科创板,正常上市
688232,新点软件,18.37,1.89,112.587,1.102,5914808881,科创板,正常上市
688235,百济神州,298.88,3.94,145.735,13.949,460958194897,科创板,正常上市
688236,春立医疗,15.09,4.79,20.957,1.899,5788048665,科创板,正常上市
688237,超卓航科,55.8,-1.78,350.985,4.123,5004252922,科创板,正常上市
688238,和元生物,8.04,19.11,,3.849,5218255068,科创板,正常上市
688239,航宇科技,44.88,3.31,42.942,4.134,8568168798,科创板,正常上市
688244,永信至诚,15.07,3.01,,2.4,2274990091,科创板,正常上市
688246,嘉和美康,17.8,3.67,,1.899,2449023644,科创板,正常上市
688247,宣泰医药,10.21,4.4,106.266,3.537,4628601400,科创板,正常上市
688248,南网科技,42.24,-0.82,57.724,7.207,23852928000,科创板,正常上市
688249,晶合集成,39.39,-0.91,142.112,3.607,88022690066,科创板,正常上市
688251,井松智能,21.34,1.04,144.565,2.546,2146856603,科创板,正常上市
688252,天德钰,20.39,1.24,38.054,3.325,8339945143,科创板,正常上市
688253,英诺特,57.16,2.55,87.179,3.736,7830023503,科创板,正常上市
688255,凯尔达,25.5,1.63,86.945,2.62,2801401185,科创板,正常上市
688257,新锐股份,57.1,-0.09,41.208,7.564,20285533231,科创板,正常上市
688258,卓易信息,97.8,-0.6,98.397,12.371,11847710779,科创板,正常上市
688259,创耀科技,30.81,1.65,44.36,2.182,3441477000,科创板,正常上市
688260,昀冢科技,107.56,3.42,,92.509,12907200000,科创板,正常上市
688261,东微半导,73.68,5.41,72.332,2.987,9036507693,科创板,正常上市
688262,国芯科技,26.77,0.68,,4.667,8994717671,科创板,正常上市
688265,南模生物,44.85,8.25,105.681,2.042,3496663558,科创板,正常上市
688266,泽璟制药-U,138.34,12.89,66.597,21.284,36619730451,科创板,正常上市
688267,中触媒,18.94,0.48,27.259,1.504,4320901408,科创板,正常上市
688269,凯立新材,31.29,2.76,30.182,3.715,4089728160,科创板,正常上市
688271,联影医疗,109.99,1.23,51.264,4.115,90649137100,科创板,正常上市
688272,富吉瑞,28.45,1.43,,5.425,2162200000,科创板,正常上市
688273,麦澜德,31.24,5.01,36.455,2.28,3124000000,科创板,正常上市
688275,万润新能,79.08,-1.61,101.288,1.809,9973448054,科创板,正常上市
688276,百克生物,18.71,20.01,,2.013,7739533659,科创板,正常上市
688277,天智航-U,16.06,1.13,,6.331,7491104436,科创板,正常上市
688278,特宝生物,64.99,0.92,24.566,8.547,26528234305,科创板,正常上市
688279,峰岹科技,168.04,0.83,75.329,3.719,19343770003,科创板,正常上市
688280,精进电动-W,5.49,2.62,308.629,5.025,3240316952,科创板,正常上市
688281,华秦科技,45.45,-1.35,52.115,3.584,17343672050,科创板,正常上市
688282,理工导航,55.81,-0.57,,3.897,4968725233,科创板,正常上市
688283,坤恒顺维,28.55,1.75,66.997,3.511,3477390000,科创板,正常上市
688285,高铁电气,7.69,2.12,49.176,1.7,2893669431,科创板,正常上市
688286,敏芯股份,51.28,10.45,,3.876,4015917357,科创板,正常上市
688288,鸿泉技术,18.47,3.42,783.109,2.456,1843559113,科创板,正常上市
688289,圣湘生物,17.45,11.5,64.421,1.411,10110320705,科创板,正常上市
688290,景业智能,66.86,1.83,,5.4,6832404278,科创板,正常上市
688291,金橙子,43.01,5.47,56.684,4.357,4415694767,科创板,正常上市
688292,浩瀚深度,17.21,2.26,,2.797,2725219867,科创板,正常上市
688293,奥浦迈,63.9,5.83,137.131,2.536,9086209316,科创板,正常上市
688295,中复神鹰,38.47,-0.54,201.452,7.285,34623000000,科创板,正常上市
688296,和达科技,26.25,0.61,,4.964,2819070450,科创板,正常上市
688297,中无人机,38.89,0.15,234.954,4.731,26250750000,科创板,正常上市
688298,东方生物,20.06,5.75,,0.686,4044096000,科创板,正常上市
688299,长阳科技,12.84,0.31,,1.882,3690124759,科创板,正常上市
688300,联瑞新材,142.57,1.65,113.612,19.864,34426262418,科创板,正常上市
688301,奕瑞科技,98.95,2.72,43.006,4.001,31011859635,科创板,正常上市
688302,海创药业-U,38.08,7.24,,3.647,3770513972,科创板,正常上市
688303,大全能源,17.86,0.22,,1.004,38085428640,科创板,正常上市
688305,科德数控,64.31,0.67,94.667,4.453,8524843759,科创板,正常上市
688306,均普智能,8.7,-0.34,1322.288,6.108,10686060360,科创板,正常上市
688307,中润光学,51.26,7.49,94.173,6.939,6370777336,科创板,正常上市
688308,欧科亿,95.43,1.01,50.535,5.349,15152538394,科创板,正常上市
688309,恒誉科技,73.78,0.42,55.207,6.978,5858225627,科创板,正常上市
688310,迈得医疗,15.19,3.19,44.019,3.088,2496090674,科创板,正常上市
688311,盟升电子,22.95,1.5,,2.242,4018705443,科创板,正常上市
688312,燕麦科技,49.15,3.69,52.868,4.652,7211041070,科创板,正常上市
688313,仕佳光子,164.0,8.32,157.592,43.173,74125757792,科创板,正常上市
688314,康拓医疗,32.65,3.65,30.35,3.608,2665163081,科创板,正常上市
688315,诺禾致源,17.1,15.0,43.791,2.658,7117020000,科创板,正常上市
688316,青云科技-U,48.38,-0.21,,43.605,2317311481,科创板,正常上市
688317,之江生物,18.15,4.37,,1.056,3445663373,科创板,正常上市
688318,财富趋势,75.63,-0.88,89.368,7.004,27118441874,科创板,正常上市
688319,欧林生物,29.4,7.61,,13.711,11919033420,科创板,正常上市
688320,禾川科技,32.65,-0.03,,4.063,4930596260,科创板,正常上市
688321,微芯生物,29.95,3.78,143.034,5.468,13266091546,科创板,正常上市
688322,奥比中光-W,100.0,1.52,306.732,10.361,41283473200,科创板,正常上市
688323,瑞华泰,29.66,0.51,,7.461,5943813192,科创板,正常上市
688325,赛微微电,108.55,-0.41,100.985,5.268,9385930651,科创板,正常上市
688326,经纬恒润-W,64.34,3.29,180.583,1.951,7716445469,科创板,正常上市
688327,云从科技-UW,10.27,0.88,,14.173,10680546629,科创板,正常上市
688328,深科达,75.97,2.15,109.955,8.176,7175844731,科创板,正常上市
688329,艾隆科技,20.56,3.94,165.062,2.102,1587232000,科创板,正常上市
688330,宏力达,33.1,2.6,7.345,1.055,4634000000,科创板,正常上市
688331,荣昌生物,133.38,3.95,58.283,19.165,75290006683,科创板,正常上市
688332,中科蓝讯,91.41,3.51,9.249,2.865,16315344564,科创板,正常上市
688333,铂力特,106.68,8.95,124.255,5.852,29264689522,科创板,正常上市
688334,西高院,18.09,1.69,22.442,1.92,5726922540,科创板,正常上市
688335,复洁科技,20.09,2.55,,2.628,2974014953,科创板,正常上市
688336,三生国健,48.61,3.47,14.646,5.054,43565518104,科创板,正常上市
688337,普源精电,45.03,2.83,93.38,2.746,9847008064,科创板,正常上市
688338,赛科希德,30.76,3.05,38.061,1.91,3264940224,科创板,正常上市
688339,亿华通-U,17.05,3.15,,2.128,4101071981,科创板,正常上市
688343,云天励飞-U,56.55,0.52,,5.467,20335571139,科创板,正常上市
688345,博力威,54.83,0.99,60.487,4.414,5585660402,科创板,正常上市
688347,华虹宏力,232.68,-0.14,819.468,8.935,404334179217,科创板,正常上市
688348,昱能科技,32.1,2.52,,1.502,5016505664,科创板,正常上市
688349,三一重能,14.13,0.36,20.791,1.567,22513841283,科创板,正常上市
688350,富淼科技,28.92,0.0,143.539,2.229,4142634642,科创板,正常上市
688351,微电生理,20.55,5.66,155.239,5.351,9670830000,科创板,正常上市
688352,颀中科技,18.36,1.21,,3.785,21840539588,科创板,正常上市
688355,明志科技,17.45,0.69,30.946,1.954,2163033456,科创板,正常上市
688356,键凯科技,89.45,20.0,75.105,4.052,5425205115,科创板,正常上市
688357,建龙微纳,27.15,2.3,30.336,1.544,2716625606,科创板,正常上市
688358,祥生医疗,29.89,5.06,27.718,2.361,3351434573,科创板,正常上市
688359,三孚新科,95.12,-1.33,,14.949,9481575583,科创板,正常上市
688360,德马科技,15.48,2.31,40.591,2.742,4082782925,科创板,正常上市
688361,中科飞测,355.59,3.97,22152.873,24.547,125186053691,科创板,正常上市
688362,甬矽电子,64.61,0.17,349.713,10.169,29282795533,科创板,正常上市
688363,华熙生物,37.02,3.76,69.978,2.501,17831728519,科创板,正常上市
688365,光云科技,14.57,0.41,,6.496,6211055266,科创板,正常上市
688366,昊海生科,32.68,5.01,31.923,1.381,7478236133,科创板,正常上市
688367,工大高科,29.69,0.13,320.387,4.372,2601574374,科创板,正常上市
688368,晶丰明源,129.41,3.82,333.684,8.126,26374649894,科创板,正常上市
688369,致远互联,19.85,-0.05,,2.994,2287078709,科创板,正常上市
688370,丛麟科技,23.42,3.13,111.329,1.202,3211066526,科创板,正常上市
688371,菲沃泰,27.85,0.0,3478.759,4.78,9342905115,科创板,正常上市
688372,伟测科技,125.73,0.42,61.033,5.044,21247933717,科创板,正常上市
688373,盟科药业-U,5.66,9.06,,20.418,3714252631,科创板,正常上市
688376,美埃科技,67.48,1.46,82.324,4.661,9126801181,科创板,正常上市
688377,迪威尔,20.34,1.8,41.15,2.485,4750839571,科创板,正常上市
688378,奥来德,47.25,3.62,55.868,5.882,12352338999,科创板,正常上市
688379,华光新材,52.51,1.67,38.454,3.553,4987324238,科创板,正常上市
688380,中微半导,42.51,-1.32,46.082,5.272,17019516150,科创板,正常上市
688381,帝奥微,33.31,3.25,,3.283,8244225000,科创板,正常上市
688382,益方生物-U,21.41,5.11,,8.278,12409064806,科创板,正常上市
688383,新益昌,128.0,5.62,,10.363,13010752000,科创板,正常上市
688385,复旦微电,53.63,-0.65,49.755,6.325,44176063378,科创板,正常上市
688386,泛亚微透,51.93,1.82,50.391,3.409,5172693189,科创板,正常上市
688388,嘉元科技,28.09,-1.54,121.09,2.29,18536796254,科创板,正常上市
688389,普门科技,11.42,4.1,30.017,2.276,4893307037,科创板,正常上市
688390,固德威,65.15,-0.23,59.904,5.566,15839471985,科创板,正常上市
688391,钜泉科技,25.49,2.37,77.901,1.575,2946489531,科创板,正常上市
688392,骄成超声,191.32,0.28,153.532,11.927,22142106435,科创板,正常上市
688393,安必平,20.72,6.15,,1.641,1938722723,科创板,正常上市
688395,正弦电气,22.58,2.22,45.579,2.463,1955376518,科创板,正常上市
688398,赛特新材,21.22,3.21,240.469,3.461,3561017430,科创板,正常上市
688399,硕世生物,29.65,4.14,,1.249,3680458859,科创板,正常上市
688400,凌云光,47.11,2.41,64.751,3.956,22412565776,科创板,正常上市
688401,路维光电,68.85,0.15,52.165,5.307,14139703845,科创板,正常上市
688403,汇成股份,23.1,0.7,360.117,5.08,22940567750,科创板,正常上市
688408,中信博,25.66,2.85,,1.386,5621230635,科创板,正常上市
688409,富创精密,208.11,-1.37,891.387,14.103,63725523553,科创板,正常上市
688410,山外山,11.41,5.26,31.253,2.783,5105300327,科创板,正常上市
688411,海博思创,199.98,-1.63,34.389,7.211,36487318103,科创板,正常上市
688416,恒烁股份,74.45,2.27,,6.036,8031717668,科创板,正常上市
688418,震有科技,32.61,-1.06,,7.687,6279206615,科创板,正常上市
688419,耐科装备,47.7,0.32,76.045,5.193,5464114611,科创板,正常上市
688420,美腾科技,22.34,2.52,,1.385,1975526200,科创板,正常上市
688425,铁建重工,4.1,0.49,17.463,1.173,21867337700,科创板,正常上市
688426,康为世纪,22.87,19.99,,1.922,2572731285,科创板,正常上市
688428,诺诚健华,31.9,4.32,77.274,7.665,56434513364,科创板,正常上市
688429,时创能源,10.49,1.75,,3.254,4196008392,科创板,正常上市
688433,华曙高科,103.25,20.0,588.336,20.021,42908381728,科创板,正常上市
688435,英方软件,30.42,0.76,,2.345,2540070000,科创板,正常上市
688439,振华风光,38.72,1.31,56.721,1.544,7744000000,科创板,正常上市
688443,智翔金泰-U,26.78,3.48,,6.841,9819690400,科创板,正常上市
688448,磁谷科技,62.74,-0.02,916.398,5.964,6118338296,科创板,正常上市
688449,联芸科技,68.2,1.25,178.439,16.277,31372000000,科创板,正常上市
688450,光格科技,33.2,0.88,,2.342,2191200000,科创板,正常上市
688455,科捷智能,15.24,3.74,85.273,2.782,2560787350,科创板,正常上市
688456,有研粉材,81.9,-0.35,94.451,6.595,8489754000,科创板,正常上市
688458,美芯晟,33.67,5.45,,2.063,3755438298,科创板,正常上市
688459,哈铁科技,7.96,1.27,51.407,1.124,3820800000,科创板,正常上市
688466,金科环境,14.08,3.91,60.246,1.491,1719930460,科创板,正常上市
688468,科美诊断,6.5,4.84,68.019,1.836,2607202000,科创板,正常上市
688469,芯联集成-U,8.85,-1.88,,5.556,74186781472,科创板,正常上市
688472,阿特斯,10.26,0.69,25.121,1.581,37378617549,科创板,正常上市
688475,萤石网络,29.62,1.44,34.621,3.964,23325750000,科创板,正常上市
688478,晶升股份,49.7,-0.08,,4.588,6876794971,科创板,正常上市
688479,友车科技,33.52,0.96,141.259,3.582,6748392547,科创板,正常上市
688480,赛恩斯,76.8,0.93,60.733,6.068,7321050547,科创板,正常上市
688484,南芯科技,36.43,3.94,220.224,3.873,15650717000,科创板,正常上市
688485,九州一轨,84.59,-1.64,,10.165,12713205525,科创板,正常上市
688486,龙迅股份,44.21,1.94,45.522,5.171,8261576150,科创板,正常上市
688489,三未信安,23.27,1.62,,2.178,3946092742,科创板,正常上市
688498,源杰科技,1545.0,1.77,540.248,76.188,192353082465,科创板,正常上市
688499,利元亨,34.67,1.76,102.546,2.472,5849817442,科创板,正常上市
688500,慧辰股份,36.4,-2.05,,3.772,2765754919,科创板,正常上市
688501,青达环保,13.27,3.03,17.161,2.007,2307870628,科创板,正常上市
688502,茂莱光学,455.0,-1.08,1292.927,20.139,24024340340,科创板,正常上市
688503,聚和材料,94.53,0.25,36.926,4.313,22879440273,科创板,正常上市
688505,复旦张江,8.85,4.0,,4.262,9173663085,科创板,正常上市
688506,百利天恒,295.86,2.1,,21.644,122152847498,科创板,正常上市
688507,索辰科技,155.52,-1.39,1050.469,5.01,13858198088,科创板,正常上市
688508,芯朋微,83.35,1.49,43.56,3.813,11037235839,科创板,正常上市
688509,正元地信,4.26,3.65,,2.975,3280200000,科创板,正常上市
688510,航亚科技,23.51,1.86,66.406,5.028,6110780514,科创板,正常上市
688511,天微电子,21.53,0.37,121.628,3.506,2878084864,科创板,正常上市
688512,慧智微-U,14.45,2.7,,4.244,6833355119,科创板,正常上市
688513,苑东生物,48.1,6.56,30.956,2.842,8491201514,科创板,正常上市
688515,裕太微-U,149.83,3.22,,8.171,11986400000,科创板,正常上市
688516,奥特维,40.92,0.15,32.375,3.51,12879997941,科创板,正常上市
688517,金冠电气,16.1,3.14,28.926,2.719,2199472262,科创板,正常上市
688518,联赢激光,19.46,1.04,39.944,2.009,6642186349,科创板,正常上市
688519,南亚新材,282.0,1.26,179.566,22.954,66320884644,科创板,正常上市
688520,神州细胞,40.94,9.52,,18.68,19255544131,科创板,正常上市
688522,纳睿雷达,18.48,0.49,68.602,3.351,7836305880,科创板,正常上市
688525,佰维存储,234.67,1.28,28.019,12.981,110662547164,科创板,正常上市
688526,科前生物,13.55,2.81,16.206,1.465,6316035159,科创板,正常上市
688528,秦川物联,9.8,3.48,,3.699,1646400000,科创板,正常上市
688529,豪森智能,15.75,2.81,,2.674,2648771260,科创板,正常上市
688530,欧莱新材,64.73,0.48,5489.668,12.23,10359701458,科创板,正常上市
688531,日联科技,133.73,0.55,100.08,6.457,22144877462,科创板,正常上市
688533,上声电子,21.05,2.83,19.337,1.958,3472978644,科创板,正常上市
688535,华海诚科,100.63,0.48,471.62,6.634,14417667652,科创板,正常上市
688536,思瑞浦,309.94,15.31,103.105,6.464,42795115201,科创板,正常上市
688538,和辉光电-U,2.31,0.0,,4.202,31899800914,科创板,正常上市
688539,高华科技,25.93,-2.15,91.856,2.747,4820905600,科创板,正常上市
688543,国科军工,37.94,0.37,40.009,3.886,9508159828,科创板,正常上市
688548,广钢气体,38.0,0.32,156.181,8.227,50137143798,科创板,正常上市
688550,瑞联新材,38.97,-1.22,22.328,2.027,6861374481,科创板,正常上市
688551,科威尔,38.98,2.02,83.547,3.227,4248609859,科创板,正常上市
688552,航天南湖,25.97,1.52,,3.391,8758330560,科创板,正常上市
688553,汇宇制药-W,12.55,5.55,348.585,2.078,7855055780,科创板,正常上市
688556,高测股份,8.17,0.12,,1.743,6787423041,科创板,正常上市
688557,兰剑智能,22.23,5.61,29.697,2.685,3297209797,科创板,正常上市
688558,国盛智科,32.2,1.9,25.969,2.42,4250400000,科创板,正常上市
688559,海目星,53.41,0.68,,5.464,13232810540,科创板,正常上市
688560,明冠新材,11.93,1.71,,0.936,2401531882,科创板,正常上市
688561,奇安信-U,25.54,0.83,,2.468,17424734597,科创板,正常上市
688562,航天软件,13.87,1.31,,3.328,5548000000,科创板,正常上市
688563,航材股份,49.9,0.2,43.076,2.151,22423041445,科创板,正常上市
688565,力源科技,11.06,2.98,250.537,3.33,1656013800,科创板,正常上市
688566,吉贝尔,26.96,2.16,21.339,2.167,5421699810,科创板,正常上市
688567,孚能科技,9.6,0.73,,1.285,11732197296,科创板,正常上市
688570,天玛智控,15.5,2.18,118.969,1.555,6711500000,科创板,正常上市
688571,杭华股份,8.69,0.58,34.083,2.164,3686043383,科创板,正常上市
688573,信宇人,16.17,3.32,,4.571,1580688454,科创板,正常上市
688575,亚辉龙,9.86,5.01,180.902,2.077,5633888638,科创板,正常上市
688576,西山科技,42.38,3.37,60.072,1.651,2866718350,科创板,正常上市
688577,浙海德曼,41.35,0.85,99.989,6.222,6441983487,科创板,正常上市
688578,艾力斯,120.78,3.69,20.29,6.423,54351000000,科创板,正常上市
688579,地纬智能,8.03,3.48,91.952,2.318,3212080300,科创板,正常上市
688580,伟思医疗,50.44,5.28,29.026,2.752,4830703767,科创板,正常上市
688581,安杰思,53.36,2.42,20.15,1.699,4308321404,科创板,正常上市
688582,芯动联科,42.61,3.55,92.248,6.757,17118101176,科创板,正常上市
688583,思看科技,84.4,4.06,137.082,8.774,10445344000,科创板,正常上市
688584,上海合晶,29.63,-0.74,167.055,4.738,19828258280,科创板,正常上市
688586,江航装备,10.36,1.67,160.999,3.29,8198273656,科创板,正常上市
688588,凌志软件,9.44,1.72,95.949,3.075,3681694428,科创板,正常上市
688589,力合微,18.32,1.78,621.741,2.802,2662418450,科创板,正常上市
688590,新致软件,12.58,1.13,,2.208,3935843524,科创板,正常上市
688591,泰凌微,26.8,-1.07,64.832,2.628,6473913297,科创板,正常上市
688592,司南导航,24.72,2.87,151.88,3.02,2871149168,科创板,正常上市
688593,新相微,32.39,0.68,1212.939,9.575,14884157655,科创板,正常上市
688595,芯海科技,27.97,2.42,,6.226,4030295922,科创板,正常上市
688596,正帆科技,66.2,1.56,275.689,5.372,21029784915,科创板,正常上市
688597,煜邦电力,6.79,1.19,48.435,2.867,2281849274,科创板,正常上市
688598,金博股份,34.79,4.01,,1.871,7221468706,科创板,正常上市
688599,天合光能,12.79,0.16,,1.471,29961440704,科创板,正常上市
688600,皖仪科技,27.06,1.39,42.875,4.57,3645211739,科创板,正常上市
688601,力芯微,46.35,1.4,240.97,4.968,6196656645,科创板,正常上市
688602,康鹏科技,6.82,1.64,,1.305,3542137500,科创板,正常上市
688603,天承科技,105.0,0.24,134.12,10.709,13096075020,科创板,正常上市
688606,奥泰生物,49.3,4.25,20.91,1.007,3729759603,科创板,正常上市
688607,康众医疗,43.13,3.9,,4.528,3801004935,科创板,正常上市
688608,恒玄科技,110.77,5.38,57.007,3.73,26239867426,科创板,正常上市
688609,九联科技,8.98,1.01,,4.761,4687137024,科创板,正常上市
688610,埃科光电,166.84,3.34,116.849,6.912,11345120000,科创板,正常上市
688611,杭州柯林,64.92,5.05,,11.543,9958052832,科创板,正常上市
688612,威迈斯,33.4,-0.6,24.437,3.894,14000729167,科创板,正常上市
688613,奥精医疗,15.79,5.55,152.256,1.507,2163365541,科创板,正常上市
688616,西力科技,10.99,3.19,19.396,2.164,1971367132,科创板,正常上市
688617,惠泰医疗,266.22,16.51,40.392,12.204,37677893508,科创板,正常上市
688618,三旺通信,31.26,6.73,126.734,4.172,3440095728,科创板,正常上市
688619,罗普特,15.41,11.02,,4.345,2857600227,科创板,正常上市
688620,安凯微,15.42,2.66,,4.743,6044640000,科创板,正常上市
688621,阳光诺和,66.45,1.61,38.182,5.936,7442400000,科创板,正常上市
688622,*ST禾信,104.02,0.01,,24.765,7329823494,科创板,*ST退市风险警示
688623,双元科技,58.68,-0.53,71.994,2.371,5017851026,科创板,正常上市
688625,呈和科技,57.24,-0.05,50.468,9.461,14863335646,科创板,正常上市
688626,翔宇医疗,45.58,5.56,90.563,3.466,7292800000,科创板,正常上市
688627,精智达,483.66,-1.69,543.633,25.47,45526022964,科创板,正常上市
688628,优利德,82.34,12.18,47.636,6.936,9202943196,科创板,正常上市
688629,华丰科技,135.6,-0.88,147.023,21.927,63495373390,科创板,正常上市
688630,芯碁微装,433.0,-0.23,183.1,23.583,63436715228,科创板,正常上市
688631,莱斯信息,40.16,2.9,114.299,3.448,6564955200,科创板,正常上市
688633,星球石墨,24.1,0.92,18.211,1.959,4106655183,科创板,正常上市
688635,长进光子,336.47,6.72,314.09,21.064,31517144900,科创板,正常上市
688636,智明达,19.91,3.27,29.454,2.414,3462476504,科创板,正常上市
688638,誉辰智能,33.53,3.55,,2.457,1877680000,科创板,正常上市
688639,华恒生物,17.35,4.58,35.162,1.614,4339507274,科创板,正常上市
688646,逸飞激光,71.12,-1.22,,4.708,6696844681,科创板,正常上市
688648,中邮科技,32.08,4.33,7.053,2.025,4362880000,科创板,正常上市
688651,盛邦安全,23.0,1.37,,2.582,2357338080,科创板,正常上市
688652,京仪装备,145.04,1.92,153.741,10.842,24366720000,科创板,正常上市
688653,康希通信,14.73,11.17,,4.344,6252590400,科创板,正常上市
688655,迅捷兴,42.94,2.78,,8.778,5727766600,科创板,正常上市
688656,浩欧博,95.41,3.65,218.712,7.291,6060311630,科创板,正常上市
688657,浩辰软件,32.98,0.15,67.944,2.249,3146963869,科创板,正常上市
688658,悦康药业,15.49,19.98,,2.124,6970500000,科创板,正常上市
688659,元琛科技,10.65,1.24,,3.294,1704000000,科创板,正常上市
688660,电气风电,7.9,-1.62,,2.916,10533333860,科创板,正常上市
688661,和林微纳,96.66,0.15,,12.085,14681477261,科创板,正常上市
688662,富信科技,94.66,2.62,263.934,15.108,10858036261,科创板,正常上市
688663,新风光,55.34,-0.68,152.655,7.871,10915703435,科创板,正常上市
688665,四方光电,43.88,-0.05,34.461,3.653,4440319923,科创板,正常上市
688667,菱电电控,92.13,1.62,32.455,2.665,4854832453,科创板,正常上市
688668,鼎通科技,245.75,1.31,110.802,16.306,34225751425,科创板,正常上市
688669,聚石化学,76.71,5.07,,8.566,9307480051,科创板,正常上市
688670,金迪克,17.43,13.77,,1.994,2147376000,科创板,正常上市
688671,碧兴物联,24.43,3.52,,1.918,1918216727,科创板,正常上市
688676,金盘科技,67.31,-0.84,46.558,5.988,30948167188,科创板,正常上市
688677,海泰新光,87.5,1.47,61.249,7.577,10489237500,科创板,正常上市
688678,福立旺,19.7,6.09,91.656,3.397,7941198070,科创板,正常上市
688679,通源环境,39.49,3.92,,4.738,5200425266,科创板,正常上市
688680,海优新材,34.0,2.69,,2.102,3317412572,科创板,正常上市
688681,科汇股份,16.86,2.68,35.279,2.843,1764736200,科创板,正常上市
688682,霍莱沃,31.3,1.2,,5.158,3187557414,科创板,正常上市
688683,莱尔科技,30.01,5.67,102.914,3.996,4834544978,科创板,正常上市
688685,迈信林,40.81,1.72,,7.482,5993016530,科创板,正常上市
688686,奥普特,123.67,7.54,71.752,4.74,15116858720,科创板,正常上市
688687,凯因科技,18.69,5.77,288.767,1.859,3194951247,科创板,正常上市
688689,银河微电,39.69,-0.53,56.977,3.815,5751399909,科创板,正常上市
688690,纳微科技,45.37,6.5,104.735,8.961,18321075888,科创板,正常上市
688691,灿芯股份,64.02,0.61,,6.368,7682400000,科创板,正常上市
688692,达梦数据,248.5,1.25,49.38,7.241,28140140000,科创板,正常上市
688693,锴威特,77.26,-0.72,,7.33,5692842142,科创板,正常上市
688695,中创股份,19.4,3.03,,2.167,1649996733,科创板,正常上市
688696,极米科技,70.51,0.89,37.666,1.65,4937110200,科创板,正常上市
688697,纽威数控,14.44,3.51,29.868,4.83,9245451610,科创板,正常上市
688698,伟创电气,45.0,0.94,38.033,4.023,9676492830,科创板,正常上市
688699,明微电子,61.7,2.85,91.915,5.294,6790988288,科创板,正常上市
688700,东威科技,57.22,1.92,96.164,8.81,17074525819,科创板,正常上市
688701,卓锦股份,8.36,3.98,,8.64,1122558830,科创板,正常上市
688702,盛科通信-U,372.95,-1.34,,68.513,152909500000,科创板,正常上市
688707,振华新材,10.3,1.38,,1.346,5240024112,科创板,正常上市
688708,佳驰科技,42.47,1.43,38.523,4.808,17008283672,科创板,正常上市
688709,成都华微,25.92,0.86,255.441,5.671,16507074914,科创板,正常上市
688710,益诺思,100.1,9.92,,6.037,14112059462,科创板,正常上市
688711,宏微科技,24.75,-1.39,316.678,5.016,5364625093,科创板,正常上市
688712,北芯生命,33.95,4.46,134.676,8.022,14157150000,科创板,正常上市
688716,中研股份,27.41,1.29,2394.448,2.828,3335248800,科创板,正常上市
688717,艾罗能源,57.65,-1.87,65.133,2.081,9224000000,科创板,正常上市
688718,唯赛勃,14.11,2.62,48.737,3.039,2451674429,科创板,正常上市
688719,爱科赛博,49.05,2.19,,3.364,5659654753,科创板,正常上市
688720,艾森股份,67.05,-0.49,154.884,7.897,8222876626,科创板,正常上市
688722,同益中,13.81,0.88,30.249,2.12,3094892812,科创板,正常上市
688727,恒坤新材,48.0,-0.68,226.702,8.528,21567340800,科创板,正常上市
688728,格科微,15.99,0.5,401.19,5.283,41583380805,科创板,正常上市
688729,屹唐股份,24.21,-1.59,116.811,7.931,71554107600,科创板,正常上市
688733,壹石通,30.0,-0.53,,2.864,5993255700,科创板,正常上市
688737,中自科技,17.85,3.12,,1.203,2134226486,科创板,正常上市
688739,成大生物,21.54,7.22,155.56,0.959,8970333000,科创板,正常上市
688750,金天钛业,13.91,0.87,108.11,2.6,6433375000,科创板,正常上市
688755,汉邦科技,27.7,1.54,41.558,2.466,3168880000,科创板,正常上市
688757,胜科纳米,32.17,1.26,224.577,14.49,12974530505,科创板,正常上市
688758,赛分科技,29.3,8.84,88.223,8.802,12202397661,科创板,正常上市
688759,必贝特-U,27.18,2.72,,7.519,12231996337,科创板,正常上市
688765,禾元生物-U,38.81,5.52,,4.837,13874575000,科创板,正常上市
688766,普冉股份,480.36,7.42,71.896,21.37,71431238719,科创板,正常上市
688767,博拓生物,40.6,3.84,200.01,2.569,6062933360,科创板,正常上市
688768,容知日新,42.92,5.17,55.689,3.493,3776475562,科创板,正常上市
688772,珠海冠宇,14.87,6.9,41.219,2.337,16926218009,科创板,正常上市
688775,影石创新,119.38,1.17,57.182,8.252,47871380000,科创板,正常上市
688776,国光电气,46.74,0.21,,2.967,5065841004,科创板,正常上市
688777,中控技术,91.7,2.63,183.18,7.231,72552079626,科创板,正常上市
688778,厦钨新能,45.94,-1.18,25.45,2.438,23185508353,科创板,正常上市
688779,五矿新能,8.13,-0.12,24.798,2.144,15684558470,科创板,正常上市
688781,视涯科技-UW,39.28,4.33,,9.684,39280000000,科创板,正常上市
688785,恒运昌,270.5,-0.46,189.984,8.205,18313306604,科创板,正常上市
688786,悦安新材,27.68,1.39,56.317,6.007,4797510333,科创板,正常上市
688787,海天瑞声,105.82,2.04,288.201,8.502,6383610548,科创板,正常上市
688788,科思科技,30.46,8.94,,4.032,6667821049,科创板,正常上市
688789,宏华数科,47.89,2.7,18.705,2.388,8632464964,科创板,正常上市
688790,昂瑞微-UW,96.76,0.18,,3.544,9630686131,科创板,正常上市
688793,倍轻松,20.63,3.93,,7.956,1753614345,科创板,正常上市
688795,摩尔线程-U,546.99,-0.18,,21.114,257100734417,科创板,正常上市
688796,百奥赛图,138.18,5.0,212.587,27.063,61752423676,科创板,正常上市
688797,臻宝科技,307.31,-1.21,192.93,16.639,47722260864,科创板,正常上市
688798,艾为电子,53.99,1.6,49.29,2.999,12586632011,科创板,正常上市
688799,华纳药厂,45.24,5.31,26.997,2.862,6045737880,科创板,正常上市
688800,瑞可达,61.05,6.16,62.352,7.319,17606027693,科创板,正常上市
688802,沐曦股份-U,711.99,-2.33,,21.748,284867199000,科创板,正常上市
688805,健信超导,39.75,3.7,80.462,5.349,6665280000,科创板,正常上市
688806,泰诺麦博-U,27.95,8.97,,,12872266011,科创板,正常上市
688807,优迅股份,310.0,6.99,267.928,13.793,24800000000,科创板,正常上市
688808,联讯仪器,2314.01,4.19,869.506,80.995,237571694105,科创板,正常上市
688809,强一股份,454.23,-2.35,119.396,14.078,58849720839,科创板,正常上市
688811,有研复材,21.58,-2.0,151.027,6.882,10826116396,科创板,正常上市
688813,泰金新能,113.53,3.13,103.241,10.142,18164800000,科创板,正常上市
688816,易思维,48.6,1.23,72.28,2.671,4860000000,科创板,正常上市
688818,电科蓝天,45.88,-0.43,212.925,14.594,79690068073,科创板,正常上市
688819,天能股份,21.7,1.4,16.927,1.231,21094570000,科创板,正常上市
688825,长鑫科技,57.57,0.03,136.556,27.629,3850332611453,科创板,正常上市
688826,C频准,946.92,0.52,227.551,,37876800000,科创板,正常上市
688828,国仪公司-U,81.16,2.19,,22.908,32464811600,科创板,正常上市
688981,中芯国际,125.5,-1.96,212.942,5.642,1074412968882,科创板,正常上市
