代码,名称,共振级别,周K信号,月K信号
600004,白云机场,🚀 月K单启,False,True
600010,包钢股份,🚀 月K单启,False,True
600017,日照港,🚀 月K单启,False,True
600021,上海电力,🚀 月K单启,False,True
600028,中国石化,🚀 月K单启,False,True
600029,南方航空,🚀 月K单启,False,True
600032,浙江新能,🚀 月K单启,False,True
600033,福建高速,🚀 月K单启,False,True
600036,招商银行,🚀 月K单启,False,True
600038,中直股份,🚀 月K单启,False,True
600039,四川路桥,🚀 月K单启,False,True
600051,宁波联合,🚀 月K单启,False,True
600054,黄山旅游,🚀 月K单启,False,True
600055,万东医疗,🚀 月K单启,False,True
600059,古越龙山,🚀 月K单启,False,True
600061,国投资本,🚀 月K单启,False,True
600064,南京高科,🚀 月K单启,False,True
600067,冠城新材,🚀 月K单启,False,True
600072,中船科技,🚀 月K单启,False,True
600073,光明肉业,🚀 月K单启,False,True
600075,新疆天业,🚀 月K单启,False,True
600085,同仁堂,🚀 月K单启,False,True
600088,中视传媒,🚀 月K单启,False,True
600089,特变电工,🚀 月K单启,False,True
600097,开创国际,🚀 月K单启,False,True
600100,同方股份,🚀 月K单启,False,True
600103,青山纸业,🚀 月K单启,False,True
600104,上汽集团,🚀 月K单启,False,True
600106,重庆路桥,🚀 月K单启,False,True
600108,亚盛集团,🚀 月K单启,False,True
600110,诺德股份,📈 周K单启,True,False
600115,中国东航,🚀 月K单启,False,True
600117,西宁特钢,🚀 月K单启,False,True
600120,浙江东方,🚀 月K单启,False,True
600125,铁龙物流,🚀 月K单启,False,True
600126,杭钢股份,🚀 月K单启,False,True
600128,苏豪弘业,🚀 月K单启,False,True
600131,国网信通,🚀 月K单启,False,True
600133,东湖高新,🚀 月K单启,False,True
600135,乐凯胶片,🚀 月K单启,False,True
600141,兴发集团,📈 周K单启,True,False
600148,长春一东,🚀 月K单启,False,True
600173,卧龙新能,🚀 月K单启,False,True
600183,生益科技,📈 周K单启,True,False
600185,珠免集团,🚀 月K单启,False,True
600191,华资实业,🚀 月K单启,False,True
600192,长城电工,🚀 月K单启,False,True
600198,大唐电信,🔥 周月双启,True,True
600202,哈空调,🚀 月K单启,False,True
600207,安彩高科,📈 周K单启,True,False
600211,西藏药业,🚀 月K单启,False,True
600212,绿能慧充,🚀 月K单启,False,True
600218,全柴动力,🚀 月K单启,False,True
600223,福瑞达,🚀 月K单启,False,True
600230,沧州大化,🚀 月K单启,False,True
600231,凌钢股份,🚀 月K单启,False,True
600235,民丰特纸,🚀 月K单启,False,True
600249,两面针,🚀 月K单启,False,True
600250,南京商旅,🚀 月K单启,False,True
600252,中恒集团,🚀 月K单启,False,True
600257,大湖股份,🚀 月K单启,False,True
600259,中稀有色,📈 周K单启,True,False
600261,阳光照明,🚀 月K单启,False,True
600266,城建发展,🚀 月K单启,False,True
600262,北方股份,🚀 月K单启,False,True
600269,赣粤高速,🚀 月K单启,False,True
600271,航天信息,🚀 月K单启,False,True
600273,嘉化能源,🚀 月K单启,False,True
600278,东方创业,🚀 月K单启,False,True
600279,重庆港,🚀 月K单启,False,True
600284,浦东建设,🚀 月K单启,False,True
600287,苏豪时尚,🚀 月K单启,False,True
600288,大恒科技,🔥 周月双启,True,True
600308,华泰股份,🚀 月K单启,False,True
600315,上海家化,🚀 月K单启,False,True
600319,亚星化学,🚀 月K单启,False,True
600320,振华重工,🚀 月K单启,False,True
600325,华发股份,🚀 月K单启,False,True
600327,大东方,🚀 月K单启,False,True
600328,中盐化工,🚀 月K单启,False,True
600330,天通股份,📈 周K单启,True,False
600332,白云山,🚀 月K单启,False,True
600338,西藏珠峰,🚀 月K单启,False,True
600339,中油工程,🚀 月K单启,False,True
600345,长江通信,📈 周K单启,True,False
600346,恒力石化,🚀 月K单启,False,True
600350,山东高速,📈 周K单启,True,False
600353,旭光电子,📈 周K单启,True,False
600358,国旅联合,🚀 月K单启,False,True
600360,华微电子,📈 周K单启,True,False
600362,江西铜业,🚀 月K单启,False,True
600363,联创光电,🔥 周月双启,True,True
600366,宁波韵升,📈 周K单启,True,False
600372,中航机载,🚀 月K单启,False,True
600373,中文传媒,🚀 月K单启,False,True
600375,汉马科技,🚀 月K单启,False,True
600380,健康元,🚀 月K单启,False,True
600383,金地集团,🚀 月K单启,False,True
600386,北巴传媒,🚀 月K单启,False,True
600390,五矿资本,🚀 月K单启,False,True
600391,航发科技,🚀 月K单启,False,True
600392,盛和资源,📈 周K单启,True,False
600399,抚顺特钢,🚀 月K单启,False,True
600403,大有能源,🚀 月K单启,False,True
600409,三友化工,🚀 月K单启,False,True
600410,华胜天成,🚀 月K单启,False,True
600416,湘电股份,🚀 月K单启,False,True
600418,江淮汽车,🚀 月K单启,False,True
600425,青松建化,🚀 月K单启,False,True
600426,华鲁恒升,🚀 月K单启,False,True
600435,北方导航,🚀 月K单启,False,True
600438,通威股份,🚀 月K单启,False,True
600444,国机通用,🚀 月K单启,False,True
600446,金证股份,🚀 月K单启,False,True
600456,宝钛股份,🚀 月K单启,False,True
600463,空港股份,🚀 月K单启,False,True
600467,好当家,🚀 月K单启,False,True
600469,风神股份,🚀 月K单启,False,True
600475,华光环能,🚀 月K单启,False,True
600477,杭萧钢构,🚀 月K单启,False,True
600478,科力远,🚀 月K单启,False,True
600481,双良节能,🚀 月K单启,False,True
600489,中金黄金,🚀 月K单启,False,True
600490,鹏欣资源,🚀 月K单启,False,True
600493,凤竹纺织,🚀 月K单启,False,True
600496,精工钢构,🚀 月K单启,False,True
600497,驰宏锌锗,📈 周K单启,True,False
600498,烽火通信,📈 周K单启,True,False
600499,科达制造,🔥 周月双启,True,True
600501,航天晨光,🚀 月K单启,False,True
600507,方大特钢,🚀 月K单启,False,True
600509,天富能源,📈 周K单启,True,False
600510,黑牡丹,🚀 月K单启,False,True
600512,腾达建设,🚀 月K单启,False,True
600513,联环药业,🚀 月K单启,False,True
600516,方大炭素,🔥 周月双启,True,True
600517,国网英大,🚀 月K单启,False,True
600526,菲达环保,🚀 月K单启,False,True
600531,豫光金铅,🚀 月K单启,False,True
600533,栖霞建设,🚀 月K单启,False,True
600545,卓郎智能,📈 周K单启,True,False
600547,山东黄金,🚀 月K单启,False,True
600549,厦门钨业,📈 周K单启,True,False
600551,时代出版,🚀 月K单启,False,True
600556,天下秀,🚀 月K单启,False,True
600558,大西洋,🚀 月K单启,False,True
600559,老白干酒,🚀 月K单启,False,True
600560,金自天正,🚀 月K单启,False,True
600562,国睿科技,🚀 月K单启,False,True
600563,法拉电子,📈 周K单启,True,False
600570,恒生电子,🚀 月K单启,False,True
600571,信雅达,🚀 月K单启,False,True
600577,精达股份,🔥 周月双启,True,True
600583,海油工程,🚀 月K单启,False,True
600585,海螺水泥,🚀 月K单启,False,True
600586,金晶科技,🚀 月K单启,False,True
600588,用友网络,🚀 月K单启,False,True
600592,龙溪股份,🚀 月K单启,False,True
600594,益佰制药,🚀 月K单启,False,True
600595,中孚实业,🚀 月K单启,False,True
600596,新安股份,📈 周K单启,True,False
600601,方正科技,📈 周K单启,True,False
600603,广汇物流,🚀 月K单启,False,True
600604,市北高新,🚀 月K单启,False,True
600609,金杯汽车,🚀 月K单启,False,True
600610,中毅达,🚀 月K单启,False,True
600613,神奇制药,🚀 月K单启,False,True
600615,鑫源智造,🚀 月K单启,False,True
600616,金枫酒业,🚀 月K单启,False,True
600618,氯碱化工,🚀 月K单启,False,True
600620,天宸股份,🚀 月K单启,False,True
600621,华鑫股份,🚀 月K单启,False,True
600626,申达股份,🚀 月K单启,False,True
600628,新世界,🚀 月K单启,False,True
600629,华建集团,🚀 月K单启,False,True
600633,浙数文化,🚀 月K单启,False,True
600635,大众公用,🚀 月K单启,False,True
600637,东方明珠,🚀 月K单启,False,True
600638,新黄浦,🚀 月K单启,False,True
600640,国脉文化,🚀 月K单启,False,True
600641,先导基电,📈 周K单启,True,False
600643,爱建集团,🚀 月K单启,False,True
600648,外高桥,🚀 月K单启,False,True
600649,城投控股,🚀 月K单启,False,True
600650,锦江在线,🚀 月K单启,False,True
600654,中安科,🚀 月K单启,False,True
600655,豫园股份,🚀 月K单启,False,True
600657,信达地产,🚀 月K单启,False,True
600661,昂立教育,🚀 月K单启,False,True
600665,天地源,🚀 月K单启,False,True
600667,太极实业,📈 周K单启,True,False
600668,尖峰集团,🚀 月K单启,False,True
600675,中华企业,🚀 月K单启,False,True
600683,京投发展,📈 周K单启,True,False
600684,珠江股份,🚀 月K单启,False,True
600685,中船防务,🚀 月K单启,False,True
600688,上海石化,🚀 月K单启,False,True
600689,上海三毛,🚀 月K单启,False,True
600690,海尔智家,🚀 月K单启,False,True
600691,潞化科技,🚀 月K单启,False,True
600697,欧亚集团,🚀 月K单启,False,True
600698,湖南天雁,🚀 月K单启,False,True
600699,均胜电子,🚀 月K单启,False,True
600703,三安光电,📈 周K单启,True,False
600704,物产中大,🚀 月K单启,False,True
600711,盛屯矿业,🚀 月K单启,False,True
600712,南宁百货,🚀 月K单启,False,True
600715,文投控股,🚀 月K单启,False,True
600716,凤凰股份,🚀 月K单启,False,True
600718,东软集团,🚀 月K单启,False,True
600719,大连热电,📈 周K单启,True,False
600721,百花医药,🚀 月K单启,False,True
600725,云维股份,🚀 月K单启,False,True
600728,佳都科技,🚀 月K单启,False,True
600729,重百集团,🚀 月K单启,False,True
600731,湖南海利,🚀 月K单启,False,True
600738,丽尚国潮,🚀 月K单启,False,True
600742,富维股份,🚀 月K单启,False,True
600748,上实发展,🚀 月K单启,False,True
600749,西藏旅游,🚀 月K单启,False,True
600751,海航科技,🚀 月K单启,False,True
600754,锦江酒店,🚀 月K单启,False,True
600756,浪潮软件,🚀 月K单启,False,True
600757,长江传媒,🚀 月K单启,False,True
600760,中航沈飞,🚀 月K单启,False,True
600764,中国海防,🚀 月K单启,False,True
600765,中航重机,🚀 月K单启,False,True
600771,广誉远,🚀 月K单启,False,True
600773,西藏城投,🔥 周月双启,True,True
600774,汉商集团,🚀 月K单启,False,True
600776,东方通信,🚀 月K单启,False,True
600778,友好集团,🚀 月K单启,False,True
600782,新钢股份,🚀 月K单启,False,True
600785,新华百货,🚀 月K单启,False,True
600791,京能置业,📈 周K单启,True,False
600793,宜宾纸业,🚀 月K单启,False,True
600794,保税科技,🚀 月K单启,False,True
600796,钱江生化,🚀 月K单启,False,True
600797,浙大网新,🚀 月K单启,False,True
600798,宁波海运,🚀 月K单启,False,True
600802,福建水泥,🚀 月K单启,False,True
600803,新奥股份,🚀 月K单启,False,True
600805,悦达投资,🚀 月K单启,False,True
600807,济高发展,🚀 月K单启,False,True
600808,马钢股份,🚀 月K单启,False,True
600810,神马股份,🚀 月K单启,False,True
600812,华北制药,🚀 月K单启,False,True
600814,杭州解百,🚀 月K单启,False,True
600817,宇通重工,🚀 月K单启,False,True
600819,耀皮玻璃,🚀 月K单启,False,True
600820,隧道股份,🚀 月K单启,False,True
600821,金开新能,🚀 月K单启,False,True
600825,新华传媒,🚀 月K单启,False,True
600826,兰生股份,🚀 月K单启,False,True
600830,香溢融通,🚀 月K单启,False,True
600831,广电网络,🚀 月K单启,False,True
600833,第一医药,🚀 月K单启,False,True
600835,上海机电,🚀 月K单启,False,True
600838,上海九百,🚀 月K单启,False,True
600839,四川长虹,🚀 月K单启,False,True
600841,动力新科,🚀 月K单启,False,True
600846,XD同济科,🚀 月K单启,False,True
600850,电科数字,🚀 月K单启,False,True
600853,龙建股份,🚀 月K单启,False,True
600855,航天长峰,🚀 月K单启,False,True
600858,银座股份,🚀 月K单启,False,True
600859,王府井,🚀 月K单启,False,True
600860,京城股份,🚀 月K单启,False,True
600861,北京人力,🚀 月K单启,False,True
600862,中航高科,🔥 周月双启,True,True
600864,哈投股份,🚀 月K单启,False,True
600866,星湖科技,🚀 月K单启,False,True
600868,梅雁吉祥,🚀 月K单启,False,True
600869,远东股份,📈 周K单启,True,False
600871,石化油服,🚀 月K单启,False,True
600874,创业环保,🚀 月K单启,False,True
600876,凯盛新能,🚀 月K单启,False,True
600880,博瑞传播,🚀 月K单启,False,True
600888,新疆众和,📈 周K单启,True,False
600893,航发动力,🚀 月K单启,False,True
600908,无锡银行,🚀 月K单启,False,True
600909,华安证券,📈 周K单启,True,False
600955,维远股份,🚀 月K单启,False,True
600958,东方证券,🚀 月K单启,False,True
600961,株冶集团,📈 周K单启,True,False
600999,招商证券,📈 周K单启,True,False
601012,隆基绿能,🚀 月K单启,False,True
601019,山东出版,🚀 月K单启,False,True
601066,XD中信建,📈 周K单启,True,False
601065,江盐集团,🚀 月K单启,False,True
601068,中铝国际,🚀 月K单启,False,True
601106,中国一重,🚀 月K单启,False,True
601116,三江购物,🚀 月K单启,False,True
601113,华鼎股份,🚀 月K单启,False,True
601118,海南橡胶,🚀 月K单启,False,True
601127,赛力斯,🚀 月K单启,False,True
601138,工业富联,📈 周K单启,True,False
601155,新城控股,🚀 月K单启,False,True
601166,兴业银行,🚀 月K单启,False,True
601186,中国铁建,🚀 月K单启,False,True
601208,东材科技,📈 周K单启,True,False
601211,国泰海通,🚀 月K单启,False,True
601212,白银有色,🚀 月K单启,False,True
601218,吉鑫科技,🚀 月K单启,False,True
601226,华电科工,🚀 月K单启,False,True
601229,上海银行,🚀 月K单启,False,True
601298,青岛港,📈 周K单启,True,False
601311,骆驼股份,🚀 月K单启,False,True
601326,秦港股份,🚀 月K单启,False,True
601328,交通银行,🚀 月K单启,False,True
601330,绿色动力,🚀 月K单启,False,True
601512,中新集团,🚀 月K单启,False,True
601519,大智慧,🚀 月K单启,False,True
601528,瑞丰银行,🚀 月K单启,False,True
601567,三星电气,🚀 月K单启,False,True
601595,上海电影,🚀 月K单启,False,True
601599,浙文影业,🚀 月K单启,False,True
601600,中国铝业,🚀 月K单启,False,True
601608,中信重工,🚀 月K单启,False,True
601615,明阳智能,🚀 月K单启,False,True
601616,广电电气,🚀 月K单启,False,True
601618,中国中冶,🚀 月K单启,False,True
601669,中国电建,🚀 月K单启,False,True
601688,华泰证券,📈 周K单启,True,False
601717,中创智领,🚀 月K单启,False,True
601766,中国中车,🚀 月K单启,False,True
601778,晶科科技,🚀 月K单启,False,True
601789,宁波建工,🚀 月K单启,False,True
601798,蓝科高新,🚀 月K单启,False,True
601808,中海油服,🚀 月K单启,False,True
601865,福莱特,🚀 月K单启,False,True
601860,紫金银行,🚀 月K单启,False,True
601868,中国能建,🚀 月K单启,False,True
601878,浙商证券,🚀 月K单启,False,True
601877,正泰电器,🚀 月K单启,False,True
601888,中国中免,🚀 月K单启,False,True
601908,京运通,🚀 月K单启,False,True
601928,凤凰传媒,🚀 月K单启,False,True
601929,吉视传媒,🚀 月K单启,False,True
601956,东贝集团,🚀 月K单启,False,True
601968,宝钢包装,🚀 月K单启,False,True
601969,海南矿业,🚀 月K单启,False,True
601990,南京证券,🚀 月K单启,False,True
601995,中金公司,📈 周K单启,True,False
601999,XD出版传,📈 周K单启,True,False
603000,人民网,🚀 月K单启,False,True
603013,亚普股份,🚀 月K单启,False,True
603017,中衡设计,🚀 月K单启,False,True
603018,华设集团,🚀 月K单启,False,True
603023,威帝股份,🚀 月K单启,False,True
603036,如通股份,🚀 月K单启,False,True
603058,永吉股份,🚀 月K单启,False,True
603075,热威股份,📈 周K单启,True,False
603080,新疆火炬,🚀 月K单启,False,True
603087,甘李药业,🚀 月K单启,False,True
603090,宏盛股份,🔥 周月双启,True,True
603095,越剑智能,🚀 月K单启,False,True
603096,新经典,🚀 月K单启,False,True
603100,川仪股份,🚀 月K单启,False,True
603105,芯能科技,🚀 月K单启,False,True
603123,翠微股份,🚀 月K单启,False,True
603124,江南新材,📈 周K单启,True,False
603138,海量数据,🚀 月K单启,False,True
603166,福达股份,🔥 周月双启,True,True
603168,莎普爱思,🚀 月K单启,False,True
603169,兰石重装,🚀 月K单启,False,True
603171,税友股份,🚀 月K单启,False,True
603180,金牌家居,🚀 月K单启,False,True
603188,亚邦股份,🚀 月K单启,False,True
603187,海容冷链,🚀 月K单启,False,True
603192,汇得科技,🚀 月K单启,False,True
603196,璞源材料,🚀 月K单启,False,True
603200,上海洗霸,🚀 月K单启,False,True
603203,快克智能,📈 周K单启,True,False
603209,兴通股份,🚀 月K单启,False,True
603230,内蒙新华,🚀 月K单启,False,True
603232,格尔软件,🚀 月K单启,False,True
603238,诺邦股份,🚀 月K单启,False,True
603239,浙江仙通,🚀 月K单启,False,True
603260,合盛硅业,🚀 月K单启,False,True
603270,金帝股份,📈 周K单启,True,False
603277,银都股份,🚀 月K单启,False,True
603280,南方路机,🚀 月K单启,False,True
603281,江瀚新材,📈 周K单启,True,False
603283,赛腾股份,📈 周K单启,True,False
603297,永新光学,📈 周K单启,True,False
603299,苏盐井神,🚀 月K单启,False,True
603305,旭升集团,🚀 月K单启,False,True
603306,华懋科技,📈 周K单启,True,False
603309,维力医疗,🚀 月K单启,False,True
603313,梦百合,🚀 月K单启,False,True
603316,诚邦股份,📈 周K单启,True,False
603320,迪贝电气,📈 周K单启,True,False
603322,超讯科技,🚀 月K单启,False,True
603323,苏农银行,🚀 月K单启,False,True
603326,我乐家居,🚀 月K单启,False,True
603328,依顿电子,📈 周K单启,True,False
603337,杰克科技,🚀 月K单启,False,True
603348,文灿股份,🚀 月K单启,False,True
603357,设计总院,🚀 月K单启,False,True
603363,傲农生物,🚀 月K单启,False,True
603373,安邦护卫,📈 周K单启,True,False
603375,盛景微,📈 周K单启,True,False
603386,骏亚科技,📈 周K单启,True,False
603393,新天然气,🚀 月K单启,False,True
603396,金辰股份,🚀 月K单启,False,True
603409,汇通控股,📈 周K单启,True,False
603416,信捷电气,🚀 月K单启,False,True
603458,勘设股份,📈 周K单启,True,False
603466,风语筑,📈 周K单启,True,False
603499,翔港科技,🚀 月K单启,False,True
603500,祥和实业,📈 周K单启,True,False
603501,豪威集团,🔥 周月双启,True,True
603508,思维列控,🚀 月K单启,False,True
603511,爱慕股份,🚀 月K单启,False,True
603516,淳中科技,🚀 月K单启,False,True
603527,众源新材,📈 周K单启,True,False
603528,多伦科技,🚀 月K单启,False,True
603533,掌阅科技,🚀 月K单启,False,True
603536,惠发食品,🚀 月K单启,False,True
603586,金麒麟,🚀 月K单启,False,True
603601,再升科技,🚀 月K单启,False,True
603612,索通发展,🚀 月K单启,False,True
603613,国联股份,🚀 月K单启,False,True
603619,中曼石油,🚀 月K单启,False,True
603626,科森科技,📈 周K单启,True,False
603636,南威软件,🚀 月K单启,False,True
603637,镇海股份,📈 周K单启,True,False
603638,艾迪精密,📈 周K单启,True,False
603655,朗博科技,🚀 月K单启,False,True
603656,泰禾智能,🚀 月K单启,False,True
603661,恒林股份,📈 周K单启,True,False
603662,柯力传感,📈 周K单启,True,False
603665,康隆达,🚀 月K单启,False,True
603676,卫信康,🚀 月K单启,False,True
603681,永冠新材,📈 周K单启,True,False
603683,晶华新材,📈 周K单启,True,False
603686,福龙马,🚀 月K单启,False,True
603690,至纯科技,🚀 月K单启,False,True
603693,江苏新能,🚀 月K单启,False,True
603696,安记食品,🚀 月K单启,False,True
603730,岱美股份,📈 周K单启,True,False
603739,蔚蓝生物,🚀 月K单启,False,True
603767,中马传动,🚀 月K单启,False,True
603776,永安行,📈 周K单启,True,False
603778,国晟科技,🚀 月K单启,False,True
603801,志邦家居,🚀 月K单启,False,True
603816,顾家家居,🚀 月K单启,False,True
603829,洛凯股份,🚀 月K单启,False,True
603839,安正时尚,🚀 月K单启,False,True
603866,桃李面包,🚀 月K单启,False,True
603878,武进不锈,🚀 月K单启,False,True
603882,金域医学,🚀 月K单启,False,True
603887,城地香江,🚀 月K单启,False,True
603888,新华网,🚀 月K单启,False,True
603897,长城科技,📈 周K单启,True,False
603896,寿仙谷,🚀 月K单启,False,True
603900,莱绅通灵,🚀 月K单启,False,True
603908,牧高笛,🚀 月K单启,False,True
603906,龙蟠科技,📈 周K单启,True,False
603915,国茂股份,🚀 月K单启,False,True
603917,合力科技,🚀 月K单启,False,True
603920,世运电路,🚀 月K单启,False,True
603948,建业股份,📈 周K单启,True,False
603955,大千生态,🚀 月K单启,False,True
603968,醋化股份,🚀 月K单启,False,True
603970,中农立华,🚀 月K单启,False,True
603999,读者传媒,🚀 月K单启,False,True
605001,威奥股份,🚀 月K单启,False,True
605008,长鸿高科,🚀 月K单启,False,True
605068,明新旭腾,🚀 月K单启,False,True
605090,九丰能源,🚀 月K单启,False,True
605089,味知香,🚀 月K单启,False,True
605118,力鼎光电,🚀 月K单启,False,True
605136,丽人丽妆,🚀 月K单启,False,True
605169,洪通燃气,🚀 月K单启,False,True
605178,时空科技,📈 周K单启,True,False
605180,华生科技,🚀 月K单启,False,True
605183,确成股份,🚀 月K单启,False,True
605186,健麾信息,📈 周K单启,True,False
605208,永茂泰,📈 周K单启,True,False
605218,伟时电子,🔥 周月双启,True,True
605259,绿田机械,🚀 月K单启,False,True
605268,王力安防,🚀 月K单启,False,True
605286,同力天启,🚀 月K单启,False,True
605289,罗曼股份,📈 周K单启,True,False
605305,中际联合,📈 周K单启,True,False
605338,巴比食品,🚀 月K单启,False,True
605365,立达信,🚀 月K单启,False,True
605378,野马电池,🚀 月K单启,False,True
605388,均瑶健康,🚀 月K单启,False,True
605398,新炬网络,🚀 月K单启,False,True
605399,晨光新材,📈 周K单启,True,False
605488,福莱新材,🚀 月K单启,False,True
605507,国邦医药,🚀 月K单启,False,True
605566,福莱蒽特,📈 周K单启,True,False
605580,恒盛能源,📈 周K单启,True,False
605598,上海港湾,🔥 周月双启,True,True
300004,南风股份,🚀 月K单启,False,True
300005,探路者,📈 周K单启,True,False
300007,汉威科技,🚀 月K单启,False,True
300024,机器人,🔥 周月双启,True,True
300026,红日药业,🚀 月K单启,False,True
300037,新宙邦,📈 周K单启,True,False
300062,中能电气,🚀 月K单启,False,True
300066,三川智慧,🚀 月K单启,False,True
300072,海新能科,🚀 月K单启,False,True
300074,华平股份,🚀 月K单启,False,True
300073,当升科技,🚀 月K单启,False,True
300078,思创智联,🚀 月K单启,False,True
300075,数字政通,🚀 月K单启,False,True
300079,数码视讯,🚀 月K单启,False,True
300082,奥克股份,🚀 月K单启,False,True
300080,易成新能,🚀 月K单启,False,True
300086,康芝药业,🚀 月K单启,False,True
300092,科新机电,🚀 月K单启,False,True
300094,国联水产,🚀 月K单启,False,True
300098,高新兴,🚀 月K单启,False,True
300099,尤洛卡,🚀 月K单启,False,True
300100,双林股份,🔥 周月双启,True,True
300102,乾照光电,🔥 周月双启,True,True
300107,建新股份,🚀 月K单启,False,True
300112,万讯自控,🚀 月K单启,False,True
300110,华仁药业,🚀 月K单启,False,True
300111,向日葵,🚀 月K单启,False,True
300119,瑞普生物,🚀 月K单启,False,True
300113,顺网科技,🚀 月K单启,False,True
300121,阳谷华泰,🚀 月K单启,False,True
300118,东方日升,🚀 月K单启,False,True
300126,锐奇股份,🚀 月K单启,False,True
300127,银河磁体,🔥 周月双启,True,True
300122,智飞生物,🚀 月K单启,False,True
300128,锦富技术,🚀 月K单启,False,True
300129,泰胜风能,🚀 月K单启,False,True
300130,新国都,🚀 月K单启,False,True
300131,英唐智控,📈 周K单启,True,False
300135,宝利国际,🚀 月K单启,False,True
300134,大富科技,🚀 月K单启,False,True
300136,信维通信,📈 周K单启,True,False
300137,先河环保,📈 周K单启,True,False
300140,节能环境,🚀 月K单启,False,True
300141,和顺电气,🚀 月K单启,False,True
300143,盈康生命,🚀 月K单启,False,True
300139,晓程科技,🚀 月K单启,False,True
300144,宋城演艺,🚀 月K单启,False,True
300145,南方泵业,🔥 周月双启,True,True
300148,天舟文化,🚀 月K单启,False,True
300150,世纪瑞尔,🚀 月K单启,False,True
300146,汤臣倍健,🚀 月K单启,False,True
300154,瑞凌股份,🚀 月K单启,False,True
300157,新锦动力,🚀 月K单启,False,True
300158,振东制药,🚀 月K单启,False,True
300166,东方国信,📈 周K单启,True,False
300170,汉得信息,🚀 月K单启,False,True
300171,东富龙,🚀 月K单启,False,True
300176,鸿特科技,🚀 月K单启,False,True
300174,元力股份,📈 周K单启,True,False
300180,华峰超纤,🚀 月K单启,False,True
300183,东软载波,🚀 月K单启,False,True
300184,力源信息,📈 周K单启,True,False
300189,神农种业,🚀 月K单启,False,True
300195,长荣股份,🚀 月K单启,False,True
300196,长海股份,📈 周K单启,True,False
300194,福安药业,🚀 月K单启,False,True
300213,佳讯飞鸿,🚀 月K单启,False,True
300218,安利股份,🚀 月K单启,False,True
300221,银禧科技,📈 周K单启,True,False
300217,东方电热,🚀 月K单启,False,True
300222,科大智能,📈 周K单启,True,False
300224,正海磁材,🚀 月K单启,False,True
300228,富瑞特装,🚀 月K单启,False,True
300226,上海钢联,🚀 月K单启,False,True
300229,拓尔思,🚀 月K单启,False,True
300232,洲明科技,🚀 月K单启,False,True
300238,冠昊生物,🚀 月K单启,False,True
300236,上海新阳,📈 周K单启,True,False
300240,飞力达,🚀 月K单启,False,True
300247,融捷健康,🚀 月K单启,False,True
300248,新开普,🚀 月K单启,False,True
300250,初灵信息,🚀 月K单启,False,True
300249,依米康,🔥 周月双启,True,True
300252,金信诺,📈 周K单启,True,False
300251,光线传媒,🚀 月K单启,False,True
300256,星星科技,🚀 月K单启,False,True
300255,常山药业,🚀 月K单启,False,True
300257,开山股份,🚀 月K单启,False,True
300259,新天科技,🚀 月K单启,False,True
300258,精锻科技,🔥 周月双启,True,True
300261,雅本化学,🚀 月K单启,False,True
300265,通光线缆,📈 周K单启,True,False
300269,联建光电,🚀 月K单启,False,True
300272,开能健康,🚀 月K单启,False,True
300275,梅安森,🚀 月K单启,False,True
300271,华宇软件,🚀 月K单启,False,True
300277,汽轮科技,🔥 周月双启,True,True
300276,三丰智能,🚀 月K单启,False,True
300279,和晶科技,🚀 月K单启,False,True
300278,华昌达,🚀 月K单启,False,True
300286,安科瑞,🚀 月K单启,False,True
300288,朗玛信息,🚀 月K单启,False,True
300284,苏交科,🚀 月K单启,False,True
300291,百纳千成,🚀 月K单启,False,True
300287,飞利信,🚀 月K单启,False,True
300292,吴通控股,📈 周K单启,True,False
300296,利亚德,🚀 月K单启,False,True
300300,海峡创新,🔥 周月双启,True,True
300304,云意电气,📈 周K单启,True,False
300305,裕兴股份,📈 周K单启,True,False
300302,同有科技,📈 周K单启,True,False
300306,远方信息,🚀 月K单启,False,True
300314,戴维医疗,🚀 月K单启,False,True
300321,同大股份,📈 周K单启,True,False
300319,麦捷科技,📈 周K单启,True,False
300322,硕贝德,🚀 月K单启,False,True
300324,旋极信息,🚀 月K单启,False,True
300327,中颖电子,📈 周K单启,True,False
300329,海伦钢琴,🚀 月K单启,False,True
300334,津膜科技,📈 周K单启,True,False
300335,迪森股份,🚀 月K单启,False,True
300332,天壕能源,🚀 月K单启,False,True
300341,麦克奥迪,🚀 月K单启,False,True
300337,银邦股份,🚀 月K单启,False,True
300345,华民股份,🔥 周月双启,True,True
300339,润和软件,🚀 月K单启,False,True
300359,全通教育,🚀 月K单启,False,True
300365,恒华科技,🚀 月K单启,False,True
300368,汇金股份,🚀 月K单启,False,True
300378,鼎捷数智,🚀 月K单启,False,True
300387,富邦科技,🚀 月K单启,False,True
300388,节能国祯,🚀 月K单启,False,True
300395,菲利华,📈 周K单启,True,False
300402,宝色股份,🚀 月K单启,False,True
300403,汉宇集团,🚀 月K单启,False,True
300411,金盾股份,🚀 月K单启,False,True
300415,伊之密,🚀 月K单启,False,True
300422,博世科,🚀 月K单启,False,True
300437,清水源,🚀 月K单启,False,True
300448,浩云科技,🚀 月K单启,False,True
300449,汉邦高科,🚀 月K单启,False,True
300447,全信股份,🚀 月K单启,False,True
300452,山河药辅,🚀 月K单启,False,True
300454,深信服,🚀 月K单启,False,True
300456,赛微电子,🔥 周月双启,True,True
300458,全志科技,📈 周K单启,True,False
300466,赛摩智能,🚀 月K单启,False,True
300470,中密控股,🚀 月K单启,False,True
300473,德尔股份,📈 周K单启,True,False
300468,四方精创,🚀 月K单启,False,True
300471,厚普股份,🚀 月K单启,False,True
300475,香农芯创,📈 周K单启,True,False
300476,胜宏科技,📈 周K单启,True,False
300484,蓝海华腾,🚀 月K单启,False,True
300488,恒锋工具,📈 周K单启,True,False
300489,光智科技,📈 周K单启,True,False
300490,华自科技,🚀 月K单启,False,True
300494,盛天网络,🚀 月K单启,False,True
300493,润欣科技,🚀 月K单启,False,True
300501,海顺新材,📈 周K单启,True,False
300502,新易盛,📈 周K单启,True,False
300508,维宏股份,📈 周K单启,True,False
300507,苏奥传感,🚀 月K单启,False,True
300510,金冠股份,🚀 月K单启,False,True
300511,雪榕生物,🚀 月K单启,False,True
300512,中亚股份,🚀 月K单启,False,True
300515,三德科技,🚀 月K单启,False,True
300522,世名科技,📈 周K单启,True,False
300520,科大国创,🚀 月K单启,False,True
300528,幸福蓝海,🚀 月K单启,False,True
300533,冰川网络,🚀 月K单启,False,True
300535,达威股份,🚀 月K单启,False,True
300537,广信材料,📈 周K单启,True,False
300541,先进数通,🚀 月K单启,False,True
300543,朗科智能,🚀 月K单启,False,True
300542,新晨科技,🚀 月K单启,False,True
300547,川环科技,📈 周K单启,True,False
300552,万集科技,🚀 月K单启,False,True
300548,长芯博创,📈 周K单启,True,False
300553,集智股份,📈 周K单启,True,False
300566,激智科技,📈 周K单启,True,False
300567,精测电子,📈 周K单启,True,False
300569,天能重工,🚀 月K单启,False,True
300573,兴齐眼药,🚀 月K单启,False,True
300576,容大感光,📈 周K单启,True,False
300582,英飞特,🚀 月K单启,False,True
300581,晨曦航空,🚀 月K单启,False,True
300587,天铁科技,🚀 月K单启,False,True
300600,国瑞科技,🚀 月K单启,False,True
300598,诚迈科技,🚀 月K单启,False,True
300605,恒锋信息,🚀 月K单启,False,True
300610,晨化股份,🚀 月K单启,False,True
300614,百川畅银,🚀 月K单启,False,True
300612,宣亚国际,🚀 月K单启,False,True
300619,金银河,🚀 月K单启,False,True
300618,寒锐钴业,🚀 月K单启,False,True
300622,博士眼镜,🚀 月K单启,False,True
300625,三雄极光,🚀 月K单启,False,True
300631,久吾高科,🚀 月K单启,False,True
300627,华测导航,🚀 月K单启,False,True
300634,彩讯股份,🚀 月K单启,False,True
300638,广和通,🚀 月K单启,False,True
300642,透景生命,🚀 月K单启,False,True
300644,南京聚隆,🚀 月K单启,False,True
300645,正元智慧,🚀 月K单启,False,True
300650,太龙股份,🚀 月K单启,False,True
300648,星云股份,🚀 月K单启,False,True
300653,正海生物,🚀 月K单启,False,True
300658,延江股份,🚀 月K单启,False,True
300655,晶瑞电材,🚀 月K单启,False,True
300657,弘信电子,📈 周K单启,True,False
300662,科锐国际,🚀 月K单启,False,True
300664,鹏鹞环保,🚀 月K单启,False,True
300668,杰恩股份,📈 周K单启,True,False
300666,江丰电子,📈 周K单启,True,False
300672,国科微,📈 周K单启,True,False
300674,宇信科技,🚀 月K单启,False,True
300680,隆盛科技,🚀 月K单启,False,True
300678,中科信息,🚀 月K单启,False,True
300683,海特生物,🚀 月K单启,False,True
300684,中石科技,📈 周K单启,True,False
300690,双一科技,🚀 月K单启,False,True
300693,盛弘股份,📈 周K单启,True,False
300698,万马科技,🚀 月K单启,False,True
300696,爱乐达,🚀 月K单启,False,True
300700,岱勒新材,📈 周K单启,True,False
300701,森霸传感,🚀 月K单启,False,True
300702,天宇股份,🚀 月K单启,False,True
300706,阿石创,📈 周K单启,True,False
300708,聚灿光电,🚀 月K单启,False,True
300707,威唐工业,🚀 月K单启,False,True
300711,广哈通信,🚀 月K单启,False,True
300712,永福股份,🚀 月K单启,False,True
300719,安达维尔,🚀 月K单启,False,True
300722,新余国科,🚀 月K单启,False,True
300724,捷佳伟创,🚀 月K单启,False,True
300731,科创新源,📈 周K单启,True,False
300748,金力永磁,🚀 月K单启,False,True
300751,迈为股份,📈 周K单启,True,False
300758,七彩化学,🚀 月K单启,False,True
300763,锦浪科技,🚀 月K单启,False,True
300766,每日互动,🚀 月K单启,False,True
300772,运达股份,🚀 月K单启,False,True
300774,倍杰特,🚀 月K单启,False,True
300777,中简科技,🚀 月K单启,False,True
300781,因赛集团,🚀 月K单启,False,True
300787,海能实业,🚀 月K单启,False,True
300793,佳禾智能,🚀 月K单启,False,True
300796,贝斯美,🚀 月K单启,False,True
300800,力合科技,🚀 月K单启,False,True
300805,电声股份,🚀 月K单启,False,True
300803,指南针,🚀 月K单启,False,True
300808,久量股份,🔥 周月双启,True,True
300809,华辰装备,🔥 周月双启,True,True
300814,中富电路,📈 周K单启,True,False
300836,佰奥智能,📈 周K单启,True,False
300837,浙矿股份,🚀 月K单启,False,True
300839,博汇股份,🚀 月K单启,False,True
300851,交大思诺,🚀 月K单启,False,True
300853,申昊科技,📈 周K单启,True,False
300850,新强联,🚀 月K单启,False,True
300859,西域旅游,🚀 月K单启,False,True
300867,圣元环保,🚀 月K单启,False,True
300869,康泰医学,🚀 月K单启,False,True
300870,欧陆通,📈 周K单启,True,False
300877,金春股份,📈 周K单启,True,False
300872,天阳科技,📈 周K单启,True,False
300880,迦南智能,📈 周K单启,True,False
300887,谱尼测试,🚀 月K单启,False,True
300891,惠云钛业,🚀 月K单启,False,True
300897,山科智能,🚀 月K单启,False,True
300903,科翔股份,📈 周K单启,True,False
300913,兆龙互连,📈 周K单启,True,False
300920,润阳科技,📈 周K单启,True,False
300925,法本信息,🚀 月K单启,False,True
300926,博俊科技,🚀 月K单启,False,True
300933,中辰股份,🚀 月K单启,False,True
300937,药易购,🚀 月K单启,False,True
300943,春晖智控,📈 周K单启,True,False
300956,英力股份,🚀 月K单启,False,True
300965,恒宇信通,🚀 月K单启,False,True
300978,东箭科技,🚀 月K单启,False,True
300982,苏文电能,🚀 月K单启,False,True
300981,中红医疗,🚀 月K单启,False,True
300985,致远新能,📈 周K单启,True,False
300989,蕾奥规划,🚀 月K单启,False,True
300992,泰福泵业,🚀 月K单启,False,True
300993,玉马科技,🚀 月K单启,False,True
301010,晶雪节能,🚀 月K单启,False,True
301009,可靠股份,🚀 月K单启,False,True
301004,嘉益股份,🚀 月K单启,False,True
301013,利和兴,📈 周K单启,True,False
301018,申菱环境,📈 周K单启,True,False
301038,深水规院,🚀 月K单启,False,True
301042,安联锐视,🔥 周月双启,True,True
301051,信濠光电,📈 周K单启,True,False
301056,森赫股份,🚀 月K单启,False,True
301061,匠心家居,🚀 月K单启,False,True
301071,力量钻石,📈 周K单启,True,False
301086,鸿富瀚,📈 周K单启,True,False
301095,广立微,📈 周K单启,True,False
301096,百诚医药,📈 周K单启,True,False
301128,强瑞技术,📈 周K单启,True,False
301149,隆华新材,📈 周K单启,True,False
301183,东田微,📈 周K单启,True,False
301189,奥尼电子,📈 周K单启,True,False
301197,工大科雅,📈 周K单启,True,False
301235,华康洁净,📈 周K单启,True,False
301297,富乐德,📈 周K单启,True,False
301307,美利信,📈 周K单启,True,False
301319,唯特偶,📈 周K单启,True,False
301329,信音电子,📈 周K单启,True,False
301373,凌玮科技,📈 周K单启,True,False
301396,宏景科技,📈 周K单启,True,False
301421,波长光电,📈 周K单启,True,False
301468,博盈特焊,📈 周K单启,True,False
301499,维科精密,📈 周K单启,True,False
301502,华阳智能,📈 周K单启,True,False
301511,德福科技,📈 周K单启,True,False
301525,儒竞科技,📈 周K单启,True,False
301538,骏鼎达,📈 周K单启,True,False
301548,崇德科技,📈 周K单启,True,False
301590,优优绿能,📈 周K单启,True,False
301603,乔锋智能,📈 周K单启,True,False
301662,宏工科技,📈 周K单启,True,False
301683,慧谷新材,🔥 周月双启,True,True
000002,万科A,🚀 月K单启,False,True
000009,中国宝安,🚀 月K单启,False,True
000011,深物业A,🚀 月K单启,False,True
000014,沙河股份,🚀 月K单启,False,True
000026,飞亚达,📈 周K单启,True,False
000028,国药一致,🚀 月K单启,False,True
000029,深深房A,📈 周K单启,True,False
000031,大悦城,🚀 月K单启,False,True
000035,中国天楹,🚀 月K单启,False,True
000045,深纺织A,🚀 月K单启,False,True
000055,方大集团,🚀 月K单启,False,True
000061,农产品,🚀 月K单启,False,True
000065,北方国际,🚀 月K单启,False,True
000068,华控赛格,🚀 月K单启,False,True
000070,特发信息,📈 周K单启,True,False
000099,中信海直,🚀 月K单启,False,True
000157,中联重科,🚀 月K单启,False,True
000166,申万宏源,🚀 月K单启,False,True
000400,许继电气,🚀 月K单启,False,True
000407,胜利股份,🚀 月K单启,False,True
000419,通程控股,🚀 月K单启,False,True
000422,湖北宜化,🚀 月K单启,False,True
000425,徐工机械,🚀 月K单启,False,True
000505,京粮控股,🚀 月K单启,False,True
000510,新金路,📈 周K单启,True,False
000513,丽珠集团,🚀 月K单启,False,True
000519,中兵红箭,📈 周K单启,True,False
000524,岭南控股,🚀 月K单启,False,True
000532,华金资本,🚀 月K单启,False,True
000538,云南白药,🚀 月K单启,False,True
000539,粤电力A,📈 周K单启,True,False
000545,金浦钛业,🚀 月K单启,False,True
000546,金圆股份,🚀 月K单启,False,True
000558,天府文旅,🚀 月K单启,False,True
000559,万向钱潮,🚀 月K单启,False,True
000564,供销大集,🚀 月K单启,False,True
000566,海南海药,🚀 月K单启,False,True
000572,海马汽车,🚀 月K单启,False,True
000586,汇源通信,🚀 月K单启,False,True
000592,平潭发展,🚀 月K单启,False,True
000593,德龙汇能,📈 周K单启,True,False
000599,青岛双星,🚀 月K单启,False,True
000607,华媒控股,🚀 月K单启,False,True
000619,海螺新材,🚀 月K单启,False,True
000628,高新发展,📈 周K单启,True,False
000633,合金投资,🚀 月K单启,False,True
000652,泰达股份,🚀 月K单启,False,True
000663,永安林业,🚀 月K单启,False,True
000672,上峰材料,📈 周K单启,True,False
000681,视觉中国,🚀 月K单启,False,True
000707,双环科技,🚀 月K单启,False,True
000709,河钢股份,🚀 月K单启,False,True
000713,国投丰乐,🚀 月K单启,False,True
000717,中南股份,🚀 月K单启,False,True
000726,鲁泰A,🚀 月K单启,False,True
000733,振华科技,📈 周K单启,True,False
000738,航发控制,🚀 月K单启,False,True
000756,新华制药,🚀 月K单启,False,True
000766,通化金马,📈 周K单启,True,False
000777,中核科技,🚀 月K单启,False,True
000778,新兴铸管,🚀 月K单启,False,True
000810,创维数字,📈 周K单启,True,False
000816,智慧农业,🚀 月K单启,False,True
000818,航锦科技,🚀 月K单启,False,True
000823,超声电子,📈 周K单启,True,False
000825,太钢不锈,🚀 月K单启,False,True
000858,五粮液,🚀 月K单启,False,True
000868,安凯客车,🚀 月K单启,False,True
000869,张裕A,🚀 月K单启,False,True
000878,云南铜业,🚀 月K单启,False,True
000880,潍柴重机,🚀 月K单启,False,True
000885,城发环境,🚀 月K单启,False,True
000886,海南高速,🚀 月K单启,False,True
000892,欢瑞世纪,🚀 月K单启,False,True
000898,鞍钢股份,🚀 月K单启,False,True
000902,新洋丰,🚀 月K单启,False,True
000912,泸天化,🚀 月K单启,False,True
000920,沃顿科技,📈 周K单启,True,False
000952,广济药业,🚀 月K单启,False,True
000970,中科三环,🚀 月K单启,False,True
000975,山金国际,🚀 月K单启,False,True
001256,炜冈科技,📈 周K单启,True,False
001268,联合精密,📈 周K单启,True,False
002037,保利联合,🚀 月K单启,False,True
002041,登海种业,🚀 月K单启,False,True
002046,国机精工,📈 周K单启,True,False
002054,德美化工,🚀 月K单启,False,True
002060,广东建工,🚀 月K单启,False,True
002065,东华软件,🚀 月K单启,False,True
002069,獐子岛,🚀 月K单启,False,True
002077,大港股份,📈 周K单启,True,False
002084,海鸥住工,🚀 月K单启,False,True
002085,万丰奥威,🚀 月K单启,False,True
002091,江苏国泰,🚀 月K单启,False,True
002092,中泰化学,🚀 月K单启,False,True
002096,易普力,🚀 月K单启,False,True
002097,山河智能,🚀 月K单启,False,True
002103,广博股份,🚀 月K单启,False,True
002110,三钢闽光,🚀 月K单启,False,True
002114,罗平锌电,🚀 月K单启,False,True
002116,中国海诚,🚀 月K单启,False,True
002162,悦心健康,🚀 月K单启,False,True
002186,全聚德,🚀 月K单启,False,True
002191,劲嘉股份,🚀 月K单启,False,True
002230,科大讯飞,🚀 月K单启,False,True
002232,启明信息,🚀 月K单启,False,True
002242,九阳股份,🚀 月K单启,False,True
002249,大洋电机,🚀 月K单启,False,True
002252,上海莱士,🚀 月K单启,False,True
002254,泰和新材,📈 周K单启,True,False
002262,恩华药业,🚀 月K单启,False,True
002267,陕天然气,🚀 月K单启,False,True
002273,水晶光电,📈 周K单启,True,False
002278,神开股份,🚀 月K单启,False,True
002285,世联行,🚀 月K单启,False,True
002289,宇顺电子,📈 周K单启,True,False
002291,遥望科技,🚀 月K单启,False,True
002294,信立泰,🚀 月K单启,False,True
002314,南山控股,🚀 月K单启,False,True
002319,乐通股份,🚀 月K单启,False,True
002324,普利特,🚀 月K单启,False,True
002355,兴民智通,🚀 月K单启,False,True
002363,隆基机械,🚀 月K单启,False,True
002368,太极股份,🚀 月K单启,False,True
002378,章源钨业,📈 周K单启,True,False
002385,大北农,🚀 月K单启,False,True
002390,信邦制药,🚀 月K单启,False,True
002398,垒知集团,🚀 月K单启,False,True
002412,汉森制药,🚀 月K单启,False,True
002419,天虹股份,🚀 月K单启,False,True
002425,凯撒文化,🚀 月K单启,False,True
002442,龙星科技,🚀 月K单启,False,True
002481,双塔食品,🚀 月K单启,False,True
002482,广田集团,🚀 月K单启,False,True
002487,大金重工,🔥 周月双启,True,True
002497,雅化集团,🚀 月K单启,False,True
002508,老板电器,🚀 月K单启,False,True
002511,中顺洁柔,🚀 月K单启,False,True
002518,科士达,📈 周K单启,True,False
002522,浙江众成,📈 周K单启,True,False
002524,光正眼科,🚀 月K单启,False,True
002531,天顺风能,📈 周K单启,True,False
002535,林州重机,🚀 月K单启,False,True
002537,海联金汇,🚀 月K单启,False,True
002543,万和电气,🚀 月K单启,False,True
002550,千红制药,🚀 月K单启,False,True
002556,辉隆股份,🚀 月K单启,False,True
002595,豪迈科技,🚀 月K单启,False,True
002601,龙佰集团,🚀 月K单启,False,True
002600,领益智造,📈 周K单启,True,False
002607,中公教育,🚀 月K单启,False,True
002612,朗姿股份,🚀 月K单启,False,True
002622,皓宸医疗,🚀 月K单启,False,True
002626,金达威,🚀 月K单启,False,True
002627,三峡旅游,🚀 月K单启,False,True
002632,道明光学,🚀 月K单启,False,True
002639,雪人集团,🚀 月K单启,False,True
002643,万润股份,📈 周K单启,True,False
002644,佛慈制药,🚀 月K单启,False,True
002657,中科金财,🚀 月K单启,False,True
002658,雪迪龙,🚀 月K单启,False,True
002666,德联集团,🚀 月K单启,False,True
002679,福建金森,🚀 月K单启,False,True
002683,广东宏大,🚀 月K单启,False,True
002690,美亚光电,🚀 月K单启,False,True
002696,百洋股份,🚀 月K单启,False,True
002727,一心堂,🚀 月K单启,False,True
002736,国信证券,🚀 月K单启,False,True
002738,中矿资源,🚀 月K单启,False,True
002743,富煌钢构,🚀 月K单启,False,True
002753,永东股份,🚀 月K单启,False,True
002758,浙农股份,🚀 月K单启,False,True
002765,蓝黛科技,🚀 月K单启,False,True
002779,中坚科技,🔥 周月双启,True,True
002788,鹭燕医药,🚀 月K单启,False,True
002792,通宇通讯,🚀 月K单启,False,True
002800,天顺股份,🚀 月K单启,False,True
002803,吉宏股份,📈 周K单启,True,False
002825,纳尔股份,🚀 月K单启,False,True
002836,新宏泽,🚀 月K单启,False,True
002837,英维克,📈 周K单启,True,False
002848,高斯贝尔,📈 周K单启,True,False
002853,皮阿诺,🚀 月K单启,False,True
002855,捷荣技术,🚀 月K单启,False,True
002864,盘龙药业,🚀 月K单启,False,True
002869,金溢科技,🚀 月K单启,False,True
002871,伟隆股份,📈 周K单启,True,False
002895,川恒股份,🚀 月K单启,False,True
002900,哈三联,🚀 月K单启,False,True
002915,中欣氟材,🔥 周月双启,True,True
002919,名臣健康,🔥 周月双启,True,True
002929,润建股份,📈 周K单启,True,False
002930,宏川智慧,🚀 月K单启,False,True
002937,兴瑞科技,📈 周K单启,True,False
002938,鹏鼎控股,📈 周K单启,True,False
002942,新农股份,🚀 月K单启,False,True
002955,鸿合科技,🚀 月K单启,False,True
002958,青农商行,🚀 月K单启,False,True
002963,豪尔赛,📈 周K单启,True,False
002969,嘉美包装,🚀 月K单启,False,True
002984,森麒麟,🚀 月K单启,False,True
002985,北摩高科,🚀 月K单启,False,True
003008,开普检测,🚀 月K单启,False,True
003012,东鹏控股,🚀 月K单启,False,True
003019,宸展光电,📈 周K单启,True,False
003026,中晶科技,📈 周K单启,True,False
003027,同兴科技,🚀 月K单启,False,True
003031,中瓷电子,📈 周K单启,True,False
003039,顺控发展,🚀 月K单启,False,True
003043,华亚智能,📈 周K单启,True,False
688010,福光股份,📈 周K单启,True,False
688020,方邦股份,📈 周K单启,True,False
688038,中科通达,🚀 月K单启,False,True
688067,爱威科技,🚀 月K单启,False,True
688083,中望软件,🔥 周月双启,True,True
688095,福昕软件,🚀 月K单启,False,True
688107,安路科技,📈 周K单启,True,False
688117,圣诺生物,📈 周K单启,True,False
688156,路德科技,📈 周K单启,True,False
688165,埃夫特-U,📈 周K单启,True,False
688169,石头科技,🚀 月K单启,False,True
688178,万德斯,📈 周K单启,True,False
688173,希荻微,📈 周K单启,True,False
688186,广大特材,🚀 月K单启,False,True
688259,创耀科技,📈 周K单启,True,False
688257,新锐股份,📈 周K单启,True,False
688276,百克生物,🚀 月K单启,False,True
688278,特宝生物,🚀 月K单启,False,True
688286,敏芯股份,🔥 周月双启,True,True
688288,鸿泉技术,🚀 月K单启,False,True
688298,东方生物,🚀 月K单启,False,True
688319,欧林生物,📈 周K单启,True,False
688329,艾隆科技,🔥 周月双启,True,True
688359,三孚新科,📈 周K单启,True,False
688369,致远互联,🚀 月K单启,False,True
688365,光云科技,🚀 月K单启,False,True
688388,嘉元科技,📈 周K单启,True,False
688390,固德威,📈 周K单启,True,False
688399,硕世生物,🚀 月K单启,False,True
688450,光格科技,📈 周K单启,True,False
688466,金科环境,🚀 月K单启,False,True
688468,科美诊断,🚀 月K单启,False,True
688479,友车科技,📈 周K单启,True,False
688478,晶升股份,📈 周K单启,True,False
688500,慧辰股份,🚀 月K单启,False,True
688513,苑东生物,🚀 月K单启,False,True
688516,奥特维,🔥 周月双启,True,True
688535,华海诚科,📈 周K单启,True,False
688551,科威尔,📈 周K单启,True,False
688565,力源科技,🚀 月K单启,False,True
688571,杭华股份,📈 周K单启,True,False
688576,西山科技,📈 周K单启,True,False
688578,艾力斯,🚀 月K单启,False,True
688582,芯动联科,📈 周K单启,True,False
688588,凌志软件,🚀 月K单启,False,True
688597,煜邦电力,🚀 月K单启,False,True
688602,康鹏科技,📈 周K单启,True,False
688598,金博股份,📈 周K单启,True,False
688608,恒玄科技,🚀 月K单启,False,True
688625,呈和科技,📈 周K单启,True,False
688628,优利德,📈 周K单启,True,False
688639,华恒生物,🚀 月K单启,False,True
688662,富信科技,📈 周K单启,True,False
688665,四方光电,📈 周K单启,True,False
688678,福立旺,📈 周K单启,True,False
688720,艾森股份,📈 周K单启,True,False
688757,胜科纳米,📈 周K单启,True,False
600195,中牧股份,🚀 月K单启,False,True
600208,衢州发展,🚀 月K单启,False,True
600210,紫江企业,🚀 月K单启,False,True
600468,百利电气,🚀 月K单启,False,True
600486,扬农化工,🚀 月K单启,False,True
600520,三佳科技,📈 周K单启,True,False
600651,飞乐音响,🚀 月K单启,False,True
600787,中储股份,🚀 月K单启,False,True
600686,金龙汽车,🚀 月K单启,False,True
600917,重庆燃气,🚀 月K单启,False,True
600959,江苏有线,🚀 月K单启,False,True
600963,岳阳林纸,🚀 月K单启,False,True
600970,中材国际,🚀 月K单启,False,True
600983,惠而浦,🚀 月K单启,False,True
600987,航民股份,🚀 月K单启,False,True
600988,赤峰黄金,🚀 月K单启,False,True
600990,四创电子,🚀 月K单启,False,True
601005,重庆钢铁,🚀 月K单启,False,True
601058,赛轮轮胎,🚀 月K单启,False,True
601086,国芳集团,🚀 月K单启,False,True
601231,环旭电子,📈 周K单启,True,False
601238,广汽集团,🚀 月K单启,False,True
601318,中国平安,🚀 月K单启,False,True
601319,中国人保,🚀 月K单启,False,True
601366,利群股份,🚀 月K单启,False,True
601368,绿城水务,🚀 月K单启,False,True
601515,衢州东峰,🚀 月K单启,False,True
601606,长城军工,🚀 月K单启,False,True
601799,星宇股份,🚀 月K单启,False,True
601880,辽港股份,🚀 月K单启,False,True
601881,中国银河,📈 周K单启,True,False
601900,南方传媒,🚀 月K单启,False,True
601890,亚星锚链,🚀 月K单启,False,True
601933,永辉超市,🚀 月K单启,False,True
601991,大唐发电,📈 周K单启,True,False
603028,赛福天,🚀 月K单启,False,True
603035,常熟汽饰,🚀 月K单启,False,True
603037,凯众股份,🚀 月K单启,False,True
603043,广州酒家,🚀 月K单启,False,True
603059,倍加洁,🚀 月K单启,False,True
603073,彩蝶实业,🚀 月K单启,False,True
603086,先达股份,🚀 月K单启,False,True
603109,神驰机电,🚀 月K单启,False,True
603108,润达医疗,🚀 月K单启,False,True
603117,万林物流,🚀 月K单启,False,True
603119,浙江荣泰,📈 周K单启,True,False
603126,中材节能,🚀 月K单启,False,True
603150,万朗磁塑,📈 周K单启,True,False
603160,汇顶科技,🚀 月K单启,False,True
603173,福斯达,🚀 月K单启,False,True
603236,移远通信,🚀 月K单启,False,True
603267,鸿远电子,📈 周K单启,True,False
603278,大业股份,🚀 月K单启,False,True
603279,景津装备,🚀 月K单启,False,True
603282,亚光股份,🚀 月K单启,False,True
603315,福鞍股份,📈 周K单启,True,False
603321,梅轮电梯,🚀 月K单启,False,True
603353,和顺石油,📈 周K单启,True,False
603360,百傲化学,🚀 月K单启,False,True
603368,柳药集团,🚀 月K单启,False,True
603408,建霖家居,🚀 月K单启,False,True
603421,鼎信通讯,🚀 月K单启,False,True
603529,爱玛科技,🚀 月K单启,False,True
603583,捷昌驱动,🚀 月K单启,False,True
603589,口子窖,🚀 月K单启,False,True
603590,康辰药业,🚀 月K单启,False,True
603599,广信股份,🚀 月K单启,False,True
603602,纵横通信,🚀 月K单启,False,True
603611,诺力股份,🚀 月K单启,False,True
603633,徕木股份,🚀 月K单启,False,True
603680,今创集团,🚀 月K单启,False,True
603687,大胜达,📈 周K单启,True,False
603697,有友食品,🚀 月K单启,False,True
603703,盛洋科技,🚀 月K单启,False,True
603708,家家悦,🚀 月K单启,False,True
603737,三棵树,🚀 月K单启,False,True
603733,仙鹤股份,📈 周K单启,True,False
603799,华友钴业,🚀 月K单启,False,True
603810,丰山集团,🚀 月K单启,False,True
603856,东宏股份,📈 周K单启,True,False
603855,华荣股份,🚀 月K单启,False,True
603863,松炀资源,🚀 月K单启,False,True
603926,铁流股份,🚀 月K单启,False,True
603929,亚翔集成,📈 周K单启,True,False
603978,深圳新星,📈 周K单启,True,False
603983,丸美生物,🚀 月K单启,False,True
603987,康德莱,🚀 月K单启,False,True
603989,艾华集团,📈 周K单启,True,False
603992,松霖科技,🔥 周月双启,True,True
603993,洛阳钼业,🚀 月K单启,False,True
605005,合兴股份,🚀 月K单启,False,True
605003,众望布艺,🚀 月K单启,False,True
605009,豪悦护理,🚀 月K单启,False,True
605018,长华集团,📈 周K单启,True,False
605020,永和股份,📈 周K单启,True,False
605055,迎丰股份,📈 周K单启,True,False
605056,咸亨国际,🚀 月K单启,False,True
605069,正和生态,📈 周K单启,True,False
605116,奥锐特,🚀 月K单启,False,True
605128,上海沿浦,🚀 月K单启,False,True
605196,华通线缆,🚀 月K单启,False,True
605288,凯迪股份,🔥 周月双启,True,True
605337,李子园,🚀 月K单启,False,True
605389,长龄液压,📈 周K单启,True,False
300008,天海防务,🚀 月K单启,False,True
300009,安科生物,🚀 月K单启,False,True
300019,硅宝科技,🔥 周月双启,True,True
300034,钢研高纳,🔥 周月双启,True,True
300036,超图软件,🚀 月K单启,False,True
300370,安控科技,🚀 月K单启,False,True
300371,汇中股份,🚀 月K单启,False,True
300369,绿盟科技,🚀 月K单启,False,True
300376,易事特,🚀 月K单启,False,True
300377,赢时胜,🚀 月K单启,False,True
300386,飞天诚信,🚀 月K单启,False,True
300394,天孚通信,📈 周K单启,True,False
300393,中来股份,🚀 月K单启,False,True
300398,飞凯材料,📈 周K单启,True,False
300421,力星股份,🚀 月K单启,False,True
300413,芒果超媒,🚀 月K单启,False,True
300427,红相股份,🚀 月K单启,False,True
300423,昇辉科技,📈 周K单启,True,False
300428,立中集团,🚀 月K单启,False,True
300432,富临精工,📈 周K单启,True,False
300446,航天智造,🚀 月K单启,False,True
300443,金雷股份,🚀 月K单启,False,True
300455,航天智装,🚀 月K单启,False,True
300450,先导智能,🚀 月K单启,False,True
300463,迈克生物,🚀 月K单启,False,True
300486,东杰智能,📈 周K单启,True,False
300469,信息发展,🚀 月K单启,False,True
300482,万孚生物,🚀 月K单启,False,True
300492,华图山鼎,🚀 月K单启,False,True
300513,恒实科技,🚀 月K单启,False,True
300503,昊志机电,📈 周K单启,True,False
300518,新迅达,📈 周K单启,True,False
300523,辰安科技,🚀 月K单启,False,True
300534,陇神戎发,🚀 月K单启,False,True
300546,雄帝科技,🚀 月K单启,False,True
300539,横河精密,🔥 周月双启,True,True
600004,白云机场,🚀 月K单启,False,True
600006,东风股份,🚀 月K单启,False,True
600010,包钢股份,🚀 月K单启,False,True
600017,日照港,🚀 月K单启,False,True
600028,中国石化,🚀 月K单启,False,True
600030,中信证券,📈 周K单启,True,False
600033,福建高速,🚀 月K单启,False,True
600032,浙江新能,🚀 月K单启,False,True
600038,中直股份,🚀 月K单启,False,True
600055,万东医疗,🚀 月K单启,False,True
600072,中船科技,🚀 月K单启,False,True
600075,新疆天业,🚀 月K单启,False,True
600088,中视传媒,🚀 月K单启,False,True
600096,云天化,🚀 月K单启,False,True
600097,开创国际,🚀 月K单启,False,True
600100,同方股份,🚀 月K单启,False,True
600101,明星电力,🚀 月K单启,False,True
600103,青山纸业,🚀 月K单启,False,True
600105,永鼎股份,📈 周K单启,True,False
600106,重庆路桥,🚀 月K单启,False,True
600108,亚盛集团,🚀 月K单启,False,True
600114,东睦股份,📈 周K单启,True,False
600115,中国东航,🚀 月K单启,False,True
600117,西宁特钢,🚀 月K单启,False,True
600120,浙江东方,🚀 月K单启,False,True
600125,铁龙物流,🚀 月K单启,False,True
600128,苏豪弘业,🚀 月K单启,False,True
600133,东湖高新,🚀 月K单启,False,True
600135,乐凯胶片,🚀 月K单启,False,True
600151,航天机电,🚀 月K单启,False,True
600021,上海电力,🚀 月K单启,False,True
600028,中国石化,🚀 月K单启,False,True
600029,南方航空,🚀 月K单启,False,True
600030,中信证券,📈 周K单启,True,False
600031,三一重工,🚀 月K单启,False,True
600032,浙江新能,🚀 月K单启,False,True
600038,中直股份,🚀 月K单启,False,True
600054,黄山旅游,🚀 月K单启,False,True
600055,万东医疗,🚀 月K单启,False,True
600059,古越龙山,🚀 月K单启,False,True
600064,南京高科,🚀 月K单启,False,True
600004,白云机场,🚀 月K单启,False,True
600006,东风股份,🚀 月K单启,False,True
600010,包钢股份,🚀 月K单启,False,True
600017,日照港,🚀 月K单启,False,True
600021,上海电力,🚀 月K单启,False,True
600028,中国石化,🚀 月K单启,False,True
600029,南方航空,🚀 月K单启,False,True
600032,浙江新能,🚀 月K单启,False,True
600033,福建高速,🚀 月K单启,False,True
600036,招商银行,🚀 月K单启,False,True
600038,中直股份,🚀 月K单启,False,True
600039,四川路桥,🚀 月K单启,False,True
600051,宁波联合,🚀 月K单启,False,True
600054,黄山旅游,🚀 月K单启,False,True
600055,万东医疗,🚀 月K单启,False,True
600059,古越龙山,🚀 月K单启,False,True
600064,南京高科,🚀 月K单启,False,True
600075,新疆天业,🚀 月K单启,False,True
600081,东风科技,🚀 月K单启,False,True
600088,中视传媒,🚀 月K单启,False,True
600089,特变电工,🚀 月K单启,False,True
600096,云天化,🚀 月K单启,False,True
600100,同方股份,🚀 月K单启,False,True
600101,明星电力,🚀 月K单启,False,True
600103,青山纸业,🚀 月K单启,False,True
600104,上汽集团,🚀 月K单启,False,True
600105,永鼎股份,📈 周K单启,True,False
600106,重庆路桥,🚀 月K单启,False,True
600108,亚盛集团,🚀 月K单启,False,True
600110,诺德股份,📈 周K单启,True,False
600114,东睦股份,📈 周K单启,True,False
600115,中国东航,🚀 月K单启,False,True
600120,浙江东方,🚀 月K单启,False,True
600126,杭钢股份,🚀 月K单启,False,True
600125,铁龙物流,🚀 月K单启,False,True
600128,苏豪弘业,🚀 月K单启,False,True
600131,国网信通,🚀 月K单启,False,True
600135,乐凯胶片,🚀 月K单启,False,True
600138,中青旅,🚀 月K单启,False,True
600151,航天机电,🚀 月K单启,False,True
600155,华创云信,🚀 月K单启,False,True
600157,永泰能源,🚀 月K单启,False,True
600160,巨化股份,📈 周K单启,True,False
600161,天坛生物,🚀 月K单启,False,True
600163,中闽能源,🚀 月K单启,False,True
600170,上海建工,🚀 月K单启,False,True
600171,上海贝岭,📈 周K单启,True,False
600176,中国巨石,📈 周K单启,True,False
600184,光电股份,📈 周K单启,True,False
600185,珠免集团,🚀 月K单启,False,True
600192,长城电工,🚀 月K单启,False,True
600191,华资实业,🚀 月K单启,False,True
600198,大唐电信,🔥 周月双启,True,True
600199,金种子酒,🚀 月K单启,False,True
600201,生物股份,🚀 月K单启,False,True
600202,哈空调,🚀 月K单启,False,True
600207,安彩高科,📈 周K单启,True,False
600208,衢州发展,🚀 月K单启,False,True
600211,西藏药业,🚀 月K单启,False,True
600212,绿能慧充,🚀 月K单启,False,True
600215,派斯林,🚀 月K单启,False,True
600216,浙江医药,🚀 月K单启,False,True
600218,全柴动力,🚀 月K单启,False,True
600221,海航控股,🚀 月K单启,False,True
600223,福瑞达,🚀 月K单启,False,True
600229,城市传媒,🚀 月K单启,False,True
600231,凌钢股份,🚀 月K单启,False,True
600230,沧州大化,🚀 月K单启,False,True
600235,民丰特纸,🚀 月K单启,False,True
600250,南京商旅,🚀 月K单启,False,True
600252,中恒集团,🚀 月K单启,False,True
600258,首旅酒店,🚀 月K单启,False,True
600259,中稀有色,📈 周K单启,True,False
600262,北方股份,🚀 月K单启,False,True
600266,城建发展,🚀 月K单启,False,True
600269,赣粤高速,🚀 月K单启,False,True
600271,航天信息,🚀 月K单启,False,True
600273,嘉化能源,🚀 月K单启,False,True
600284,浦东建设,🚀 月K单启,False,True
600288,大恒科技,🔥 周月双启,True,True
600301,华锡有色,📈 周K单启,True,False
600307,酒钢宏兴,🚀 月K单启,False,True
600315,上海家化,🚀 月K单启,False,True
600316,洪都航空,🚀 月K单启,False,True
600318,新力金融,🚀 月K单启,False,True
600319,亚星化学,🚀 月K单启,False,True
600325,华发股份,🚀 月K单启,False,True
600327,大东方,🚀 月K单启,False,True
600328,中盐化工,🚀 月K单启,False,True
600332,白云山,🚀 月K单启,False,True
600331,宏达股份,🚀 月K单启,False,True
600335,国机汽车,🚀 月K单启,False,True
600338,西藏珠峰,🚀 月K单启,False,True
600339,中油工程,🚀 月K单启,False,True
600346,恒力石化,🚀 月K单启,False,True
600350,山东高速,📈 周K单启,True,False
600353,旭光电子,📈 周K单启,True,False
600358,国旅联合,🚀 月K单启,False,True
600359,新农开发,🚀 月K单启,False,True
600360,华微电子,📈 周K单启,True,False
600362,江西铜业,🚀 月K单启,False,True
600363,联创光电,🔥 周月双启,True,True
600372,中航机载,🚀 月K单启,False,True
600373,中文传媒,🚀 月K单启,False,True
600375,汉马科技,🚀 月K单启,False,True
600380,健康元,🚀 月K单启,False,True
600382,广东明珠,🚀 月K单启,False,True
600383,金地集团,🚀 月K单启,False,True
600390,五矿资本,🚀 月K单启,False,True
600391,航发科技,🚀 月K单启,False,True
600392,盛和资源,📈 周K单启,True,False
600399,抚顺特钢,🚀 月K单启,False,True
600405,动力源,🚀 月K单启,False,True
600410,华胜天成,🚀 月K单启,False,True
600416,湘电股份,🚀 月K单启,False,True
600418,江淮汽车,🚀 月K单启,False,True
600425,青松建化,🚀 月K单启,False,True
600426,华鲁恒升,🚀 月K单启,False,True
600436,片仔癀,🚀 月K单启,False,True
600435,北方导航,🚀 月K单启,False,True
600438,通威股份,🚀 月K单启,False,True
600444,国机通用,🚀 月K单启,False,True
600446,金证股份,🚀 月K单启,False,True
600456,宝钛股份,🚀 月K单启,False,True
600458,时代新材,📈 周K单启,True,False
600463,空港股份,🚀 月K单启,False,True
600467,好当家,🚀 月K单启,False,True
600468,百利电气,🚀 月K单启,False,True
600469,风神股份,🚀 月K单启,False,True
600475,华光环能,🚀 月K单启,False,True
600477,杭萧钢构,🚀 月K单启,False,True
600478,科力远,🚀 月K单启,False,True
600481,双良节能,🚀 月K单启,False,True
600486,扬农化工,🚀 月K单启,False,True
600489,中金黄金,🚀 月K单启,False,True
600490,鹏欣资源,🚀 月K单启,False,True
600493,凤竹纺织,🚀 月K单启,False,True
600496,精工钢构,🚀 月K单启,False,True
600498,烽火通信,📈 周K单启,True,False
600501,航天晨光,🚀 月K单启,False,True
600507,方大特钢,🚀 月K单启,False,True
600509,天富能源,🚀 月K单启,False,True
600510,黑牡丹,🚀 月K单启,False,True
600513,联环药业,🚀 月K单启,False,True
600512,腾达建设,🚀 月K单启,False,True
600515,海南机场,🚀 月K单启,False,True
600516,方大炭素,🔥 周月双启,True,True
600517,国网英大,🚀 月K单启,False,True
600522,中天科技,📈 周K单启,True,False
600523,贵航股份,🚀 月K单启,False,True
600527,江南高纤,🚀 月K单启,False,True
600528,中铁工业,🚀 月K单启,False,True
600531,豫光金铅,🚀 月K单启,False,True
600533,栖霞建设,🚀 月K单启,False,True
600536,中国软件,🚀 月K单启,False,True
600547,山东黄金,🚀 月K单启,False,True
600549,厦门钨业,📈 周K单启,True,False
600550,保变电气,🚀 月K单启,False,True
600551,时代出版,🚀 月K单启,False,True
600552,凯盛科技,📈 周K单启,True,False
600556,天下秀,🚀 月K单启,False,True
600558,大西洋,🚀 月K单启,False,True
600559,老白干酒,🚀 月K单启,False,True
600560,金自天正,🚀 月K单启,False,True
600562,国睿科技,🚀 月K单启,False,True
600567,山鹰国际,🚀 月K单启,False,True
600569,安阳钢铁,🚀 月K单启,False,True
600571,信雅达,🚀 月K单启,False,True
600576,祥源文旅,📈 周K单启,True,False
600577,精达股份,🚀 月K单启,False,True
600579,中化装备,🚀 月K单启,False,True
600582,天地科技,🚀 月K单启,False,True
600585,海螺水泥,🚀 月K单启,False,True
600586,金晶科技,🚀 月K单启,False,True
600587,新华医疗,🚀 月K单启,False,True
600589,大位科技,🚀 月K单启,False,True
600592,龙溪股份,🚀 月K单启,False,True
600595,中孚实业,🚀 月K单启,False,True
600596,新安股份,📈 周K单启,True,False
600597,光明乳业,🚀 月K单启,False,True
600603,广汇物流,🚀 月K单启,False,True
600604,市北高新,🚀 月K单启,False,True
600605,汇通能源,📈 周K单启,True,False
600609,金杯汽车,🚀 月K单启,False,True
600610,中毅达,🚀 月K单启,False,True
600612,老凤祥,🚀 月K单启,False,True
600615,鑫源智造,🚀 月K单启,False,True
600616,金枫酒业,🚀 月K单启,False,True
600618,氯碱化工,🚀 月K单启,False,True
600620,天宸股份,🚀 月K单启,False,True
600621,华鑫股份,🚀 月K单启,False,True
600626,申达股份,🚀 月K单启,False,True
600628,新世界,🚀 月K单启,False,True
600629,华建集团,🚀 月K单启,False,True
600630,龙头股份,🔥 周月双启,True,True
600633,浙数文化,🚀 月K单启,False,True
600635,大众公用,🚀 月K单启,False,True
600639,浦东金桥,🚀 月K单启,False,True
600638,新黄浦,🚀 月K单启,False,True
600643,爱建集团,🚀 月K单启,False,True
600648,外高桥,🚀 月K单启,False,True
600650,锦江在线,🚀 月K单启,False,True
600649,城投控股,🚀 月K单启,False,True
600645,中源协和,🚀 月K单启,False,True
600654,中安科,🚀 月K单启,False,True
600657,信达地产,🚀 月K单启,False,True
600658,电子城,🚀 月K单启,False,True
600661,昂立教育,🚀 月K单启,False,True
600664,哈药股份,🚀 月K单启,False,True
600665,天地源,🚀 月K单启,False,True
600668,尖峰集团,🚀 月K单启,False,True
600667,太极实业,📈 周K单启,True,False
600675,中华企业,🚀 月K单启,False,True
600679,上海凤凰,🚀 月K单启,False,True
600681,百川能源,🚀 月K单启,False,True
600683,京投发展,📈 周K单启,True,False
600684,珠江股份,🚀 月K单启,False,True
600685,中船防务,🚀 月K单启,False,True
600686,金龙汽车,🚀 月K单启,False,True
600688,上海石化,🚀 月K单启,False,True
600689,上海三毛,🚀 月K单启,False,True
600690,海尔智家,🚀 月K单启,False,True
600691,潞化科技,🚀 月K单启,False,True
600697,欧亚集团,🚀 月K单启,False,True
600699,均胜电子,📈 周K单启,True,False
600703,三安光电,📈 周K单启,True,False
600704,物产中大,🚀 月K单启,False,True
600711,盛屯矿业,🚀 月K单启,False,True
600712,南宁百货,🚀 月K单启,False,True
600715,文投控股,🚀 月K单启,False,True
600716,凤凰股份,🚀 月K单启,False,True
600718,东软集团,🚀 月K单启,False,True
600720,中交设计,🚀 月K单启,False,True
600721,百花医药,🚀 月K单启,False,True
600725,云维股份,🚀 月K单启,False,True
600726,华电能源,📈 周K单启,True,False
600728,佳都科技,🚀 月K单启,False,True
600729,重百集团,🚀 月K单启,False,True
600731,湖南海利,🚀 月K单启,False,True
600733,北汽蓝谷,🚀 月K单启,False,True
600739,辽宁成大,🚀 月K单启,False,True
600742,富维股份,🚀 月K单启,False,True
600748,上实发展,🚀 月K单启,False,True
600749,西藏旅游,🚀 月K单启,False,True
600751,海航科技,🚀 月K单启,False,True
600757,长江传媒,🚀 月K单启,False,True
600760,中航沈飞,🚀 月K单启,False,True
600761,安徽合力,🚀 月K单启,False,True
600763,通策医疗,🚀 月K单启,False,True
600764,中国海防,🚀 月K单启,False,True
600765,中航重机,🚀 月K单启,False,True
600769,祥龙电业,📈 周K单启,True,False
600773,西藏城投,🔥 周月双启,True,True
600774,汉商集团,🚀 月K单启,False,True
600776,东方通信,🚀 月K单启,False,True
600775,南京熊猫,🚀 月K单启,False,True
600777,新潮能源,🚀 月K单启,False,True
600778,友好集团,🚀 月K单启,False,True
600782,新钢股份,🚀 月K单启,False,True
600785,新华百货,🚀 月K单启,False,True
600789,鲁抗医药,🚀 月K单启,False,True
600793,宜宾纸业,🚀 月K单启,False,True
600796,钱江生化,🚀 月K单启,False,True
600797,浙大网新,🚀 月K单启,False,True
600798,宁波海运,🚀 月K单启,False,True
600802,福建水泥,🚀 月K单启,False,True
600807,济高发展,🚀 月K单启,False,True
600808,马钢股份,🚀 月K单启,False,True
600812,华北制药,🚀 月K单启,False,True
600814,杭州解百,🚀 月K单启,False,True
600819,耀皮玻璃,🚀 月K单启,False,True
600822,上海物贸,🚀 月K单启,False,True
600825,新华传媒,🚀 月K单启,False,True
600826,兰生股份,🚀 月K单启,False,True
600828,茂业商业,🚀 月K单启,False,True
600830,香溢融通,🚀 月K单启,False,True
600831,广电网络,🚀 月K单启,False,True
600834,申通地铁,🚀 月K单启,False,True
600835,上海机电,🚀 月K单启,False,True
600838,上海九百,🚀 月K单启,False,True
600839,四川长虹,🚀 月K单启,False,True
600841,动力新科,🚀 月K单启,False,True
600846,XD同济科,🚀 月K单启,False,True
600848,上海临港,🚀 月K单启,False,True
600850,电科数字,🚀 月K单启,False,True
600853,龙建股份,🚀 月K单启,False,True
600855,航天长峰,🚀 月K单启,False,True
600858,银座股份,🚀 月K单启,False,True
600859,王府井,🚀 月K单启,False,True
600860,京城股份,🚀 月K单启,False,True
600861,北京人力,🚀 月K单启,False,True
600862,中航高科,🔥 周月双启,True,True
600864,哈投股份,🚀 月K单启,False,True
600866,星湖科技,🚀 月K单启,False,True
600868,梅雁吉祥,🚀 月K单启,False,True
600869,远东股份,📈 周K单启,True,False
600871,石化油服,🚀 月K单启,False,True
600874,创业环保,🚀 月K单启,False,True
600876,凯盛新能,🚀 月K单启,False,True
600877,电科芯片,🚀 月K单启,False,True
600880,博瑞传播,🚀 月K单启,False,True
600882,妙可蓝多,🚀 月K单启,False,True
600888,新疆众和,📈 周K单启,True,False
600893,航发动力,🚀 月K单启,False,True
600905,三峡能源,🚀 月K单启,False,True
600909,华安证券,📈 周K单启,True,False
600917,重庆燃气,🚀 月K单启,False,True
600918,中泰证券,🚀 月K单启,False,True
600928,西安银行,🚀 月K单启,False,True
600930,华电新能,📈 周K单启,True,False
600958,东方证券,🚀 月K单启,False,True
600960,渤海汽车,🚀 月K单启,False,True
600963,岳阳林纸,🚀 月K单启,False,True
600966,博汇纸业,🚀 月K单启,False,True
600967,内蒙一机,🚀 月K单启,False,True
600975,新五丰,🚀 月K单启,False,True
600977,中国电影,🔥 周月双启,True,True
600980,北矿科技,🚀 月K单启,False,True
600981,苏豪汇鸿,🚀 月K单启,False,True
600986,浙文互联,🚀 月K单启,False,True
600987,航民股份,🚀 月K单启,False,True
600988,赤峰黄金,🚀 月K单启,False,True
600990,四创电子,🚀 月K单启,False,True
600993,马应龙,🚀 月K单启,False,True
600997,开滦股份,🚀 月K单启,False,True
601005,重庆钢铁,🚀 月K单启,False,True
601007,金陵饭店,🚀 月K单启,False,True
601011,宝泰隆,🚀 月K单启,False,True
601016,节能风电,🚀 月K单启,False,True
601018,宁波港,🚀 月K单启,False,True
601020,华钰矿业,🚀 月K单启,False,True
601066,XD中信建,📈 周K单启,True,False
601086,国芳集团,🚀 月K单启,False,True
601099,太平洋,🚀 月K单启,False,True
601106,中国一重,🚀 月K单启,False,True
601111,中国国航,🚀 月K单启,False,True
601113,华鼎股份,🚀 月K单启,False,True
601116,三江购物,🚀 月K单启,False,True
601118,海南橡胶,🚀 月K单启,False,True
601127,赛力斯,🚀 月K单启,False,True
601133,柏诚股份,📈 周K单启,True,False
601139,深圳燃气,🚀 月K单启,False,True
601155,新城控股,🚀 月K单启,False,True
601166,兴业银行,🚀 月K单启,False,True
601186,中国铁建,🚀 月K单启,False,True
601200,上海环境,🚀 月K单启,False,True
601208,东材科技,📈 周K单启,True,False
601211,国泰海通,📈 周K单启,True,False
601212,白银有色,🚀 月K单启,False,True
601218,吉鑫科技,🚀 月K单启,False,True
601226,华电科工,🚀 月K单启,False,True
601229,上海银行,🚀 月K单启,False,True
601231,环旭电子,📈 周K单启,True,False
601236,红塔证券,🚀 月K单启,False,True
601238,广汽集团,🚀 月K单启,False,True
601279,英利汽车,🚀 月K单启,False,True
601288,农业银行,🚀 月K单启,False,True
601311,骆驼股份,🚀 月K单启,False,True
601319,中国人保,🚀 月K单启,False,True
601326,秦港股份,🚀 月K单启,False,True
601330,绿色动力,🚀 月K单启,False,True
601366,利群股份,🚀 月K单启,False,True
601360,三六零,🚀 月K单启,False,True
601377,兴业证券,🚀 月K单启,False,True
601390,中国中铁,🚀 月K单启,False,True
601399,国机重装,🚀 月K单启,False,True
601512,中新集团,🚀 月K单启,False,True
601515,衢州东峰,🚀 月K单启,False,True
601519,大智慧,🚀 月K单启,False,True
601528,瑞丰银行,🚀 月K单启,False,True
601567,三星电气,🚀 月K单启,False,True
601568,北元化工,🚀 月K单启,False,True
601595,上海电影,🚀 月K单启,False,True
601599,浙文影业,🚀 月K单启,False,True
601600,中国铝业,🚀 月K单启,False,True
601601,中国太保,🚀 月K单启,False,True
601606,长城军工,🚀 月K单启,False,True
601608,中信重工,🚀 月K单启,False,True
601611,中国核建,🚀 月K单启,False,True
601615,明阳智能,🚀 月K单启,False,True
601616,广电电气,🚀 月K单启,False,True
601618,中国中冶,🚀 月K单启,False,True
601619,嘉泽新能,🚀 月K单启,False,True
601636,旗滨集团,📈 周K单启,True,False
601669,中国电建,🚀 月K单启,False,True
601688,华泰证券,📈 周K单启,True,False
601696,中银证券,🚀 月K单启,False,True
601717,中创智领,🚀 月K单启,False,True
601727,上海电气,🚀 月K单启,False,True
601789,宁波建工,🚀 月K单启,False,True
601788,光大证券,🚀 月K单启,False,True
601799,星宇股份,🚀 月K单启,False,True
601808,中海油服,🚀 月K单启,False,True
601811,新华文轩,🚀 月K单启,False,True
601868,中国能建,🚀 月K单启,False,True
601880,辽港股份,🚀 月K单启,False,True
601881,中国银河,🚀 月K单启,False,True
601899,紫金矿业,🚀 月K单启,False,True
601901,XD方正证,📈 周K单启,True,False
601919,中远海控,🚀 月K单启,False,True
601929,吉视传媒,🚀 月K单启,False,True
601956,东贝集团,🚀 月K单启,False,True
601965,中国汽研,🚀 月K单启,False,True
601966,玲珑轮胎,🚀 月K单启,False,True
601992,金隅集团,🚀 月K单启,False,True
601999,XD出版传,🚀 月K单启,False,True
603007,顺景科技,🚀 月K单启,False,True
603011,合锻智能,📈 周K单启,True,False
603017,中衡设计,🚀 月K单启,False,True
603023,威帝股份,🚀 月K单启,False,True
603028,赛福天,🚀 月K单启,False,True
603031,安孚科技,📈 周K单启,True,False
603033,三维股份,📈 周K单启,True,False
603035,常熟汽饰,🚀 月K单启,False,True
603040,新坐标,📈 周K单启,True,False
603045,福达合金,📈 周K单启,True,False
603055,台华新材,🚀 月K单启,False,True
603061,金海通,📈 周K单启,True,False
603069,海汽集团,🚀 月K单启,False,True
603073,彩蝶实业,🚀 月K单启,False,True
603075,热威股份,📈 周K单启,True,False
603080,新疆火炬,🚀 月K单启,False,True
603081,大丰实业,🚀 月K单启,False,True
603083,剑桥科技,📈 周K单启,True,False
603090,宏盛股份,🔥 周月双启,True,True
603093,南华期货,🚀 月K单启,False,True
603096,新经典,🚀 月K单启,False,True
603098,森特股份,🚀 月K单启,False,True
603100,川仪股份,🚀 月K单启,False,True
603103,横店影视,🚀 月K单启,False,True
603105,芯能科技,🚀 月K单启,False,True
603106,恒银科技,🚀 月K单启,False,True
603108,润达医疗,🚀 月K单启,False,True
603109,神驰机电,🚀 月K单启,False,True
603111,康尼机电,🚀 月K单启,False,True
603113,金能科技,🚀 月K单启,False,True
603115,海星股份,📈 周K单启,True,False
603117,万林物流,🚀 月K单启,False,True
603119,浙江荣泰,📈 周K单启,True,False
603123,翠微股份,🚀 月K单启,False,True
603121,华培动力,🚀 月K单启,False,True
603124,江南新材,📈 周K单启,True,False
603128,华贸物流,🚀 月K单启,False,True
603131,上海沪工,🚀 月K单启,False,True
603135,中重科技,📈 周K单启,True,False
603138,海量数据,🚀 月K单启,False,True
603159,上海亚虹,🚀 月K单启,False,True
603169,兰石重装,🚀 月K单启,False,True
603172,万丰股份,🚀 月K单启,False,True
603185,弘元绿能,🚀 月K单启,False,True
603188,亚邦股份,🚀 月K单启,False,True
603192,汇得科技,🚀 月K单启,False,True
603196,璞源材料,📈 周K单启,True,False
603197,保隆科技,🚀 月K单启,False,True
603199,九华旅游,🚀 月K单启,False,True
603200,上海洗霸,🚀 月K单启,False,True
603215,比依股份,🚀 月K单启,False,True
603218,日月股份,🚀 月K单启,False,True
603220,中贝通信,🚀 月K单启,False,True
603222,济民健康,🚀 月K单启,False,True
603229,奥翔药业,🚀 月K单启,False,True
603232,格尔软件,🚀 月K单启,False,True
603236,移远通信,🚀 月K单启,False,True
603238,诺邦股份,🚀 月K单启,False,True
603239,浙江仙通,🚀 月K单启,False,True
603258,电魂网络,🚀 月K单启,False,True
603260,合盛硅业,🔥 周月双启,True,True
603262,技源集团,📈 周K单启,True,False
603266,天龙股份,📈 周K单启,True,False
603269,海鸥股份,📈 周K单启,True,False
603271,永杰新材,📈 周K单启,True,False
603279,景津装备,🚀 月K单启,False,True
603278,大业股份,🚀 月K单启,False,True
603280,南方路机,🚀 月K单启,False,True
603281,江瀚新材,📈 周K单启,True,False
603286,日盈电子,🔥 周月双启,True,True
603297,永新光学,📈 周K单启,True,False
603299,苏盐井神,🚀 月K单启,False,True
603300,海南华铁,🚀 月K单启,False,True
603303,得邦照明,📈 周K单启,True,False
603305,旭升集团,🚀 月K单启,False,True
603306,华懋科技,📈 周K单启,True,False
603309,维力医疗,🚀 月K单启,False,True
603310,巍华新材,📈 周K单启,True,False
603315,福鞍股份,📈 周K单启,True,False
603316,诚邦股份,📈 周K单启,True,False
603320,迪贝电气,📈 周K单启,True,False
603321,梅轮电梯,🚀 月K单启,False,True
603322,超讯科技,🚀 月K单启,False,True
603323,苏农银行,🚀 月K单启,False,True
603324,盛剑科技,📈 周K单启,True,False
603326,我乐家居,🚀 月K单启,False,True
603328,依顿电子,📈 周K单启,True,False
603331,百达精工,🚀 月K单启,False,True
603332,苏州龙杰,🚀 月K单启,False,True
603338,浙江鼎力,🚀 月K单启,False,True
603348,文灿股份,🚀 月K单启,False,True
603350,安乃达,📈 周K单启,True,False
603353,和顺石油,📈 周K单启,True,False
603357,设计总院,🚀 月K单启,False,True
603360,百傲化学,🔥 周月双启,True,True
603363,傲农生物,🚀 月K单启,False,True
603368,柳药集团,🚀 月K单启,False,True
603392,万泰生物,🚀 月K单启,False,True
603396,金辰股份,🚀 月K单启,False,True
603409,汇通控股,📈 周K单启,True,False
603416,信捷电气,🔥 周月双启,True,True
603421,鼎信通讯,🚀 月K单启,False,True
603444,吉比特,🚀 月K单启,False,True
603439,三力制药,📈 周K单启,True,False
603458,勘设股份,📈 周K单启,True,False
603486,科沃斯,🚀 月K单启,False,True
603499,翔港科技,🔥 周月双启,True,True
603500,祥和实业,📈 周K单启,True,False
603501,豪威集团,🔥 周月双启,True,True
603505,金石资源,📈 周K单启,True,False
603511,爱慕股份,🚀 月K单启,False,True
603515,欧普照明,🚀 月K单启,False,True
603516,淳中科技,🔥 周月双启,True,True
603520,司太立,📈 周K单启,True,False
603528,多伦科技,🚀 月K单启,False,True
603529,爱玛科技,🚀 月K单启,False,True
603535,嘉诚国际,🚀 月K单启,False,True
603566,普莱柯,🚀 月K单启,False,True
603567,珍宝岛,🚀 月K单启,False,True
603568,伟明环保,🚀 月K单启,False,True
603583,捷昌驱动,🚀 月K单启,False,True
603586,金麒麟,🚀 月K单启,False,True
603588,高能环境,📈 周K单启,True,False
603589,口子窖,🚀 月K单启,False,True
603601,再升科技,📈 周K单启,True,False
603607,京华激光,🚀 月K单启,False,True
603612,索通发展,🚀 月K单启,False,True
603615,茶花股份,🚀 月K单启,False,True
603626,科森科技,📈 周K单启,True,False
603630,拉芳家化,🚀 月K单启,False,True
603636,南威软件,🚀 月K单启,False,True
603637,镇海股份,📈 周K单启,True,False
603638,艾迪精密,📈 周K单启,True,False
603648,畅联股份,🚀 月K单启,False,True
603656,泰禾智能,🚀 月K单启,False,True
603658,安图生物,🚀 月K单启,False,True
603668,天马科技,🚀 月K单启,False,True
603680,今创集团,🚀 月K单启,False,True
603681,永冠新材,📈 周K单启,True,False
603683,晶华新材,📈 周K单启,True,False
603686,福龙马,🚀 月K单启,False,True
603688,石英股份,📈 周K单启,True,False
603690,至纯科技,🔥 周月双启,True,True
603689,皖天然气,🚀 月K单启,False,True
603698,航天工程,📈 周K单启,True,False
603697,有友食品,🚀 月K单启,False,True
603716,塞力医疗,🚀 月K单启,False,True
603737,三棵树,🚀 月K单启,False,True
603738,泰晶科技,📈 周K单启,True,False
603739,蔚蓝生物,🚀 月K单启,False,True
603755,日辰股份,🚀 月K单启,False,True
603759,海天股份,🚀 月K单启,False,True
603767,中马传动,🚀 月K单启,False,True
603778,国晟科技,🚀 月K单启,False,True
603786,科博达,🚀 月K单启,False,True
603787,新日股份,🚀 月K单启,False,True
603797,联泰环保,🚀 月K单启,False,True
603799,华友钴业,🚀 月K单启,False,True
603809,豪能股份,🚀 月K单启,False,True
603810,丰山集团,🚀 月K单启,False,True
603817,海峡环保,🚀 月K单启,False,True
603829,洛凯股份,🚀 月K单启,False,True
603833,欧派家居,🚀 月K单启,False,True
603839,安正时尚,🚀 月K单启,False,True
603856,东宏股份,📈 周K单启,True,False
603861,白云电器,🚀 月K单启,False,True
603863,松炀资源,🚀 月K单启,False,True
603866,桃李面包,🚀 月K单启,False,True
603877,太平鸟,🚀 月K单启,False,True
603878,武进不锈,🚀 月K单启,False,True
603883,老百姓,🚀 月K单启,False,True
603887,城地香江,🚀 月K单启,False,True
603888,新华网,🚀 月K单启,False,True
603900,莱绅通灵,🚀 月K单启,False,True
603901,永创智能,🚀 月K单启,False,True
603903,中持股份,🚀 月K单启,False,True
603908,牧高笛,🚀 月K单启,False,True
603909,建发合诚,🚀 月K单启,False,True
603915,国茂股份,🚀 月K单启,False,True
603917,合力科技,🚀 月K单启,False,True
603918,金桥信息,🚀 月K单启,False,True
603920,世运电路,🔥 周月双启,True,True
603926,铁流股份,🚀 月K单启,False,True
603927,中科软,🚀 月K单启,False,True
603928,兴业股份,📈 周K单启,True,False
603931,格林达,📈 周K单启,True,False
603936,博敏电子,📈 周K单启,True,False
603937,丽岛新材,📈 周K单启,True,False
603950,长源东谷,📈 周K单启,True,False
603968,醋化股份,🚀 月K单启,False,True
603969,银龙股份,🚀 月K单启,False,True
603970,中农立华,🚀 月K单启,False,True
603978,深圳新星,📈 周K单启,True,False
603982,泉峰汽车,🚀 月K单启,False,True
603985,恒润股份,📈 周K单启,True,False
603987,康德莱,🚀 月K单启,False,True
603988,中电电机,🚀 月K单启,False,True
603993,洛阳钼业,🚀 月K单启,False,True
603992,松霖科技,🔥 周月双启,True,True
603998,方盛制药,🚀 月K单启,False,True
603999,读者传媒,🚀 月K单启,False,True
605001,威奥股份,🚀 月K单启,False,True
605003,众望布艺,🚀 月K单启,False,True
605005,合兴股份,🚀 月K单启,False,True
605006,山东玻纤,📈 周K单启,True,False
605009,豪悦护理,🚀 月K单启,False,True
605008,长鸿高科,🚀 月K单启,False,True
605016,百龙创园,📈 周K单启,True,False
605028,世茂能源,🚀 月K单启,False,True
605020,永和股份,📈 周K单启,True,False
605058,澳弘电子,🚀 月K单启,False,True
605069,正和生态,📈 周K单启,True,False
605086,龙高股份,🚀 月K单启,False,True
605088,冠盛股份,🚀 月K单启,False,True
605090,九丰能源,🚀 月K单启,False,True
605111,新洁能,📈 周K单启,True,False
605116,奥锐特,🚀 月K单启,False,True
605117,德业股份,📈 周K单启,True,False
605118,力鼎光电,🚀 月K单启,False,True
605128,上海沿浦,🚀 月K单启,False,True
605136,丽人丽妆,🚀 月K单启,False,True
605155,西大门,🚀 月K单启,False,True
605168,三人行,📈 周K单启,True,False
605169,洪通燃气,🚀 月K单启,False,True
605178,时空科技,📈 周K单启,True,False
605180,华生科技,🚀 月K单启,False,True
605183,确成股份,🚀 月K单启,False,True
605186,健麾信息,📈 周K单启,True,False
605188,国光连锁,🚀 月K单启,False,True
605196,华通线缆,🚀 月K单启,False,True
605208,永茂泰,📈 周K单启,True,False
605218,伟时电子,🔥 周月双启,True,True
605222,起帆电缆,🚀 月K单启,False,True
605228,神通科技,🚀 月K单启,False,True
605258,协和电子,📈 周K单启,True,False
605259,绿田机械,🚀 月K单启,False,True
605268,王力安防,🚀 月K单启,False,True
605288,凯迪股份,🔥 周月双启,True,True
605305,中际联合,📈 周K单启,True,False
605337,李子园,🚀 月K单启,False,True
605339,南侨食品,🚀 月K单启,False,True
605365,立达信,🚀 月K单启,False,True
605378,野马电池,🚀 月K单启,False,True
605399,晨光新材,📈 周K单启,True,False
605499,东鹏饮料,🚀 月K单启,False,True
605488,福莱新材,🚀 月K单启,False,True
605500,森林包装,🚀 月K单启,False,True
605507,国邦医药,🚀 月K单启,False,True
605588,冠石科技,📈 周K单启,True,False
605589,圣泉集团,📈 周K单启,True,False
605598,上海港湾,🔥 周月双启,True,True
300002,神州泰岳,🚀 月K单启,False,True
300003,乐普医疗,🚀 月K单启,False,True
300005,探路者,📈 周K单启,True,False
300008,天海防务,🚀 月K单启,False,True
300024,机器人,🚀 月K单启,False,True
300026,红日药业,🚀 月K单启,False,True
300032,金龙机电,🚀 月K单启,False,True
300031,宝通科技,📈 周K单启,True,False
300036,超图软件,🚀 月K单启,False,True
300034,钢研高纳,🔥 周月双启,True,True
300045,华力创通,🚀 月K单启,False,True
300047,天源迪科,🚀 月K单启,False,True
300049,福瑞医科,🚀 月K单启,False,True
300052,中青宝,📈 周K单启,True,False
300053,航宇微,🚀 月K单启,False,True
300054,鼎龙股份,📈 周K单启,True,False
300062,中能电气,🚀 月K单启,False,True
300063,天龙集团,🚀 月K单启,False,True
300066,三川智慧,🚀 月K单启,False,True
300071,福石控股,🚀 月K单启,False,True
300073,当升科技,🚀 月K单启,False,True
300074,华平股份,🚀 月K单启,False,True
300072,海新能科,🚀 月K单启,False,True
300075,数字政通,🚀 月K单启,False,True
300079,数码视讯,🚀 月K单启,False,True
300080,易成新能,🚀 月K单启,False,True
300082,奥克股份,🚀 月K单启,False,True
300086,康芝药业,🚀 月K单启,False,True
300092,科新机电,🚀 月K单启,False,True
300094,国联水产,🚀 月K单启,False,True
300100,双林股份,🔥 周月双启,True,True
300099,尤洛卡,🚀 月K单启,False,True
300101,振芯科技,🚀 月K单启,False,True
300102,乾照光电,🚀 月K单启,False,True
300105,龙源技术,🚀 月K单启,False,True
300098,高新兴,🚀 月K单启,False,True
300107,建新股份,🚀 月K单启,False,True
300110,华仁药业,🚀 月K单启,False,True
300111,向日葵,🚀 月K单启,False,True
300109,新开源,📈 周K单启,True,False
300113,顺网科技,🚀 月K单启,False,True
300121,阳谷华泰,🔥 周月双启,True,True
300118,东方日升,🚀 月K单启,False,True
300126,锐奇股份,🚀 月K单启,False,True
300127,银河磁体,🔥 周月双启,True,True
300129,泰胜风能,🚀 月K单启,False,True
300132,诺斯贝尔,🚀 月K单启,False,True
300128,锦富技术,📈 周K单启,True,False
300130,新国都,🚀 月K单启,False,True
300135,宝利国际,🚀 月K单启,False,True
300133,华策影视,🚀 月K单启,False,True
300131,英唐智控,📈 周K单启,True,False
300134,大富科技,🚀 月K单启,False,True
300137,先河环保,📈 周K单启,True,False
300136,信维通信,📈 周K单启,True,False
300140,节能环境,🚀 月K单启,False,True
300141,和顺电气,🚀 月K单启,False,True
300139,晓程科技,🚀 月K单启,False,True
300143,盈康生命,🚀 月K单启,False,True
300145,南方泵业,📈 周K单启,True,False
300148,天舟文化,🚀 月K单启,False,True
300154,瑞凌股份,🚀 月K单启,False,True
300146,汤臣倍健,🚀 月K单启,False,True
300149,睿智医药,🚀 月K单启,False,True
300151,昌红科技,📈 周K单启,True,False
300157,新锦动力,🚀 月K单启,False,True
300159,新研股份,📈 周K单启,True,False
300168,万达信息,🚀 月K单启,False,True
300170,汉得信息,🚀 月K单启,False,True
300171,东富龙,🚀 月K单启,False,True
300174,元力股份,📈 周K单启,True,False
300176,鸿特科技,🚀 月K单启,False,True
300180,华峰超纤,🚀 月K单启,False,True
300177,中海达,🚀 月K单启,False,True
300183,东软载波,🚀 月K单启,False,True
300182,捷成股份,🚀 月K单启,False,True
300185,通裕重工,🚀 月K单启,False,True
300184,力源信息,📈 周K单启,True,False
300190,维尔利,🚀 月K单启,False,True
300192,科德教育,🚀 月K单启,False,True
300188,国投智能,🚀 月K单启,False,True
300189,神农种业,🚀 月K单启,False,True
300195,长荣股份,🚀 月K单启,False,True
300194,福安药业,🚀 月K单启,False,True
300203,聚光科技,🔥 周月双启,True,True
300207,欣旺达,🚀 月K单启,False,True
300213,佳讯飞鸿,🚀 月K单启,False,True
300218,安利股份,🚀 月K单启,False,True
300217,东方电热,🚀 月K单启,False,True
300221,银禧科技,📈 周K单启,True,False
300224,正海磁材,🚀 月K单启,False,True
300228,富瑞特装,🚀 月K单启,False,True
300226,上海钢联,🚀 月K单启,False,True
300231,银信科技,🚀 月K单启,False,True
300229,拓尔思,🚀 月K单启,False,True
300232,洲明科技,🚀 月K单启,False,True
300240,飞力达,🚀 月K单启,False,True
300236,上海新阳,📈 周K单启,True,False
300247,融捷健康,🚀 月K单启,False,True
300248,新开普,🚀 月K单启,False,True
300250,初灵信息,🚀 月K单启,False,True
300249,依米康,🚀 月K单启,False,True
300251,光线传媒,🚀 月K单启,False,True
300256,星星科技,🚀 月K单启,False,True
300255,常山药业,🚀 月K单启,False,True
300259,新天科技,🚀 月K单启,False,True
300257,开山股份,🚀 月K单启,False,True
300258,精锻科技,🔥 周月双启,True,True
300260,新莱应材,📈 周K单启,True,False
300261,雅本化学,🚀 月K单启,False,True
300264,佳创视讯,🚀 月K单启,False,True
300266,兴源环境,🚀 月K单启,False,True
300269,联建光电,🚀 月K单启,False,True
300267,尔康制药,🚀 月K单启,False,True
300272,开能健康,🚀 月K单启,False,True
300275,梅安森,🚀 月K单启,False,True
300271,华宇软件,🚀 月K单启,False,True
300277,汽轮科技,🔥 周月双启,True,True
300279,和晶科技,🚀 月K单启,False,True
300283,温州宏丰,📈 周K单启,True,False
300276,三丰智能,📈 周K单启,True,False
300284,苏交科,🚀 月K单启,False,True
300288,朗玛信息,🚀 月K单启,False,True
300286,安科瑞,🚀 月K单启,False,True
300287,飞利信,🚀 月K单启,False,True
300292,吴通控股,📈 周K单启,True,False
300291,百纳千成,🚀 月K单启,False,True
300296,利亚德,🚀 月K单启,False,True
300294,博雅生物,🚀 月K单启,False,True
300300,海峡创新,🚀 月K单启,False,True
300304,云意电气,📈 周K单启,True,False
300302,同有科技,📈 周K单启,True,False
300305,裕兴股份,📈 周K单启,True,False
300306,远方信息,🚀 月K单启,False,True
300314,戴维医疗,🚀 月K单启,False,True
300310,宜通世纪,🚀 月K单启,False,True
300321,同大股份,📈 周K单启,True,False
300322,硕贝德,🚀 月K单启,False,True
300323,华灿光电,📈 周K单启,True,False
300329,海伦钢琴,🚀 月K单启,False,True
300324,旋极信息,🚀 月K单启,False,True
300334,津膜科技,📈 周K单启,True,False
300331,苏大维格,📈 周K单启,True,False
300335,迪森股份,🚀 月K单启,False,True
300337,银邦股份,🚀 月K单启,False,True
300341,麦克奥迪,🚀 月K单启,False,True
300345,华民股份,🔥 周月双启,True,True
300339,润和软件,🚀 月K单启,False,True
300350,华鹏飞,🚀 月K单启,False,True
300349,金卡智能,🚀 月K单启,False,True
300348,长亮科技,🚀 月K单启,False,True
300354,东华测试,🚀 月K单启,False,True
300353,东土科技,📈 周K单启,True,False
300357,我武生物,🚀 月K单启,False,True
300355,蒙草生态,🚀 月K单启,False,True
300365,恒华科技,🚀 月K单启,False,True
300368,汇金股份,🚀 月K单启,False,True
300360,炬华科技,🚀 月K单启,False,True
300370,安控科技,🚀 月K单启,False,True
300371,汇中股份,🚀 月K单启,False,True
300375,鹏翎股份,🚀 月K单启,False,True
300376,易事特,🚀 月K单启,False,True
300378,鼎捷数智,🚀 月K单启,False,True
300384,三联虹普,🚀 月K单启,False,True
300386,飞天诚信,🚀 月K单启,False,True
300388,节能国祯,🚀 月K单启,False,True
300393,中来股份,🚀 月K单启,False,True
300390,天华新能,📈 周K单启,True,False
300399,天利科技,🚀 月K单启,False,True
300397,天和防务,📈 周K单启,True,False
300402,宝色股份,🚀 月K单启,False,True
300411,金盾股份,🚀 月K单启,False,True
300408,三环集团,📈 周K单启,True,False
300409,道氏技术,🚀 月K单启,False,True
300415,伊之密,🚀 月K单启,False,True
300416,苏试试验,📈 周K单启,True,False
300421,力星股份,🚀 月K单启,False,True
300422,博世科,🚀 月K单启,False,True
300423,昇辉科技,🚀 月K单启,False,True
300425,中建环能,🚀 月K单启,False,True
300426,华智数媒,🚀 月K单启,False,True
300427,红相股份,🚀 月K单启,False,True
300428,立中集团,🚀 月K单启,False,True
300429,强力新材,📈 周K单启,True,False
300432,富临精工,📈 周K单启,True,False
300437,清水源,🚀 月K单启,False,True
300443,金雷股份,🚀 月K单启,False,True
300446,航天智造,🚀 月K单启,False,True
300448,浩云科技,🚀 月K单启,False,True
300447,全信股份,🚀 月K单启,False,True
300452,山河药辅,🚀 月K单启,False,True
300449,汉邦高科,🚀 月K单启,False,True
300450,先导智能,🚀 月K单启,False,True
300456,赛微电子,🚀 月K单启,False,True
300454,深信服,🚀 月K单启,False,True
300455,航天智装,🚀 月K单启,False,True
300466,赛摩智能,🚀 月K单启,False,True
300463,迈克生物,🚀 月K单启,False,True
300470,中密控股,🚀 月K单启,False,True
300468,四方精创,🚀 月K单启,False,True
300473,德尔股份,🔥 周月双启,True,True
300469,信息发展,🚀 月K单启,False,True
300471,厚普股份,🚀 月K单启,False,True
300478,杭州高新,📈 周K单启,True,False
300479,神思电子,🚀 月K单启,False,True
300475,香农芯创,📈 周K单启,True,False
300476,胜宏科技,📈 周K单启,True,False
300484,蓝海华腾,🚀 月K单启,False,True
300481,濮阳惠成,🔥 周月双启,True,True
300486,东杰智能,📈 周K单启,True,False
300488,恒锋工具,📈 周K单启,True,False
300490,华自科技,🚀 月K单启,False,True
300492,华图山鼎,🚀 月K单启,False,True
300494,盛天网络,🚀 月K单启,False,True
300493,润欣科技,🚀 月K单启,False,True
300500,启迪设计,🚀 月K单启,False,True
300501,海顺新材,📈 周K单启,True,False
300502,新易盛,📈 周K单启,True,False
300503,昊志机电,📈 周K单启,True,False
300508,维宏股份,📈 周K单启,True,False
300509,新美星,🚀 月K单启,False,True
300507,苏奥传感,🚀 月K单启,False,True
300510,金冠股份,🚀 月K单启,False,True
300512,中亚股份,🚀 月K单启,False,True
300513,恒实科技,🚀 月K单启,False,True
300511,雪榕生物,🚀 月K单启,False,True
300514,友讯达,🚀 月K单启,False,True
300516,久之洋,🚀 月K单启,False,True
300515,三德科技,🚀 月K单启,False,True
300518,新迅达,📈 周K单启,True,False
300523,辰安科技,🚀 月K单启,False,True
300520,科大国创,🚀 月K单启,False,True
300528,幸福蓝海,🚀 月K单启,False,True
300530,领湃科技,🚀 月K单启,False,True
300533,冰川网络,🚀 月K单启,False,True
300535,达威股份,🚀 月K单启,False,True
300539,横河精密,🚀 月K单启,False,True
300537,广信材料,📈 周K单启,True,False
300541,先进数通,🚀 月K单启,False,True
300543,朗科智能,🚀 月K单启,False,True
300548,长芯博创,📈 周K单启,True,False
300551,古鳌科技,🚀 月K单启,False,True
300554,三超新材,📈 周K单启,True,False
300567,精测电子,📈 周K单启,True,False
300570,太辰光,📈 周K单启,True,False
300569,天能重工,🚀 月K单启,False,True
300573,兴齐眼药,🚀 月K单启,False,True
300578,会畅科技,🚀 月K单启,False,True
300579,数字认证,🚀 月K单启,False,True
300584,海辰药业,🚀 月K单启,False,True
300581,晨曦航空,🚀 月K单启,False,True
300588,熙菱信息,🚀 月K单启,False,True
300590,移为通信,📈 周K单启,True,False
300586,美联新材,📈 周K单启,True,False
300589,江龙船艇,🚀 月K单启,False,True
300595,欧普康视,🚀 月K单启,False,True
300596,利安隆,📈 周K单启,True,False
300598,诚迈科技,🚀 月K单启,False,True
300600,国瑞科技,🚀 月K单启,False,True
300603,立昂技术,🚀 月K单启,False,True
300602,飞荣达,📈 周K单启,True,False
300601,康泰生物,🚀 月K单启,False,True
300611,美力科技,🚀 月K单启,False,True
300612,宣亚国际,🚀 月K单启,False,True
300610,晨化股份,🚀 月K单启,False,True
300616,尚品宅配,🚀 月K单启,False,True
300614,百川畅银,🚀 月K单启,False,True
300618,寒锐钴业,🚀 月K单启,False,True
300625,三雄极光,🚀 月K单启,False,True
300623,捷捷微电,📈 周K单启,True,False
300624,万兴科技,🚀 月K单启,False,True
300627,华测导航,🚀 月K单启,False,True
300631,久吾高科,🚀 月K单启,False,True
300634,彩讯股份,🚀 月K单启,False,True
300637,扬帆新材,🚀 月K单启,False,True
300639,凯普生物,🚀 月K单启,False,True
300641,正丹股份,🚀 月K单启,False,True
300645,正元智慧,🚀 月K单启,False,True
300649,杭州园林,📈 周K单启,True,False
300638,广和通,🚀 月K单启,False,True
300648,星云股份,🚀 月K单启,False,True
300653,正海生物,🚀 月K单启,False,True
300658,延江股份,🚀 月K单启,False,True
300657,弘信电子,📈 周K单启,True,False
300662,科锐国际,🚀 月K单启,False,True
300660,江苏雷利,🚀 月K单启,False,True
300665,飞鹿股份,📈 周K单启,True,False
300669,沪宁股份,🚀 月K单启,False,True
300666,江丰电子,📈 周K单启,True,False
300680,隆盛科技,🚀 月K单启,False,True
300679,电连技术,📈 周K单启,True,False
300682,朗新科技,🚀 月K单启,False,True
300695,兆丰股份,📈 周K单启,True,False
300701,森霸传感,🚀 月K单启,False,True
300699,光威复材,🚀 月K单启,False,True
300700,岱勒新材,📈 周K单启,True,False
300703,创源股份,🚀 月K单启,False,True
300715,凯伦股份,📈 周K单启,True,False
300709,精研科技,📈 周K单启,True,False
300712,永福股份,🔥 周月双启,True,True
300720,海川智能,📈 周K单启,True,False
300722,新余国科,🚀 月K单启,False,True
300726,宏达电子,📈 周K单启,True,False
300729,乐歌股份,🚀 月K单启,False,True
300730,科创信息,📈 周K单启,True,False
300732,设研院,📈 周K单启,True,False
300724,捷佳伟创,🚀 月K单启,False,True
300737,科顺股份,📈 周K单启,True,False
300743,天地数码,🚀 月K单启,False,True
300745,欣锐科技,📈 周K单启,True,False
300752,隆利科技,📈 周K单启,True,False
300756,金马游乐,📈 周K单启,True,False
300760,迈瑞医疗,🚀 月K单启,False,True
300766,每日互动,🚀 月K单启,False,True
300770,新媒股份,🚀 月K单启,False,True
300772,运达股份,🚀 月K单启,False,True
300775,三角防务,🚀 月K单启,False,True
300777,中简科技,🚀 月K单启,False,True
300780,德恩精工,📈 周K单启,True,False
300785,值得买,🚀 月K单启,False,True
300782,卓胜微,📈 周K单启,True,False
300787,海能实业,🚀 月K单启,False,True
300792,壹网壹创,🚀 月K单启,False,True
300791,仙乐健康,🚀 月K单启,False,True
300796,贝斯美,🚀 月K单启,False,True
300800,力合科技,🚀 月K单启,False,True
300805,电声股份,🚀 月K单启,False,True
300803,指南针,🚀 月K单启,False,True
300808,久量股份,🚀 月K单启,False,True
300809,华辰装备,🚀 月K单启,False,True
300810,中科海讯,🚀 月K单启,False,True
300815,玉禾田,🚀 月K单启,False,True
300811,铂科新材,📈 周K单启,True,False
300818,耐普矿机,🚀 月K单启,False,True
300825,阿尔特,📈 周K单启,True,False
300827,上能电气,🚀 月K单启,False,True
300833,浩洋股份,🚀 月K单启,False,True
300830,金现代,🚀 月K单启,False,True
300836,佰奥智能,🔥 周月双启,True,True
300837,浙矿股份,🚀 月K单启,False,True
300839,博汇股份,🚀 月K单启,False,True
300842,帝科股份,📈 周K单启,True,False
300844,山水比德,🚀 月K单启,False,True
300846,首都在线,🚀 月K单启,False,True
300851,交大思诺,🚀 月K单启,False,True
300850,新强联,🚀 月K单启,False,True
300858,科拓生物,🚀 月K单启,False,True
300859,西域旅游,🚀 月K单启,False,True
300855,图南股份,🚀 月K单启,False,True
300867,圣元环保,🚀 月K单启,False,True
300869,康泰医学,🚀 月K单启,False,True
300877,金春股份,📈 周K单启,True,False
300875,捷强装备,🚀 月K单启,False,True
300879,大叶股份,🚀 月K单启,False,True
300882,万胜智能,🚀 月K单启,False,True
300885,海昌新材,🚀 月K单启,False,True
300888,稳健医疗,🚀 月K单启,False,True
300887,谱尼测试,🚀 月K单启,False,True
300893,松原安全,🚀 月K单启,False,True
300897,山科智能,🚀 月K单启,False,True
300907,康平科技,📈 周K单启,True,False
300903,科翔股份,📈 周K单启,True,False
300910,瑞丰新材,🚀 月K单启,False,True
300913,兆龙互连,📈 周K单启,True,False
300918,南山智尚,🚀 月K单启,False,True
300927,江天化学,🚀 月K单启,False,True
300919,中伟新材,🚀 月K单启,False,True
300925,法本信息,🚀 月K单启,False,True
300930,屹通新材,📈 周K单启,True,False
300937,药易购,🚀 月K单启,False,True
300942,易瑞生物,🚀 月K单启,False,True
300938,信测标准,📈 周K单启,True,False
300941,创识科技,🚀 月K单启,False,True
300947,德必集团,🚀 月K单启,False,True
300945,曼卡龙,🚀 月K单启,False,True
300950,德固特,🚀 月K单启,False,True
300956,英力股份,🚀 月K单启,False,True
300952,恒辉安防,🔥 周月双启,True,True
300953,震裕科技,🚀 月K单启,False,True
300960,通业科技,🚀 月K单启,False,True
300963,中洲特材,🚀 月K单启,False,True
300980,祥源新材,🚀 月K单启,False,True
300978,东箭科技,🚀 月K单启,False,True
300975,商络电子,📈 周K单启,True,False
300982,苏文电能,🚀 月K单启,False,True
300985,致远新能,📈 周K单启,True,False
300987,川网传媒,🚀 月K单启,False,True
300984,金沃股份,🚀 月K单启,False,True
300986,志特新材,🚀 月K单启,False,True
300989,蕾奥规划,🚀 月K单启,False,True
300988,津荣天宇,🚀 月K单启,False,True
300991,创益通,🚀 月K单启,False,True
300992,泰福泵业,🚀 月K单启,False,True
300993,玉马科技,🚀 月K单启,False,True
300994,久祺股份,🚀 月K单启,False,True
300995,奇德新材,🚀 月K单启,False,True
301001,凯淳股份,🚀 月K单启,False,True
301000,肇民科技,🔥 周月双启,True,True
300997,欢乐家,🚀 月K单启,False,True
301006,迈拓股份,🚀 月K单启,False,True
301009,可靠股份,🚀 月K单启,False,True
301007,德迈仕,🚀 月K单启,False,True
301004,嘉益股份,🚀 月K单启,False,True
301011,华立科技,🚀 月K单启,False,True
301012,扬电科技,🚀 月K单启,False,True
301017,漱玉平民,🚀 月K单启,False,True
301019,宁波色母,🚀 月K单启,False,True
301022,海泰科,🚀 月K单启,False,True
301024,霍普股份,📈 周K单启,True,False
301021,英诺激光,📈 周K单启,True,False
301026,浩通科技,📈 周K单启,True,False
301029,怡合达,📈 周K单启,True,False
301032,新柴股份,🚀 月K单启,False,True
301033,迈普医学,🚀 月K单启,False,True
301031,中熔电气,📈 周K单启,True,False
301036,双乐股份,🚀 月K单启,False,True
301040,中环海陆,🚀 月K单启,False,True
301038,深水规院,🚀 月K单启,False,True
301042,安联锐视,🔥 周月双启,True,True
301039,中集车辆,🚀 月K单启,False,True
301043,绿岛风,🚀 月K单启,False,True
301046,能辉科技,📈 周K单启,True,False
301048,金鹰重工,🚀 月K单启,False,True
301050,雷电微力,🚀 月K单启,False,True
301055,张小泉,📈 周K单启,True,False
301051,信濠光电,📈 周K单启,True,False
301056,森赫股份,🚀 月K单启,False,True
301057,汇隆新材,🚀 月K单启,False,True
301058,中粮科工,🚀 月K单启,False,True
301063,海锅股份,🚀 月K单启,False,True
301061,匠心家居,🚀 月K单启,False,True
301069,凯盛新材,🔥 周月双启,True,True
301073,君亭酒店,🚀 月K单启,False,True
301075,多瑞医药,🚀 月K单启,False,True
301079,邵阳液压,🚀 月K单启,False,True
301077,星华新材,🔥 周月双启,True,True
301086,鸿富瀚,📈 周K单启,True,False
301090,华润材料,🚀 月K单启,False,True
301096,百诚医药,📈 周K单启,True,False
301100,风光股份,🚀 月K单启,False,True
301102,兆讯传媒,🚀 月K单启,False,True
301099,雅创电子,📈 周K单启,True,False
301115,联检科技,📈 周K单启,True,False
301117,佳缘科技,🚀 月K单启,False,True
301123,奕东电子,📈 周K单启,True,False
301135,瑞德智能,🚀 月K单启,False,True
301141,中科磁业,🚀 月K单启,False,True
301150,中一科技,📈 周K单启,True,False
301152,天力锂能,🚀 月K单启,False,True
301158,德石股份,🚀 月K单启,False,True
301161,唯万密封,📈 周K单启,True,False
301160,翔楼新材,📈 周K单启,True,False
301162,国能日新,🚀 月K单启,False,True
301169,零点有数,📈 周K单启,True,False
301176,逸豪新材,📈 周K单启,True,False
301192,泰祥股份,🚀 月K单启,False,True
301193,家联科技,📈 周K单启,True,False
301189,奥尼电子,📈 周K单启,True,False
301201,诚达药业,📈 周K单启,True,False
301200,大族数控,📈 周K单启,True,False
301217,铜冠铜箔,📈 周K单启,True,False
301233,盛帮股份,📈 周K单启,True,False
301237,和顺科技,📈 周K单启,True,False
301235,华康洁净,📈 周K单启,True,False
301246,宏源药业,📈 周K单启,True,False
301278,快可电子,🚀 月K单启,False,True
301280,珠城科技,📈 周K单启,True,False
301299,卓创资讯,🚀 月K单启,False,True
301291,明阳电气,🚀 月K单启,False,True
301297,富乐德,📈 周K单启,True,False
301307,美利信,📈 周K单启,True,False
301312,智立方,📈 周K单启,True,False
301315,威士顿,🚀 月K单启,False,True
301320,豪江智能,🚀 月K单启,False,True
301317,鑫磊股份,🚀 月K单启,False,True
301319,唯特偶,📈 周K单启,True,False
301321,翰博高新,📈 周K单启,True,False
301322,绿通科技,📈 周K单启,True,False
301326,捷邦科技,📈 周K单启,True,False
301328,维峰电子,📈 周K单启,True,False
301331,恩威医药,🚀 月K单启,False,True
301330,熵基科技,🚀 月K单启,False,True
301338,凯格精机,📈 周K单启,True,False
301348,蓝箭电子,📈 周K单启,True,False
301361,众智科技,🚀 月K单启,False,True
301363,美好医疗,📈 周K单启,True,False
301369,联动科技,📈 周K单启,True,False
301387,光大同创,📈 周K单启,True,False
301391,卡莱特,🚀 月K单启,False,True
301392,汇成真空,📈 周K单启,True,False
301396,宏景科技,📈 周K单启,True,False
301408,华人健康,🚀 月K单启,False,True
301398,星源卓镁,🚀 月K单启,False,True
301418,协昌科技,📈 周K单启,True,False
301419,阿莱德,📈 周K单启,True,False
301413,安培龙,📈 周K单启,True,False
301468,博盈特焊,🚀 月K单启,False,True
301479,弘景光电,📈 周K单启,True,False
301487,盟固利,📈 周K单启,True,False
301488,豪恩汽电,📈 周K单启,True,False
301499,维科精密,📈 周K单启,True,False
301503,智迪科技,🚀 月K单启,False,True
301511,德福科技,📈 周K单启,True,False
301510,固高科技,📈 周K单启,True,False
301512,智信精密,📈 周K单启,True,False
301525,儒竞科技,📈 周K单启,True,False
301529,福赛科技,📈 周K单启,True,False
301548,崇德科技,📈 周K单启,True,False
301568,思泰克,📈 周K单启,True,False
301588,美新科技,📈 周K单启,True,False
301592,六九一二,📈 周K单启,True,False
301607,富特科技,📈 周K单启,True,False
301608,博实结,📈 周K单启,True,False
301617,博苑新材,📈 周K单启,True,False
301628,强达电路,📈 周K单启,True,False
000008,神州高铁,📈 周K单启,True,False
000014,沙河股份,🚀 月K单启,False,True
000017,深中华A,🚀 月K单启,False,True
000028,国药一致,🚀 月K单启,False,True
000030,富奥股份,🚀 月K单启,False,True
000031,大悦城,🚀 月K单启,False,True
000035,中国天楹,🚀 月K单启,False,True
000036,华联控股,🚀 月K单启,False,True
000045,深纺织A,🚀 月K单启,False,True
000055,方大集团,🚀 月K单启,False,True
000050,深天马A,🚀 月K单启,False,True
000065,北方国际,🚀 月K单启,False,True
000068,华控赛格,🚀 月K单启,False,True
000070,特发信息,📈 周K单启,True,False
000100,TCL科技,📈 周K单启,True,False
000157,中联重科,🚀 月K单启,False,True
000158,常山北明,🚀 月K单启,False,True
000400,许继电气,🚀 月K单启,False,True
000401,金隅冀东,🚀 月K单启,False,True
000404,长虹华意,📈 周K单启,True,False
000407,胜利股份,🚀 月K单启,False,True
000410,沈阳机床,🚀 月K单启,False,True
000420,吉林化纤,🚀 月K单启,False,True
000422,湖北宜化,🚀 月K单启,False,True
000425,徐工机械,🚀 月K单启,False,True
000503,国新健康,🚀 月K单启,False,True
000506,招金黄金,🚀 月K单启,False,True
000510,新金路,📈 周K单启,True,False
000513,丽珠集团,🚀 月K单启,False,True
000514,渝开发,🚀 月K单启,False,True
000519,中兵红箭,📈 周K单启,True,False
000520,凤凰航运,🚀 月K单启,False,True
000521,长虹美菱,🚀 月K单启,False,True
000528,柳工,🚀 月K单启,False,True
000529,广弘控股,🚀 月K单启,False,True
000530,冰山冷热,🚀 月K单启,False,True
000536,华映科技,🚀 月K单启,False,True
000538,云南白药,🚀 月K单启,False,True
000544,中原环保,🚀 月K单启,False,True
000545,金浦钛业,🚀 月K单启,False,True
000546,金圆股份,🚀 月K单启,False,True
000548,湖南投资,🚀 月K单启,False,True
000559,万向钱潮,🚀 月K单启,False,True
000560,我爱我家,🚀 月K单启,False,True
000564,供销大集,🚀 月K单启,False,True
000566,海南海药,🚀 月K单启,False,True
000570,苏常柴A,🚀 月K单启,False,True
000576,甘化科工,🚀 月K单启,False,True
000581,威孚高科,🚀 月K单启,False,True
000591,太阳能,🚀 月K单启,False,True
000593,德龙汇能,📈 周K单启,True,False
000596,古井贡酒,🚀 月K单启,False,True
000597,东北制药,🚀 月K单启,False,True
000631,顺发恒能,🚀 月K单启,False,True
000633,合金投资,🚀 月K单启,False,True
000635,英力特,🚀 月K单启,False,True
000637,茂化实华,🚀 月K单启,False,True
000655,金岭矿业,🚀 月K单启,False,True
000652,泰达股份,🚀 月K单启,False,True
000665,湖北广电,🚀 月K单启,False,True
000663,永安林业,🚀 月K单启,False,True
000676,智度股份,🚀 月K单启,False,True
000672,上峰材料,📈 周K单启,True,False
000683,博源化工,🚀 月K单启,False,True
000701,厦门信达,🚀 月K单启,False,True
000707,双环科技,🚀 月K单启,False,True
000705,浙江震元,🚀 月K单启,False,True
000710,贝瑞基因,🚀 月K单启,False,True
000712,锦龙股份,🚀 月K单启,False,True
000715,中兴商业,🚀 月K单启,False,True
000718,苏宁环球,🚀 月K单启,False,True
000737,北方铜业,🚀 月K单启,False,True
000735,罗牛山,🚀 月K单启,False,True
000751,锌业股份,📈 周K单启,True,False
000753,漳州发展,🚀 月K单启,False,True
000756,新华制药,🚀 月K单启,False,True
000761,本钢板材,🚀 月K单启,False,True
000757,浩物股份,🚀 月K单启,False,True
000768,中航西飞,🚀 月K单启,False,True
000778,新兴铸管,🚀 月K单启,False,True
000789,万年青,🚀 月K单启,False,True
000785,居然智家,🚀 月K单启,False,True
000788,北大医药,🚀 月K单启,False,True
000796,凯撒旅业,🚀 月K单启,False,True
000798,中水渔业,🚀 月K单启,False,True
000797,中国武夷,🚀 月K单启,False,True
000803,山高环能,🚀 月K单启,False,True
000810,创维数字,📈 周K单启,True,False
000818,航锦科技,🚀 月K单启,False,True
000816,智慧农业,🚀 月K单启,False,True
000822,山东海化,🚀 月K单启,False,True
000825,太钢不锈,🚀 月K单启,False,True
000830,鲁西化工,🚀 月K单启,False,True
000850,华茂股份,🚀 月K单启,False,True
000858,五粮液,🚀 月K单启,False,True
000863,三湘印象,🚀 月K单启,False,True
000878,云南铜业,🚀 月K单启,False,True
000880,潍柴重机,🚀 月K单启,False,True
000881,中广核技,🚀 月K单启,False,True
000882,华联股份,🚀 月K单启,False,True
000886,海南高速,🚀 月K单启,False,True
000887,中鼎股份,📈 周K单启,True,False
000897,津滨发展,🚀 月K单启,False,True
000893,亚钾国际,🚀 月K单启,False,True
000898,鞍钢股份,🚀 月K单启,False,True
000899,赣能股份,🚀 月K单启,False,True
000901,航天科技,🚀 月K单启,False,True
000913,钱江摩托,🚀 月K单启,False,True
000910,大亚圣象,🚀 月K单启,False,True
000919,金陵药业,🚀 月K单启,False,True
000920,沃顿科技,📈 周K单启,True,False
000923,河钢资源,🚀 月K单启,False,True
000930,中粮科技,🚀 月K单启,False,True
000931,中关村,🚀 月K单启,False,True
000936,华西股份,🚀 月K单启,False,True
000948,南天信息,🚀 月K单启,False,True
000952,广济药业,🚀 月K单启,False,True
000953,中哲精化,🚀 月K单启,False,True
000959,首钢股份,🚀 月K单启,False,True
000965,天保基建,🚀 月K单启,False,True
000980,众泰汽车,🚀 月K单启,False,True
000981,山子高科,🚀 月K单启,False,True
000988,华工科技,📈 周K单启,True,False
000993,闽东电力,🚀 月K单启,False,True
000995,皇台酒业,🚀 月K单启,False,True
001202,炬申股份,🚀 月K单启,False,True
000999,华润三九,🚀 月K单启,False,True
001206,依依股份,🚀 月K单启,False,True
001209,洪兴股份,🚀 月K单启,False,True
001207,联科科技,🚀 月K单启,False,True
001211,双枪科技,📈 周K单启,True,False
001212,中旗新材,🚀 月K单启,False,True
001218,丽臣实业,🚀 月K单启,False,True
001215,千味央厨,🚀 月K单启,False,True
001222,源飞宠物,🚀 月K单启,False,True
001223,欧克科技,🚀 月K单启,False,True
001259,利仁科技,📈 周K单启,True,False
001267,汇绿生态,📈 周K单启,True,False
001979,招商蛇口,🚀 月K单启,False,True
002006,精工科技,🚀 月K单启,False,True
002009,天奇股份,🚀 月K单启,False,True
002010,传化智联,🚀 月K单启,False,True
002017,东信和平,🚀 月K单启,False,True
002019,亿帆医药,🚀 月K单启,False,True
002022,科华生物,🚀 月K单启,False,True
002026,山东威达,🚀 月K单启,False,True
002027,分众传媒,🚀 月K单启,False,True
002034,旺能环境,🚀 月K单启,False,True
002036,联创电子,🚀 月K单启,False,True
002035,华帝股份,🚀 月K单启,False,True
002040,南京港,🚀 月K单启,False,True
002041,登海种业,🚀 月K单启,False,True
002047,宝鹰股份,📈 周K单启,True,False
002048,宁波华翔,🔥 周月双启,True,True
002052,同洲电子,🚀 月K单启,False,True
002054,德美化工,🚀 月K单启,False,True
002056,横店东磁,📈 周K单启,True,False
002058,威尔泰,🚀 月K单启,False,True
002061,浙江交科,🚀 月K单启,False,True
002063,远光软件,🚀 月K单启,False,True
002065,东华软件,🚀 月K单启,False,True
002069,獐子岛,🚀 月K单启,False,True
002074,国轩高科,🚀 月K单启,False,True
002073,软控股份,🚀 月K单启,False,True
002076,星光股份,📈 周K单启,True,False
002079,苏州固锝,📈 周K单启,True,False
002084,海鸥住工,🚀 月K单启,False,True
002085,万丰奥威,🚀 月K单启,False,True
002080,中材科技,📈 周K单启,True,False
002086,东方海洋,🚀 月K单启,False,True
002090,金智科技,🚀 月K单启,False,True
002092,中泰化学,🚀 月K单启,False,True
002093,国脉科技,🚀 月K单启,False,True
002094,青岛金王,🚀 月K单启,False,True
002096,易普力,🚀 月K单启,False,True
002097,山河智能,🚀 月K单启,False,True
002099,海翔药业,🚀 月K单启,False,True
002103,广博股份,🚀 月K单启,False,True
002104,恒宝股份,🚀 月K单启,False,True
002106,莱宝高科,📈 周K单启,True,False
002110,三钢闽光,🚀 月K单启,False,True
002114,罗平锌电,🚀 月K单启,False,True
002116,中国海诚,🚀 月K单启,False,True
002115,三维通信,🚀 月K单启,False,True
002123,梦网科技,🚀 月K单启,False,True
002130,沃尔核材,🚀 月K单启,False,True
002131,利欧股份,🚀 月K单启,False,True
002132,恒星科技,📈 周K单启,True,False
002134,天津普林,📈 周K单启,True,False
002138,顺络电子,📈 周K单启,True,False
002140,东华科技,🚀 月K单启,False,True
002144,宏达高科,🚀 月K单启,False,True
002145,钛能化学,🚀 月K单启,False,True
002150,正泰电源,🚀 月K单启,False,True
002151,北斗星通,🚀 月K单启,False,True
002152,广电运通,🚀 月K单启,False,True
002153,石基信息,🚀 月K单启,False,True
002159,三特索道,🚀 月K单启,False,True
002160,常铝股份,🚀 月K单启,False,True
002161,远望谷,🚀 月K单启,False,True
002162,悦心健康,🚀 月K单启,False,True
002163,海南发展,🚀 月K单启,False,True
002164,宁波东力,🚀 月K单启,False,True
002166,莱茵生物,🚀 月K单启,False,True
002173,创新医疗,🚀 月K单启,False,True
002177,御银股份,🚀 月K单启,False,True
002178,延华智能,🚀 月K单启,False,True
002179,中航光电,📈 周K单启,True,False
002183,怡亚通,🚀 月K单启,False,True
002182,宝武镁业,🚀 月K单启,False,True
002186,全聚德,🚀 月K单启,False,True
002190,成飞集成,🚀 月K单启,False,True
002196,方正电机,🚀 月K单启,False,True
002195,岩山科技,🚀 月K单启,False,True
002197,证通电子,🚀 月K单启,False,True
002201,九鼎新材,🚀 月K单启,False,True
002204,大连重工,🚀 月K单启,False,True
002205,国统股份,🚀 月K单启,False,True
002208,合肥城建,🔥 周月双启,True,True
002206,海利得,🚀 月K单启,False,True
002210,飞马国际,🚀 月K单启,False,True
002209,达意隆,🚀 月K单启,False,True
002212,天融信,🚀 月K单启,False,True
002215,诺普信,🚀 月K单启,False,True
002218,拓日新能,🚀 月K单启,False,True
002221,东华能源,🚀 月K单启,False,True
002224,三力士,🚀 月K单启,False,True
002228,合兴包装,🚀 月K单启,False,True
002225,濮耐股份,🚀 月K单启,False,True
002226,江南化工,🚀 月K单启,False,True
002232,启明信息,🚀 月K单启,False,True
002230,科大讯飞,🚀 月K单启,False,True
002233,塔牌集团,🚀 月K单启,False,True
002239,奥特佳,🚀 月K单启,False,True
002247,聚力文化,🚀 月K单启,False,True
002249,大洋电机,🚀 月K单启,False,True
002261,拓维信息,🚀 月K单启,False,True
002263,大东南,🚀 月K单启,False,True
002265,建设工业,🚀 月K单启,False,True
002264,新华都,🚀 月K单启,False,True
002266,浙富控股,📈 周K单启,True,False
002268,电科网安,🚀 月K单启,False,True
002269,美邦服饰,🚀 月K单启,False,True
002270,华明装备,🚀 月K单启,False,True
002272,川润股份,📈 周K单启,True,False
002276,万马股份,🚀 月K单启,False,True
002277,友阿股份,📈 周K单启,True,False
002278,神开股份,🚀 月K单启,False,True
002279,久其软件,🚀 月K单启,False,True
002282,博深股份,🚀 月K单启,False,True
002285,世联行,🚀 月K单启,False,True
002284,亚太股份,🚀 月K单启,False,True
002291,遥望科技,🚀 月K单启,False,True
002292,奥飞娱乐,🚀 月K单启,False,True
002294,信立泰,🚀 月K单启,False,True
002295,精艺股份,🚀 月K单启,False,True
002296,辉煌科技,🚀 月K单启,False,True
002298,中电鑫龙,🚀 月K单启,False,True
002300,太阳电缆,🚀 月K单启,False,True
002302,西部建设,🚀 月K单启,False,True
002307,北新路桥,🚀 月K单启,False,True
002312,川发龙蟒,🚀 月K单启,False,True
002314,南山控股,🚀 月K单启,False,True
002315,焦点科技,🚀 月K单启,False,True
002318,久立特材,🚀 月K单启,False,True
002319,乐通股份,🚀 月K单启,False,True
002324,普利特,🚀 月K单启,False,True
002331,皖通科技,🚀 月K单启,False,True
002330,得利斯,🚀 月K单启,False,True
002334,英威腾,🚀 月K单启,False,True
002337,赛象科技,🚀 月K单启,False,True
002335,科华数据,📈 周K单启,True,False
002339,积成电子,🚀 月K单启,False,True
002338,奥普光电,📈 周K单启,True,False
002340,格林美,🚀 月K单启,False,True
002342,巨力索具,🚀 月K单启,False,True
002343,慈文传媒,🚀 月K单启,False,True
002344,海宁皮城,🚀 月K单启,False,True
002345,潮宏基,🚀 月K单启,False,True
002347,泰尔股份,🚀 月K单启,False,True
002351,漫步者,📈 周K单启,True,False
002354,天娱数科,📈 周K单启,True,False
002353,杰瑞股份,📈 周K单启,True,False
002356,鹏飞绿能,🚀 月K单启,False,True
002355,兴民智通,🚀 月K单启,False,True
002358,森源电气,🚀 月K单启,False,True
002363,隆基机械,🚀 月K单启,False,True
002364,中恒电气,📈 周K单启,True,False
002365,永安药业,🚀 月K单启,False,True
002369,卓翼科技,🚀 月K单启,False,True
002367,康力电梯,🚀 月K单启,False,True
002368,太极股份,🚀 月K单启,False,True
002370,亚太药业,🚀 月K单启,False,True
002373,千方科技,🚀 月K单启,False,True
002376,新北洋,🚀 月K单启,False,True
002377,国创高新,🚀 月K单启,False,True
002380,科远智慧,📈 周K单启,True,False
002381,双箭股份,🚀 月K单启,False,True
002383,合众思壮,🚀 月K单启,False,True
002385,大北农,🚀 月K单启,False,True
002389,航天彩虹,🚀 月K单启,False,True
002390,信邦制药,🚀 月K单启,False,True
002393,力生制药,🚀 月K单启,False,True
002394,联发股份,🚀 月K单启,False,True
002395,双象股份,🚀 月K单启,False,True
002401,中远海科,🚀 月K单启,False,True
002400,省广集团,🚀 月K单启,False,True
002405,四维图新,🚀 月K单启,False,True
002410,广联达,🚀 月K单启,False,True
002414,高德红外,🚀 月K单启,False,True
002413,雷科防务,🚀 月K单启,False,True
002418,康盛股份,🚀 月K单启,False,True
002419,天虹股份,🚀 月K单启,False,True
002425,凯撒文化,🚀 月K单启,False,True
002423,中粮资本,🚀 月K单启,False,True
002428,云南锗业,📈 周K单启,True,False
002427,尤夫股份,🚀 月K单启,False,True
002429,兆驰股份,📈 周K单启,True,False
002434,万里扬,🚀 月K单启,False,True
002430,杭氧股份,📈 周K单启,True,False
002438,江苏神通,🚀 月K单启,False,True
002441,众业达,🚀 月K单启,False,True
002442,龙星科技,🚀 月K单启,False,True
002443,金洲管道,📈 周K单启,True,False
002451,摩恩电气,🚀 月K单启,False,True
002455,百川股份,🚀 月K单启,False,True
002454,松芝股份,🚀 月K单启,False,True
002459,晶澳科技,🚀 月K单启,False,True
002460,赣锋锂业,📈 周K单启,True,False
002462,嘉事堂,🚀 月K单启,False,True
002465,海格通信,🔥 周月双启,True,True
002469,三维化学,🚀 月K单启,False,True
002467,二六三,🚀 月K单启,False,True
002476,新叶股份,🚀 月K单启,False,True
002478,常宝股份,🚀 月K单启,False,True
002482,广田集团,🚀 月K单启,False,True
002483,润邦股份,🚀 月K单启,False,True
002486,嘉麟杰,🚀 月K单启,False,True
002487,大金重工,🚀 月K单启,False,True
002489,浙江永强,🚀 月K单启,False,True
002491,通鼎互联,📈 周K单启,True,False
002495,佳隆股份,🚀 月K单启,False,True
002492,恒基达鑫,🚀 月K单启,False,True
002497,雅化集团,🚀 月K单启,False,True
002506,协鑫集成,🚀 月K单启,False,True
002508,老板电器,🚀 月K单启,False,True
002510,天汽模,🚀 月K单启,False,True
002513,蓝丰生化,🚀 月K单启,False,True
002517,恺英网络,🚀 月K单启,False,True
002518,科士达,🚀 月K单启,False,True
002519,银河电子,🚀 月K单启,False,True
002526,山东矿机,🚀 月K单启,False,True
002523,天桥起重,🚀 月K单启,False,True
002530,金财互联,🔥 周月双启,True,True
002531,天顺风能,📈 周K单启,True,False
002533,金杯电工,🚀 月K单启,False,True
002534,西子洁能,📈 周K单启,True,False
002535,林州重机,🚀 月K单启,False,True
002537,海联金汇,🚀 月K单启,False,True
002540,亚太科技,🚀 月K单启,False,True
002543,万和电气,🚀 月K单启,False,True
002544,普天科技,🚀 月K单启,False,True
002546,新联电子,🚀 月K单启,False,True
002548,金新农,🚀 月K单启,False,True
002550,千红制药,🚀 月K单启,False,True
002552,宝鼎科技,📈 周K单启,True,False
002554,惠博普,🚀 月K单启,False,True
002558,巨人网络,🚀 月K单启,False,True
002560,通达股份,🚀 月K单启,False,True
002561,徐家汇,🚀 月K单启,False,True
002566,益盛药业,🚀 月K单启,False,True
002565,顺灏股份,🚀 月K单启,False,True
002572,索菲亚,🚀 月K单启,False,True
002570,贝因美,🚀 月K单启,False,True
002574,明牌珠宝,🚀 月K单启,False,True
002576,通达动力,🚀 月K单启,False,True
002582,好想你,🚀 月K单启,False,True
002583,海能达,🚀 月K单启,False,True
002584,西陇科学,🚀 月K单启,False,True
002589,瑞康医药,🚀 月K单启,False,True
002590,万安科技,🚀 月K单启,False,True
002593,日上集团,🚀 月K单启,False,True
002595,豪迈科技,🚀 月K单启,False,True
002599,盛通股份,🚀 月K单启,False,True
002600,领益智造,📈 周K单启,True,False
002605,姚记科技,🚀 月K单启,False,True
002611,东方精工,🚀 月K单启,False,True
002614,奥佳华,🚀 月K单启,False,True
002613,北玻股份,📈 周K单启,True,False
002615,哈尔斯,🚀 月K单启,False,True
002622,皓宸医疗,🚀 月K单启,False,True
002623,亚玛顿,🚀 月K单启,False,True
002625,光启技术,🚀 月K单启,False,True
002624,完美世界,🚀 月K单启,False,True
002627,三峡旅游,🚀 月K单启,False,True
002629,仁智股份,🚀 月K单启,False,True
002632,道明光学,🚀 月K单启,False,True
002635,安洁科技,📈 周K单启,True,False
002637,赞宇科技,🚀 月K单启,False,True
002640,跨境通,🚀 月K单启,False,True
002639,雪人集团,🚀 月K单启,False,True
002645,华宏科技,📈 周K单启,True,False
002646,天佑德酒,🚀 月K单启,False,True
002649,博彦科技,🚀 月K单启,False,True
002655,共达电声,📈 周K单启,True,False
002658,雪迪龙,🚀 月K单启,False,True
002659,凯文教育,🚀 月K单启,False,True
002660,茂硕电源,🚀 月K单启,False,True
002666,德联集团,🚀 月K单启,False,True
002664,信质集团,🚀 月K单启,False,True
002670,国盛证券,🚀 月K单启,False,True
002671,龙泉股份,🚀 月K单启,False,True
002672,东江环保,🚀 月K单启,False,True
002676,顺威股份,🚀 月K单启,False,True
002679,福建金森,🚀 月K单启,False,True
002688,金河生物,🚀 月K单启,False,True
002692,远程股份,🚀 月K单启,False,True
002698,博实股份,🚀 月K单启,False,True
002697,红旗连锁,📈 周K单启,True,False
002702,海欣食品,🚀 月K单启,False,True
002701,奥瑞金,🚀 月K单启,False,True
002708,光洋股份,📈 周K单启,True,False
002718,友邦吊顶,📈 周K单启,True,False
002721,金一文化,🚀 月K单启,False,True
002716,湖南白银,🚀 月K单启,False,True
002724,海洋王,🚀 月K单启,False,True
002728,特一药业,🚀 月K单启,False,True
002732,燕塘乳业,🚀 月K单启,False,True
002738,中矿资源,🚀 月K单启,False,True
002753,永东股份,🚀 月K单启,False,True
002756,永兴材料,🚀 月K单启,False,True
002758,浙农股份,🚀 月K单启,False,True
002760,凤形股份,🚀 月K单启,False,True
002767,先锋电子,🚀 月K单启,False,True
002769,普路通,🚀 月K单启,False,True
002766,索菱股份,🚀 月K单启,False,True
002772,众兴菌业,🚀 月K单启,False,True
002773,康弘药业,🚀 月K单启,False,True
002777,久远银海,🚀 月K单启,False,True
002782,可立克,📈 周K单启,True,False
002787,华源控股,📈 周K单启,True,False
002790,瑞尔特,🚀 月K单启,False,True
002792,通宇通讯,🚀 月K单启,False,True
002796,世嘉科技,🔥 周月双启,True,True
002799,环球印务,🚀 月K单启,False,True
002802,洪汇新材,🚀 月K单启,False,True
002809,红墙股份,🚀 月K单启,False,True
002815,崇达技术,📈 周K单启,True,False
002817,黄山胶囊,🚀 月K单启,False,True
002824,和胜股份,📈 周K单启,True,False
002825,纳尔股份,🚀 月K单启,False,True
002829,星网宇达,🚀 月K单启,False,True
002836,新宏泽,🚀 月K单启,False,True
002837,英维克,📈 周K单启,True,False
002846,英联股份,🚀 月K单启,False,True
002853,皮阿诺,🚀 月K单启,False,True
002852,道道全,🚀 月K单启,False,True
002857,三晖电气,🚀 月K单启,False,True
002863,今飞凯达,🚀 月K单启,False,True
002864,盘龙药业,🚀 月K单启,False,True
002866,传艺科技,🚀 月K单启,False,True
002869,金溢科技,🚀 月K单启,False,True
002873,新天药业,🚀 月K单启,False,True
002879,长缆科技,🚀 月K单启,False,True
002885,京泉华,📈 周K单启,True,False
002886,沃特股份,📈 周K单启,True,False
002891,中宠股份,🚀 月K单启,False,True
002897,意华股份,📈 周K单启,True,False
002900,哈三联,🚀 月K单启,False,True
002905,金逸影视,🚀 月K单启,False,True
002909,集泰股份,🚀 月K单启,False,True
002913,奥士康,📈 周K单启,True,False
002915,中欣氟材,🚀 月K单启,False,True
002916,深南电路,📈 周K单启,True,False
002918,蒙娜丽莎,🚀 月K单启,False,True
002919,名臣健康,🔥 周月双启,True,True
002923,润都股份,🚀 月K单启,False,True
002928,华夏航空,🚀 月K单启,False,True
002929,润建股份,📈 周K单启,True,False
002930,宏川智慧,🚀 月K单启,False,True
002933,新兴装备,🚀 月K单启,False,True
002936,郑州银行,🚀 月K单启,False,True
002937,兴瑞科技,📈 周K单启,True,False
002940,昂利康,🚀 月K单启,False,True
002941,新疆交建,🚀 月K单启,False,True
002942,新农股份,🚀 月K单启,False,True
002943,宇晶股份,🚀 月K单启,False,True
002947,恒铭达,📈 周K单启,True,False
002949,华阳国际,🚀 月K单启,False,True
002950,奥美医疗,🚀 月K单启,False,True
002957,科瑞技术,📈 周K单启,True,False
002955,鸿合科技,🚀 月K单启,False,True
002958,青农商行,🚀 月K单启,False,True
002961,瑞达期货,🚀 月K单启,False,True
002962,五方光电,📈 周K单启,True,False
002967,广电计量,🚀 月K单启,False,True
002965,祥鑫科技,📈 周K单启,True,False
002968,新大正,🚀 月K单启,False,True
002969,嘉美包装,🚀 月K单启,False,True
002970,锐明技术,🚀 月K单启,False,True
002978,安宁股份,🚀 月K单启,False,True
002980,华盛昌,📈 周K单启,True,False
002984,森麒麟,🚀 月K单启,False,True
002985,北摩高科,🚀 月K单启,False,True
002987,京北方,🚀 月K单启,False,True
002988,豪美新材,🚀 月K单启,False,True
002989,中天精装,📈 周K单启,True,False
002991,甘源食品,🚀 月K单启,False,True
002992,宝明科技,🚀 月K单启,False,True
002996,顺博合金,🚀 月K单启,False,True
002999,天禾股份,🚀 月K单启,False,True
003003,天元股份,🚀 月K单启,False,True
003008,开普检测,🚀 月K单启,False,True
003011,海象新材,🚀 月K单启,False,True
003012,东鹏控股,🚀 月K单启,False,True
003016,欣贺股份,🚀 月K单启,False,True
003015,日久光电,🚀 月K单启,False,True
003019,宸展光电,📈 周K单启,True,False
003017,大洋生物,🚀 月K单启,False,True
003022,联泓新科,📈 周K单启,True,False
003028,振邦智能,🚀 月K单启,False,True
003027,同兴科技,🚀 月K单启,False,True
003029,吉大正元,🚀 月K单启,False,True
003035,南网能源,🚀 月K单启,False,True
003036,泰坦股份,📈 周K单启,True,False
003037,三和管桩,🚀 月K单启,False,True
003038,鑫铂股份,🚀 月K单启,False,True
003041,真爱美家,🚀 月K单启,False,True
688004,博汇科技,🚀 月K单启,False,True
688001,华兴源创,📈 周K单启,True,False
688013,天臣医疗,🚀 月K单启,False,True
688009,中国通号,🚀 月K单启,False,True
688039,当虹科技,🚀 月K单启,False,True
688048,长光华芯,📈 周K单启,True,False
688051,佳华科技,🚀 月K单启,False,True
688058,宝兰德,🚀 月K单启,False,True
688060,云涌科技,🚀 月K单启,False,True
688067,爱威科技,🚀 月K单启,False,True
688063,派能科技,📈 周K单启,True,False
688081,兴图新科,🚀 月K单启,False,True
688079,美迪凯,📈 周K单启,True,False
688085,三友医疗,🚀 月K单启,False,True
688088,虹软科技,🚀 月K单启,False,True
688110,东芯股份,📈 周K单启,True,False
688111,金山办公,🚀 月K单启,False,True
688123,聚辰股份,📈 周K单启,True,False
688128,中国电研,🚀 月K单启,False,True
688136,科兴制药,🚀 月K单启,False,True
688143,长盈通,📈 周K单启,True,False
688157,松井股份,🚀 月K单启,False,True
688159,有方科技,📈 周K单启,True,False
688161,威高骨科,🚀 月K单启,False,True
688170,德龙激光,📈 周K单启,True,False
688178,万德斯,📈 周K单启,True,False
688186,广大特材,🚀 月K单启,False,True
688208,道通科技,🚀 月K单启,False,True
688217,睿昂基因,🚀 月K单启,False,True
688219,会通股份,📈 周K单启,True,False
688223,晶科能源,🚀 月K单启,False,True
688228,开普云,🚀 月K单启,False,True
688299,长阳科技,🚀 月K单启,False,True
688312,燕麦科技,🚀 月K单启,False,True
688326,经纬恒润-W,🚀 月K单启,False,True
688347,华虹宏力,📈 周K单启,True,False
688420,美腾科技,🚀 月K单启,False,True
688439,振华风光,🚀 月K单启,False,True
688449,联芸科技,📈 周K单启,True,False
688510,航亚科技,🚀 月K单启,False,True
688525,佰维存储,📈 周K单启,True,False
688580,伟思医疗,🚀 月K单启,False,True
688589,力合微,📈 周K单启,True,False
688613,奥精医疗,🚀 月K单启,False,True
688616,西力科技,🚀 月K单启,False,True
688656,浩欧博,🚀 月K单启,False,True
688661,和林微纳,📈 周K单启,True,False
688701,卓锦股份,🚀 月K单启,False,True
688707,振华新材,🚀 月K单启,False,True
688711,宏微科技,📈 周K单启,True,False
688798,艾为电子,🚀 月K单启,False,True
688819,天能股份,🚀 月K单启,False,True
600067,冠城新材,🚀 月K单启,False,True
600637,东方明珠,🚀 月K单启,False,True
600873,梅花生物,🚀 月K单启,False,True
600897,厦门空港,🚀 月K单启,False,True
600939,重庆建工,🚀 月K单启,False,True
600970,中材国际,🚀 月K单启,False,True
601069,西部黄金,🚀 月K单启,False,True
601689,拓普集团,🔥 周月双启,True,True
601865,福莱特,🚀 月K单启,False,True
601900,南方传媒,🚀 月K单启,False,True
603037,凯众股份,🚀 月K单启,False,True
603063,禾望电气,📈 周K单启,True,False
603599,广信股份,🚀 月K单启,False,True
603613,国联股份,🚀 月K单启,False,True
603662,柯力传感,📈 周K单启,True,False
605286,同力天启,🚀 月K单启,False,True
605303,园林股份,📈 周K单启,True,False
605338,巴比食品,🚀 月K单启,False,True
605398,新炬网络,🚀 月K单启,False,True
605567,春雪食品,🚀 月K单启,False,True
300013,新宁物流,📈 周K单启,True,False
300019,硅宝科技,🚀 月K单启,False,True
300039,上海凯宝,🚀 月K单启,False,True
300041,回天新材,📈 周K单启,True,False
300048,合康新能,🚀 月K单启,False,True
300363,博腾股份,🚀 月K单启,False,True
300358,楚天科技,🚀 月K单启,False,True
300377,赢时胜,🚀 月K单启,False,True
300383,光环新网,🚀 月K单启,False,True
300389,艾比森,🚀 月K单启,False,True
300398,飞凯材料,📈 周K单启,True,False
300420,五洋自控,📈 周K单启,True,False
300403,汉宇集团,🚀 月K单启,False,True
300642,透景生命,🚀 月K单启,False,True
300413,芒果超媒,🚀 月K单启,False,True
300644,南京聚隆,🚀 月K单启,False,True
300650,太龙股份,🚀 月K单启,False,True
300652,雷迪克,🚀 月K单启,False,True
300659,中孚信息,🚀 月K单启,False,True
300664,鹏鹞环保,🚀 月K单启,False,True
300668,杰恩股份,📈 周K单启,True,False
300686,智动力,📈 周K单启,True,False
300681,英搏尔,📈 周K单启,True,False
300690,双一科技,🚀 月K单启,False,True
300702,天宇股份,🚀 月K单启,False,True
300698,万马科技,🚀 月K单启,False,True
300696,爱乐达,🔥 周月双启,True,True
300711,广哈通信,🚀 月K单启,False,True
300713,英可瑞,🚀 月K单启,False,True
300719,安达维尔,🚀 月K单启,False,True
300747,锐科激光,📈 周K单启,True,False
300751,迈为股份,📈 周K单启,True,False
300758,七彩化学,🚀 月K单启,False,True
300778,新城市,🚀 月K单启,False,True
300774,倍杰特,🚀 月K单启,False,True
300776,帝尔激光,📈 周K单启,True,False
300781,因赛集团,🚀 月K单启,False,True
300793,佳禾智能,🚀 月K单启,False,True
300807,天迈科技,🚀 月K单启,False,True
300816,艾可蓝,📈 周K单启,True,False
300824,北鼎股份,🚀 月K单启,False,True
300832,新产业,🚀 月K单启,False,True
300891,惠云钛业,🚀 月K单启,False,True
300889,爱克股份,📈 周K单启,True,False
300912,凯龙高科,🚀 月K单启,False,True
300936,中英科技,📈 周K单启,True,False
300959,线上线下,📈 周K单启,True,False
300965,恒宇信通,🚀 月K单启,False,True
300976,达瑞电子,📈 周K单启,True,False
300981,中红医疗,🚀 月K单启,False,True
301183,东田微,📈 周K单启,True,False
301209,联合化学,📈 周K单启,True,False
301227,森鹰窗业,🚀 月K单启,False,True
301265,华新科技,📈 周K单启,True,False
301268,铭利达,🚀 月K单启,False,True
000009,中国宝安,🚀 月K单启,False,True
000032,深桑达A,🔥 周月双启,True,True
000061,农产品,🚀 月K单启,False,True
000062,深圳华强,📈 周K单启,True,False
000069,华侨城A,🚀 月K单启,False,True
000099,中信海直,🚀 月K单启,False,True
000516,国际医学,🚀 月K单启,False,True
000531,穗恒运A,🚀 月K单启,False,True
000534,万泽股份,🚀 月K单启,False,True
000592,平潭发展,🚀 月K单启,False,True
000617,中油资本,🚀 月K单启,False,True
000777,中核科技,🚀 月K单启,False,True
000892,欢瑞世纪,🚀 月K单启,False,True
000985,大庆华科,🚀 月K单启,False,True
001282,三联锻造,📈 周K单启,True,False
001278,一彬科技,🚀 月K单启,False,True
001296,长江材料,🚀 月K单启,False,True
001308,康冠科技,📈 周K单启,True,False
001335,信凯科技,📈 周K单启,True,False
001332,锡装股份,📈 周K单启,True,False
001339,智微智能,📈 周K单启,True,False
001378,德冠新材,📈 周K单启,True,False
001367,海森药业,🚀 月K单启,False,True
001389,广合科技,📈 周K单启,True,False
002007,华兰生物,🚀 月K单启,False,True
002014,永新股份,🚀 月K单启,False,True
002023,海特高新,📈 周K单启,True,False
002045,国光电器,🚀 月K单启,False,True
002044,美年健康,🚀 月K单启,False,True
002057,中钢天源,📈 周K单启,True,False
002075,沙钢股份,🚀 月K单启,False,True
002095,生意宝,🚀 月K单启,False,True
002098,浔兴股份,🚀 月K单启,False,True
002117,东港股份,🚀 月K单启,False,True
002133,广宇集团,🚀 月K单启,False,True
002243,力合科创,🚀 月K单启,False,True
002357,富临运业,🚀 月K单启,False,True
002366,融发核电,🚀 月K单启,False,True
002562,兄弟科技,🚀 月K单启,False,True
002727,一心堂,🚀 月K单启,False,True
002736,国信证券,🚀 月K单启,False,True
002749,国光股份,🚀 月K单启,False,True
002765,蓝黛科技,🚀 月K单启,False,True
002778,中晟高科,🚀 月K单启,False,True
002779,中坚科技,🔥 周月双启,True,True
002788,鹭燕医药,🚀 月K单启,False,True
002791,坚朗五金,🚀 月K单启,False,True
002800,天顺股份,🚀 月K单启,False,True
002811,郑中设计,🚀 月K单启,False,True
002813,路畅科技,🚀 月K单启,False,True
002823,凯中精密,📈 周K单启,True,False
002831,裕同科技,📈 周K单启,True,False
002835,同为股份,🚀 月K单启,False,True
002868,绿康生化,🚀 月K单启,False,True
002902,铭普光磁,📈 周K单启,True,False
002910,庄园牧场,🔥 周月双启,True,True
002908,德生科技,🚀 月K单启,False,True
003040,楚天龙,🚀 月K单启,False,True
688015,交控科技,🚀 月K单启,False,True
688007,光峰科技,🚀 月K单启,False,True
688025,杰普特,📈 周K单启,True,False
688023,安恒信息,🚀 月K单启,False,True
688027,国盾量子,🚀 月K单启,False,True
688038,中科通达,🚀 月K单启,False,True
688036,传音控股,📈 周K单启,True,False
688056,莱伯泰科,📈 周K单启,True,False
688047,龙芯中科,📈 周K单启,True,False
688070,纵横股份,🚀 月K单启,False,True
688077,大地熊,🔥 周月双启,True,True
688082,盛美上海,📈 周K单启,True,False
688091,上海谊众,🔥 周月双启,True,True
688095,福昕软件,🚀 月K单启,False,True
688118,普元信息,🚀 月K单启,False,True
688112,鼎阳科技,📈 周K单启,True,False
688129,东来技术,📈 周K单启,True,False
688122,西部超导,🚀 月K单启,False,True
688135,利扬芯片,📈 周K单启,True,False
688160,步科股份,🚀 月K单启,False,True
688165,埃夫特-U,📈 周K单启,True,False
688181,八亿时空,📈 周K单启,True,False
688173,希荻微,📈 周K单启,True,False
688177,百奥泰,🚀 月K单启,False,True
688190,云路股份,📈 周K单启,True,False
688185,康希诺,🚀 月K单启,False,True
688210,统联精密,🚀 月K单启,False,True
688215,瑞晟智能,🚀 月K单启,False,True
688226,威腾电气,🔥 周月双启,True,True
688225,亚信安全,🚀 月K单启,False,True
688229,博睿数据,🚀 月K单启,False,True
688246,嘉和美康,📈 周K单启,True,False
688236,春立医疗,🚀 月K单启,False,True
688244,永信至诚,🚀 月K单启,False,True
688249,晶合集成,📈 周K单启,True,False
688248,南网科技,📈 周K单启,True,False
688255,凯尔达,📈 周K单启,True,False
688262,国芯科技,📈 周K单启,True,False
688275,万润新能,📈 周K单启,True,False
688277,天智航-U,🔥 周月双启,True,True
688269,凯立新材,🚀 月K单启,False,True
688280,精进电动-W,🚀 月K单启,False,True
688279,峰岹科技,📈 周K单启,True,False
688281,华秦科技,🚀 月K单启,False,True
688288,鸿泉技术,🚀 月K单启,False,True
688286,敏芯股份,🔥 周月双启,True,True
688289,圣湘生物,🚀 月K单启,False,True
688303,大全能源,🚀 月K单启,False,True
688297,中无人机,🚀 月K单启,False,True
688310,迈得医疗,📈 周K单启,True,False
688305,科德数控,📈 周K单启,True,False
688308,欧科亿,📈 周K单启,True,False
688311,盟升电子,🚀 月K单启,False,True
688314,康拓医疗,🚀 月K单启,False,True
688317,之江生物,🚀 月K单启,False,True
688316,青云科技-U,🚀 月K单启,False,True
688327,云从科技-UW,📈 周K单启,True,False
688323,瑞华泰,📈 周K单启,True,False
688335,复洁科技,🚀 月K单启,False,True
688322,奥比中光-W,📈 周K单启,True,False
688330,宏力达,🚀 月K单启,False,True
688343,云天励飞-U,🚀 月K单启,False,True
688339,亿华通-U,🚀 月K单启,False,True
688356,键凯科技,🚀 月K单启,False,True
688352,颀中科技,📈 周K单启,True,False
688359,三孚新科,📈 周K单启,True,False
688369,致远互联,🚀 月K单启,False,True
688362,甬矽电子,📈 周K单启,True,False
688363,华熙生物,🚀 月K单启,False,True
688377,迪威尔,🚀 月K单启,False,True
688380,中微半导,📈 周K单启,True,False
688379,华光新材,📈 周K单启,True,False
688381,帝奥微,📈 周K单启,True,False
688389,普门科技,🚀 月K单启,False,True
688391,钜泉科技,📈 周K单启,True,False
688390,固德威,📈 周K单启,True,False
688408,中信博,🚀 月K单启,False,True
688419,耐科装备,📈 周K单启,True,False
688416,恒烁股份,📈 周K单启,True,False
688425,铁建重工,🚀 月K单启,False,True
688450,光格科技,📈 周K单启,True,False
688466,金科环境,🚀 月K单启,False,True
688479,友车科技,📈 周K单启,True,False
688500,慧辰股份,🚀 月K单启,False,True
688486,龙迅股份,📈 周K单启,True,False
688513,苑东生物,🚀 月K单启,False,True
688516,奥特维,🚀 月K单启,False,True
688522,纳睿雷达,🚀 月K单启,False,True
688539,高华科技,🚀 月K单启,False,True
688538,和辉光电-U,🚀 月K单启,False,True
688551,科威尔,📈 周K单启,True,False
688553,汇宇制药-W,🚀 月K单启,False,True
688556,高测股份,🚀 月K单启,False,True
688566,吉贝尔,🚀 月K单启,False,True
688561,奇安信-U,🚀 月K单启,False,True
688571,杭华股份,📈 周K单启,True,False
688579,地纬智能,🚀 月K单启,False,True
688577,浙海德曼,🚀 月K单启,False,True
688575,亚辉龙,🚀 月K单启,False,True
688586,江航装备,🚀 月K单启,False,True
688582,芯动联科,📈 周K单启,True,False
688588,凌志软件,🚀 月K单启,False,True
688601,力芯微,📈 周K单启,True,False
688606,奥泰生物,🚀 月K单启,False,True
688628,优利德,📈 周K单启,True,False
688631,莱斯信息,🚀 月K单启,False,True
688639,华恒生物,🚀 月K单启,False,True
688671,碧兴物联,📈 周K单启,True,False
688680,海优新材,🚀 月K单启,False,True
688722,同益中,🚀 月K单启,False,True
688772,珠海冠宇,📈 周K单启,True,False
688786,悦安新材,📈 周K单启,True,False
688776,国光电气,🚀 月K单启,False,True
688778,厦钨新能,🚀 月K单启,False,True
600640,国脉文化,🚀 月K单启,False,True
600810,神马股份,🚀 月K单启,False,True
600809,山西汾酒,🚀 月K单启,False,True
600916,中国黄金,🚀 月K单启,False,True
600933,爱柯迪,🚀 月K单启,False,True
600959,江苏有线,🚀 月K单启,False,True
600976,健民集团,🚀 月K单启,False,True
601003,柳钢股份,🚀 月K单启,False,True
601058,赛轮轮胎,🚀 月K单启,False,True
601798,蓝科高新,🚀 月K单启,False,True
601860,紫金银行,🚀 月K单启,False,True
601888,中国中免,🚀 月K单启,False,True
601890,亚星锚链,🚀 月K单启,False,True
601928,凤凰传媒,🚀 月K单启,False,True
601991,大唐发电,📈 周K单启,True,False
603010,万盛股份,📈 周K单启,True,False
603027,千禾味业,🚀 月K单启,False,True
603015,弘讯科技,🚀 月K单启,False,True
603030,全筑股份,🚀 月K单启,False,True
603038,华立股份,📈 周K单启,True,False
603036,如通股份,🚀 月K单启,False,True
603059,倍加洁,🚀 月K单启,False,True
603126,中材节能,🚀 月K单启,False,True
603150,万朗磁塑,📈 周K单启,True,False
603168,莎普爱思,🚀 月K单启,False,True
603277,银都股份,🚀 月K单启,False,True
603187,海容冷链,🚀 月K单启,False,True
603633,徕木股份,🚀 月K单启,False,True
603639,海利尔,🚀 月K单启,False,True
603730,岱美股份,📈 周K单启,True,False
605555,德昌股份,🚀 月K单启,False,True
300861,美畅股份,📈 周K单启,True,False
300940,南极光,🚀 月K单启,False,True
300955,嘉亨家化,🔥 周月双启,True,True
300969,恒帅股份,🚀 月K单启,False,True
301199,迈赫股份,🚀 月K单启,False,True
301279,金道科技,📈 周K单启,True,False
000561,烽火电子,🚀 月K单启,False,True
000568,泸州老窖,🚀 月K单启,False,True
000586,汇源通信,🚀 月K单启,False,True
000619,海螺新材,🚀 月K单启,False,True
001217,华尔泰,🚀 月K单启,False,True
001300,三柏硕,🚀 月K单启,False,True
001309,德明利,📈 周K单启,True,False
001360,南矿集团,🚀 月K单启,False,True
001359,平安电工,📈 周K单启,True,False
001336,楚环科技,📈 周K单启,True,False
002050,三花智控,🚀 月K单启,False,True
002060,广东建工,🚀 月K单启,False,True
002105,信隆健康,🚀 月K单启,False,True
002088,鲁阳节能,🚀 月K单启,False,True
002121,科陆电子,🚀 月K单启,False,True
002148,北纬科技,🚀 月K单启,False,True
002456,欧菲光,🔥 周月双启,True,True
002683,广东宏大,🚀 月K单启,False,True
002677,浙江美大,🚀 月K单启,False,True
002806,华锋股份,📈 周K单启,True,False
002838,道恩股份,📈 周K单启,True,False
002865,钧达股份,🔥 周月双启,True,True
002877,智能自控,🚀 月K单启,False,True
002892,科力尔,🚀 月K单启,False,True
002912,中新赛克,🚀 月K单启,False,True
688003,天准科技,📈 周K单启,True,False
688080,映翰通,🚀 月K单启,False,True
688084,晶品特装,🚀 月K单启,False,True
688125,安达智能,📈 周K单启,True,False
688109,品茗科技,🚀 月K单启,False,True
688597,煜邦电力,🚀 月K单启,False,True
688720,艾森股份,📈 周K单启,True,False
688719,爱科赛博,📈 周K单启,True,False
688777,中控技术,📈 周K单启,True,False
688799,华纳药厂,🚀 月K单启,False,True
600955,维远股份,🚀 月K单启,False,True
601908,京运通,🚀 月K单启,False,True
601968,宝钢包装,🚀 月K单启,False,True
601990,南京证券,🚀 月K单启,False,True
603013,亚普股份,🚀 月K单启,False,True
603029,天鹅股份,🚀 月K单启,False,True
603043,广州酒家,🚀 月K单启,False,True
603060,国检集团,📈 周K单启,True,False
603179,新泉股份,📈 周K单启,True,False
603579,荣泰健康,🚀 月K单启,False,True
603602,纵横通信,🚀 月K单启,False,True
603590,康辰药业,🚀 月K单启,False,True
603665,康隆达,🚀 月K单启,False,True
603733,仙鹤股份,📈 周K单启,True,False
300640,德艺文创,🚀 月K单启,False,True
300656,民德电子,📈 周K单启,True,False
300678,中科信息,🚀 月K单启,False,True
300894,火星人,🚀 月K单启,False,True
300926,博俊科技,🚀 月K单启,False,True
301052,果麦文化,🚀 月K单启,False,True
301238,瑞泰新材,📈 周K单启,True,False
301261,恒工精密,🚀 月K单启,False,True
000603,盛达资源,🚀 月K单启,False,True
000885,城发环境,🚀 月K单启,False,True
001316,润贝航科,🚀 月K单启,False,True
002848,高斯贝尔,📈 周K单启,True,False
002899,英派斯,🚀 月K单启,False,True
688557,兰剑智能,🚀 月K单启,False,True
