时间,代码,名称,周K拉升信号,月K拉升信号
19:30:59,600000,浦发银行,False,False
19:31:01,600004,白云机场,False,True
19:31:04,600007,中国国贸,False,False
19:31:10,600009,上海机场,False,False
19:31:12,600010,包钢股份,False,True
19:31:13,600011,华能国际,False,False
19:31:15,600012,皖通高速,False,False
19:31:19,600015,华夏银行,False,False
19:31:21,600016,民生银行,False,False
19:31:22,600017,日照港,False,True
19:31:24,600018,上港集团,False,False
19:31:26,600019,宝钢股份,False,False
19:31:30,600020,中原高速,False,False
19:31:31,600021,上海电力,False,True
19:31:33,600022,山东钢铁,False,False
19:31:35,600023,浙能电力,False,False
19:31:37,600025,华能水电,False,False
19:31:41,600026,中远海能,False,False
19:31:42,600027,华电国际,False,False
19:31:44,600028,中国石化,False,True
19:31:45,600029,南方航空,False,True
19:31:48,600030,中信证券,False,False
19:31:51,600031,三一重工,False,False
19:31:53,600032,浙江新能,False,True
19:31:55,600033,福建高速,False,True
19:31:56,600035,楚天高速,False,False
19:31:58,600036,招商银行,False,True
19:32:02,600037,歌华有线,False,False
19:32:04,600038,中直股份,False,True
19:32:06,600039,四川路桥,False,True
19:32:07,600048,保利发展,False,False
19:32:09,600050,中国联通,False,False
19:32:13,600051,宁波联合,False,True
19:32:14,600052,东望时代,False,False
19:32:17,600054,黄山旅游,False,True
19:32:17,600055,万东医疗,False,True
19:32:20,600056,中国医药,False,False
19:32:23,600057,厦门象屿,False,False
19:32:25,600058,五矿发展,False,False
19:32:27,600059,古越龙山,False,True
19:32:28,600060,海信视像,False,False
19:32:30,600061,国投资本,False,True
19:32:35,600062,华润双鹤,False,False
19:32:36,600063,皖维高新,False,False
19:32:38,600064,南京高科,False,True
19:32:39,600066,宇通客车,False,False
19:32:41,600067,冠城新材,False,True
19:32:45,600071,凤凰光学,False,False
19:32:47,600072,中船科技,False,True
19:32:49,600073,光明肉业,False,True
19:32:50,600075,新疆天业,False,True
19:32:52,600076,康欣新材,False,False
19:32:56,600078,澄星股份,False,False
19:32:57,600081,东风科技,False,False
19:33:00,600085,同仁堂,False,True
19:33:01,600088,中视传媒,False,True
19:33:02,600089,特变电工,False,True
19:33:07,600094,大名城,False,False
19:33:08,600095,湘财股份,False,False
19:33:11,600097,开创国际,False,True
19:33:13,600098,广州发展,False,False
19:33:17,600099,林海股份,False,False
19:33:19,600100,同方股份,False,True
19:33:22,600103,青山纸业,False,True
19:33:24,600104,上汽集团,False,True
19:33:28,600105,永鼎股份,False,False
19:33:29,600106,重庆路桥,False,True
19:33:32,600109,国金证券,False,False
19:33:33,600108,亚盛集团,False,True
19:33:34,600110,诺德股份,True,False
19:33:39,600114,东睦股份,False,False
19:33:40,600115,中国东航,False,True
19:33:43,600116,三峡水利,False,False
19:33:43,600117,西宁特钢,False,True
19:33:45,600120,浙江东方,False,True
19:33:51,600123,兰花科创,False,False
19:33:52,600125,铁龙物流,False,True
19:33:54,600126,杭钢股份,False,True
19:33:54,600127,金健米业,False,False
19:33:56,600128,苏豪弘业,False,True
19:34:01,600129,太极集团,False,False
19:34:02,600130,波导股份,False,False
19:34:05,600131,国网信通,False,True
19:34:05,600133,东湖高新,False,True
19:34:06,600135,乐凯胶片,False,True
19:34:12,600137,浪莎股份,False,False
19:34:13,600138,中青旅,False,False
19:34:15,600141,兴发集团,True,False
19:34:16,600148,长春一东,False,True
19:34:17,600149,廊坊发展,False,False
19:34:25,600150,中国船舶,False,False
19:34:27,600151,航天机电,False,False
19:34:32,600152,维科技术,False,False
19:34:35,600153,建发股份,False,False
19:34:37,600155,华创云信,False,False
19:34:49,600158,中体产业,False,False
19:34:52,600159,大龙地产,False,False
19:34:57,600161,天坛生物,False,False
19:35:04,600163,中闽能源,False,False
19:35:10,600170,上海建工,False,False
19:35:18,600171,上海贝岭,False,False
19:35:22,600173,卧龙新能,False,True
19:35:23,600176,中国巨石,False,False
19:35:25,600177,雅戈尔,False,False
19:35:28,600178,东安动力,False,False
19:35:37,600183,生益科技,True,False
19:35:41,600184,光电股份,False,False
19:35:44,600185,珠免集团,False,True
19:35:44,600188,兖矿能源,False,False
19:35:54,600191,华资实业,False,True
19:35:59,600192,长城电工,False,True
19:36:02,600197,伊力特,False,False
19:36:09,600198,大唐电信,True,True
19:36:16,600202,哈空调,False,True
19:36:23,600207,安彩高科,True,False
19:36:30,600211,西藏药业,False,True
19:36:34,600212,绿能慧充,False,True
19:36:39,600216,浙江医药,False,False
19:36:45,600218,全柴动力,False,True
19:36:47,600223,福瑞达,False,True
19:36:51,600226,亨通股份,False,False
19:36:56,600227,赤天化,False,False
19:36:56,600229,城市传媒,False,False
19:36:58,600230,沧州大化,False,True
19:37:01,600231,凌钢股份,False,True
19:37:06,600232,金鹰股份,False,False
19:37:07,600234,科新发展,False,False
19:37:07,600235,民丰特纸,False,True
19:37:08,600236,桂冠电力,False,False
19:37:13,600237,铜峰电子,False,False
19:37:17,600241,时代万恒,False,False
19:37:18,600248,陕建股份,False,False
19:37:18,600249,两面针,False,True
19:37:19,600250,南京商旅,False,True
19:37:23,600251,冠农股份,False,False
19:37:27,600252,中恒集团,False,True
19:37:29,600255,鑫科材料,False,False
19:37:29,600256,广汇能源,False,False
19:37:29,600257,大湖股份,False,True
19:37:34,600258,首旅酒店,False,False
19:37:38,600259,中稀有色,True,False
19:37:39,600261,阳光照明,False,True
19:37:40,600266,城建发展,False,True
19:37:40,600262,北方股份,False,True
19:37:45,600267,海正药业,False,False
19:37:49,600268,国电南自,False,False
19:37:49,600269,赣粤高速,False,True
19:37:51,600271,航天信息,False,True
19:37:51,600273,嘉化能源,False,True
19:37:55,600278,东方创业,False,True
19:37:59,600279,重庆港,False,True
19:38:00,600280,中央商场,False,False
19:38:01,600282,南钢股份,False,False
19:38:06,600284,浦东建设,False,True
19:38:10,600285,羚锐制药,False,False
19:38:11,600287,苏豪时尚,False,True
19:38:12,600288,大恒科技,True,True
19:38:12,600292,电投水电,False,False
19:38:17,600293,三峡新材,False,False
19:38:20,600295,鄂尔多斯,False,False
19:38:22,600298,安琪酵母,False,False
19:38:23,600299,安迪苏,False,False
19:38:23,600300,维维股份,False,False
19:38:28,600301,华锡有色,False,False
19:38:31,600303,曙光股份,False,False
19:38:32,600305,恒顺醋业,False,False
19:38:33,600308,华泰股份,False,True
19:38:38,600309,万华化学,False,False
19:38:42,600310,广西能源,False,False
19:38:43,600312,平高电气,False,False
19:38:44,600315,上海家化,False,True
19:38:49,600318,新力金融,False,False
19:38:52,600319,亚星化学,False,True
19:38:54,600322,津投城开,False,False
19:38:55,600320,振华重工,False,True
19:38:59,600325,华发股份,False,True
19:39:03,600327,大东方,False,True
19:39:05,600328,中盐化工,False,True
19:39:06,600329,达仁堂,False,False
19:39:06,600330,天通股份,True,False
19:39:10,600331,宏达股份,False,False
19:39:13,600332,白云山,False,True
19:39:16,600333,长春燃气,False,False
19:39:16,600335,国机汽车,False,False
19:39:17,600336,澳柯玛,False,False
19:39:21,600338,西藏珠峰,False,True
19:39:24,600339,中油工程,False,True
19:39:26,600345,长江通信,True,False
19:39:27,600348,华阳股份,False,False
19:39:29,600346,恒力石化,False,True
19:39:31,600350,山东高速,True,False
19:39:35,600351,亚宝药业,False,False
19:39:37,600352,浙江龙盛,False,False
19:39:38,600353,旭光电子,True,False
19:39:39,600354,敦煌种业,False,False
19:39:42,600356,恒丰纸业,False,False
19:39:45,600358,国旅联合,False,True
19:39:48,600359,新农开发,False,False
19:39:49,600360,华微电子,True,False
19:39:50,600361,创新新材,False,False
19:39:53,600362,江西铜业,False,True
19:39:56,600363,联创光电,True,True
19:39:58,600366,宁波韵升,True,False
19:39:59,600368,五洲交通,False,False
19:40:00,600369,西南证券,False,False
19:40:04,600372,中航机载,False,True
19:40:07,600373,中文传媒,False,True
19:40:09,600375,汉马科技,False,True
19:40:10,600377,宁沪高速,False,False
19:40:12,600378,昊华科技,False,False
19:40:14,600379,宝光股份,False,False
19:40:18,600380,健康元,False,True
19:40:20,600382,广东明珠,False,False
19:40:21,600383,金地集团,False,True
19:40:23,600386,北巴传媒,False,True
19:40:25,600388,紫金龙净,False,False
19:40:29,600390,五矿资本,False,True
19:40:31,600391,航发科技,False,True
19:40:32,600392,盛和资源,True,False
19:40:34,600395,盘江股份,False,False
19:40:36,600396,华电辽能,False,False
19:40:39,600398,海澜之家,False,False
19:40:41,600399,抚顺特钢,False,True
19:40:42,600400,红豆股份,False,False
19:40:44,600403,大有能源,False,True
19:40:46,600405,动力源,False,False
19:40:50,600406,国电南瑞,False,False
19:40:52,600409,三友化工,False,True
19:40:53,600410,华胜天成,False,True
19:40:55,600415,小商品城,False,False
19:40:57,600416,湘电股份,False,True
19:41:02,600418,江淮汽车,False,True
19:41:03,600419,天润乳业,False,False
19:41:04,600420,国药现代,False,False
19:41:07,600422,昆药集团,False,False
19:41:08,600425,青松建化,False,True
19:41:13,600426,华鲁恒升,False,True
19:41:14,600429,三元股份,False,False
19:41:15,600433,冠豪高新,False,False
19:41:18,600435,北方导航,False,True
19:41:18,600436,片仔癀,False,False
19:41:24,600438,通威股份,False,True
19:41:24,600444,国机通用,False,True
19:41:25,600446,金证股份,False,True
19:41:28,600448,华纺股份,False,False
19:41:29,600449,宁夏建材,False,False
19:41:34,600452,涪陵电力,False,False
19:41:35,600455,博通股份,False,False
19:41:36,600456,宝钛股份,False,True
19:41:39,600458,时代新材,False,False
19:41:40,600459,贵研铂业,False,False
19:41:45,600461,洪城环境,False,False
19:41:45,600463,空港股份,False,True
19:41:47,600467,好当家,False,True
19:41:51,600469,风神股份,False,True
19:41:55,600475,华光环能,False,True
19:41:56,600477,杭萧钢构,False,True
19:41:57,600478,科力远,False,True
19:42:02,600480,凌云股份,False,False
19:42:06,600481,双良节能,False,True
19:42:07,600482,中国动力,False,False
19:42:08,600483,福能股份,False,False
19:42:13,600487,亨通光电,False,False
19:42:17,600488,津药药业,False,False
19:42:17,600489,中金黄金,False,True
19:42:19,600490,鹏欣资源,False,True
19:42:22,600493,凤竹纺织,False,True
19:42:23,600495,晋西车轴,False,False
19:42:27,600496,精工钢构,False,True
19:42:28,600497,驰宏锌锗,True,False
19:42:29,600498,烽火通信,True,False
19:42:32,600499,科达制造,True,True
19:42:34,600501,航天晨光,False,True
19:42:38,600502,安徽建工,False,False
19:42:39,600503,华丽家族,False,False
19:42:40,600505,西昌电力,False,False
19:42:43,600506,统一股份,False,False
19:42:45,600507,方大特钢,False,True
19:42:49,600508,上海能源,False,False
19:42:50,600509,天富能源,True,False
19:42:51,600510,黑牡丹,False,True
19:42:54,600511,国药股份,False,False
19:42:55,600512,腾达建设,False,True
19:42:59,600513,联环药业,False,True
19:43:01,600516,方大炭素,True,True
19:43:04,600517,国网英大,False,True
19:43:06,600518,康美药业,False,False
19:43:10,600519,贵州茅台,False,False
19:43:12,600521,华海药业,False,False
19:43:15,600522,中天科技,False,False
19:43:17,600523,贵航股份,False,False
19:43:21,600526,菲达环保,False,True
19:43:26,600529,山东药玻,False,False
19:43:27,600531,豫光金铅,False,True
19:43:32,600533,栖霞建设,False,True
19:43:33,600535,天士力,False,False
19:43:36,600538,国发股份,False,False
19:43:38,600539,狮头股份,False,False
19:43:43,600540,新赛股份,False,False
19:43:44,600546,山煤国际,False,False
19:43:45,600545,卓郎智能,True,False
19:43:47,600547,山东黄金,False,True
19:43:49,600548,深高速,False,False
19:43:54,600549,厦门钨业,True,False
19:43:56,600551,时代出版,False,True
19:43:58,600550,保变电气,False,False
19:43:58,600552,凯盛科技,False,False
19:44:00,600556,天下秀,False,True
19:44:05,600557,康缘药业,False,False
19:44:07,600558,大西洋,False,True
19:44:09,600559,老白干酒,False,True
19:44:09,600560,金自天正,False,True
19:44:10,600561,江西长运,False,False
19:44:16,600562,国睿科技,False,True
19:44:18,600563,法拉电子,True,False
19:44:20,600566,济川药业,False,False
19:44:20,600567,山鹰国际,False,False
19:44:26,600570,恒生电子,False,True
19:44:28,600571,信雅达,False,True
19:44:30,600572,康恩贝,False,False
19:44:31,600573,惠泉啤酒,False,False
19:44:37,600576,祥源文旅,False,False
19:44:39,600577,精达股份,True,True
19:44:41,600578,京能电力,False,False
19:44:41,600579,中化装备,False,False
19:44:43,600582,天地科技,False,False
19:44:48,600583,海油工程,False,True
19:44:50,600584,长电科技,False,False
19:44:51,600585,海螺水泥,False,True
19:44:52,600586,金晶科技,False,True
19:44:54,600587,新华医疗,False,False
19:44:58,600588,用友网络,False,True
19:45:00,600589,大位科技,False,False
19:45:02,600590,泰豪科技,False,False
19:45:03,600592,龙溪股份,False,True
19:45:05,600593,大连圣亚,False,False
19:45:09,600594,益佰制药,False,True
19:45:12,600595,中孚实业,False,True
19:45:13,600596,新安股份,True,False
19:45:13,600597,光明乳业,False,False
19:45:15,600600,青岛啤酒,False,False
19:45:20,600601,方正科技,True,False
19:45:23,600602,云赛智联,False,False
19:45:24,600603,广汇物流,False,True
19:45:24,600604,市北高新,False,True
19:45:26,600605,汇通能源,False,False
19:45:31,600606,绿地控股,False,False
19:45:34,600609,金杯汽车,False,True
19:45:35,600610,中毅达,False,True
19:45:36,600611,大众交通,False,False
19:45:37,600612,老凤祥,False,False
19:45:41,600613,神奇制药,False,True
19:45:44,600615,鑫源智造,False,True
19:45:45,600616,金枫酒业,False,True
19:45:46,600617,国新能源,False,False
19:45:48,600618,氯碱化工,False,True
19:45:52,600619,海立股份,False,False
19:45:55,600620,天宸股份,False,True
19:45:56,600621,华鑫股份,False,True
19:45:57,600622,光大嘉宝,False,False
19:45:59,600623,华谊集团,False,False
19:46:03,600626,申达股份,False,True
19:46:06,600628,新世界,False,True
19:46:07,600629,华建集团,False,True
19:46:07,600630,龙头股份,False,False
19:46:09,600633,浙数文化,False,True
19:46:13,600635,大众公用,False,True
19:46:17,600637,东方明珠,False,True
19:46:17,600638,新黄浦,False,True
19:46:18,600639,浦东金桥,False,False
19:46:20,600640,国脉文化,False,True
19:46:24,600641,先导基电,True,False
19:46:27,600642,申能股份,False,False
19:46:28,600643,爱建集团,False,True
19:46:29,600644,乐山电力,False,False
19:46:31,600645,中源协和,False,False
19:46:35,600648,外高桥,False,True
19:46:38,600649,城投控股,False,True
19:46:39,600650,锦江在线,False,True
19:46:42,600653,申华控股,False,False
19:46:46,600654,中安科,False,True
19:46:49,600655,豫园股份,False,True
19:46:49,600657,信达地产,False,True
19:46:53,600660,福耀玻璃,False,False
19:46:56,600661,昂立教育,False,True
19:46:59,600662,外服控股,False,False
19:47:00,600663,陆家嘴,False,False
19:47:01,600664,哈药股份,False,False
19:47:03,600665,天地源,False,True
19:47:07,600666,奥瑞德,False,False
19:47:10,600667,太极实业,True,False
19:47:10,600668,尖峰集团,False,True
19:47:14,600674,川投能源,False,False
19:47:17,600675,中华企业,False,True
19:47:20,600676,久事动娱,False,False
19:47:21,600679,上海凤凰,False,False
19:47:25,600682,南京新百,False,False
19:47:28,600683,京投发展,True,False
19:47:31,600684,珠江股份,False,True
19:47:32,600685,中船防务,False,True
19:47:35,600688,上海石化,False,True
19:47:39,600689,上海三毛,False,True
19:47:42,600690,海尔智家,False,True
19:47:42,600691,潞化科技,False,True
19:47:44,600692,亚通股份,False,False
19:47:46,600693,东百集团,False,False
19:47:50,600694,大商股份,False,False
19:47:53,600697,欧亚集团,False,True
19:47:53,600698,湖南天雁,False,True
19:47:56,600699,均胜电子,False,True
19:47:57,600702,舍得酒业,False,False
19:48:00,600703,三安光电,True,False
19:48:04,600704,物产中大,False,True
19:48:04,600706,曲江文旅,False,False
19:48:07,600708,光明地产,False,False
19:48:08,600710,苏美达,False,False
19:48:11,600711,盛屯矿业,False,True
19:48:15,600712,南宁百货,False,True
19:48:15,600713,南京医药,False,False
19:48:18,600715,文投控股,False,True
19:48:18,600716,凤凰股份,False,True
19:48:22,600717,天津港,False,False
19:48:26,600718,东软集团,False,True
19:48:26,600719,大连热电,True,False
19:48:29,600720,中交设计,False,False
19:48:30,600721,百花医药,False,True
19:48:33,600722,金牛化工,False,False
19:48:37,600724,宁波富达,False,False
19:48:38,600725,云维股份,False,True
19:48:40,600726,华电能源,False,False
19:48:41,600727,鲁北化工,False,False
19:48:44,600728,佳都科技,False,True
19:48:48,600729,重百集团,False,True
19:48:49,600731,湖南海利,False,True
19:48:50,600732,爱旭股份,False,False
19:48:52,600733,北汽蓝谷,False,False
19:48:54,600736,苏州高新,False,False
19:48:58,600737,中粮糖业,False,False
19:48:59,600738,丽尚国潮,False,True
19:49:01,600739,辽宁成大,False,False
19:49:03,600741,华域汽车,False,False
19:49:05,600742,富维股份,False,True
19:49:09,600743,华远控股,False,False
19:49:10,600744,华银电力,False,False
19:49:11,600746,江苏索普,False,False
19:49:13,600748,上实发展,False,True
19:49:15,600749,西藏旅游,False,True
19:49:20,600750,华润江中,False,False
19:49:21,600751,海航科技,False,True
19:49:22,600754,锦江酒店,False,True
19:49:24,600755,厦门国贸,False,False
19:49:26,600756,浪潮软件,False,True
19:49:30,600757,长江传媒,False,True
19:49:32,600760,中航沈飞,False,True
19:49:32,600761,安徽合力,False,False
19:49:35,600763,通策医疗,False,False
19:49:37,600764,中国海防,False,True
19:49:41,600765,中航重机,False,True
19:49:42,600768,富邦新材,False,False
19:49:43,600769,祥龙电业,False,False
19:49:45,600770,综艺股份,False,False
19:49:47,600771,广誉远,False,True
19:49:52,600773,西藏城投,True,True
19:49:53,600774,汉商集团,False,True
19:49:54,600775,南京熊猫,False,False
19:49:56,600776,东方通信,False,True
19:49:58,600777,新潮能源,False,False
19:50:03,600778,友好集团,False,True
19:50:04,600779,水井坊,False,False
19:50:04,600780,通宝能源,False,False
19:50:07,600782,新钢股份,False,True
19:50:09,600784,鲁银投资,False,False
19:50:13,600785,新华百货,False,True
19:50:15,600789,鲁抗医药,False,False
19:50:18,600790,轻纺城,False,False
19:50:19,600791,京能置业,True,False
19:50:24,600793,宜宾纸业,False,True
19:50:25,600794,保税科技,False,True
19:50:26,600795,国电电力,False,False
19:50:29,600796,钱江生化,False,True
19:50:30,600797,浙大网新,False,True
19:50:35,600798,宁波海运,False,True
19:50:36,600800,渤海化学,False,False
19:50:37,600801,华新建材,False,False
19:50:39,600802,福建水泥,False,True
19:50:41,600803,新奥股份,False,True
19:50:46,600805,悦达投资,False,True
19:50:47,600807,济高发展,False,True
19:50:47,600808,马钢股份,False,True
19:50:50,600809,山西汾酒,False,False
19:50:52,600810,神马股份,False,True
19:50:57,600812,华北制药,False,True
19:50:58,600814,杭州解百,False,True
19:50:58,600815,厦工股份,False,False
19:51:01,600816,建元信托,False,False
19:51:03,600817,宇通重工,False,True
19:51:08,600819,耀皮玻璃,False,True
19:51:08,600820,隧道股份,False,True
19:51:09,600821,金开新能,False,True
19:51:12,600822,上海物贸,False,False
19:51:14,600824,益民集团,False,False
19:51:19,600825,新华传媒,False,True
19:51:19,600826,兰生股份,False,True
19:51:19,600827,百联股份,False,False
19:51:23,600828,茂业商业,False,False
19:51:24,600830,香溢融通,False,True
19:51:29,600831,广电网络,False,True
19:51:30,600833,第一医药,False,True
19:51:30,600834,申通地铁,False,False
19:51:33,600835,上海机电,False,True
19:51:35,600838,上海九百,False,True
19:51:40,600839,四川长虹,False,True
19:51:41,600841,动力新科,False,True
19:51:41,600843,上工申贝,False,False
19:51:45,600844,金煤科技,False,False
19:51:46,600845,宝信软件,False,False
19:51:51,600846,XD同济科,False,True
19:51:52,600848,上海临港,False,False
19:51:52,600847,万里股份,False,False
19:51:55,600850,电科数字,False,True
19:51:57,600851,海欣股份,False,False
19:52:02,600853,龙建股份,False,True
19:52:02,600854,春兰股份,False,False
19:52:03,600855,航天长峰,False,True
19:52:06,600857,宁波中百,False,False
19:52:08,600858,银座股份,False,True
19:52:12,600859,王府井,False,True
19:52:13,600860,京城股份,False,True
19:52:13,600861,北京人力,False,True
19:52:17,600862,中航高科,True,True
19:52:18,600863,华能蒙电,False,False
19:52:23,600864,哈投股份,False,True
19:52:23,600865,百大集团,False,False
19:52:24,600866,星湖科技,False,True
19:52:27,600867,通化东宝,False,False
19:52:29,600868,梅雁吉祥,False,True
19:52:33,600869,远东股份,True,False
19:52:33,600871,石化油服,False,True
19:52:34,600872,中炬高新,False,False
19:52:38,600873,梅花生物,False,False
19:52:39,600874,创业环保,False,True
19:52:44,600876,凯盛新能,False,True
19:52:44,600875,东方电气,False,False
19:52:48,600877,电科芯片,False,False
19:52:48,600880,博瑞传播,False,True
19:52:50,600881,亚泰集团,False,False
19:52:54,600882,妙可蓝多,False,False
19:52:54,600883,博闻科技,False,False
19:52:58,600884,杉杉股份,False,False
19:52:59,600885,宏发股份,False,False
19:53:00,600886,国投电力,False,False
19:53:04,600887,伊利股份,False,False
19:53:05,600888,新疆众和,True,False
19:53:09,600892,大晟文化,False,False
19:53:09,600893,航发动力,False,True
19:53:11,600894,广日股份,False,False
19:53:15,600897,厦门空港,False,False
19:53:16,600900,长江电力,False,False
19:53:20,600901,江苏金租,False,False
19:53:20,600903,贵州燃气,False,False
19:53:26,600906,财达证券,False,False
19:53:26,600908,无锡银行,False,True
19:53:30,600909,华安证券,True,False
19:53:31,600916,中国黄金,False,False
19:53:36,600918,中泰证券,False,False
19:53:37,600919,江苏银行,False,False
19:53:41,600925,苏能股份,False,False
19:53:41,600926,杭州银行,False,False
19:53:47,600928,西安银行,False,False
19:53:48,600929,雪天盐业,False,False
19:53:55,600935,华塑股份,False,False
19:54:00,600936,北投科技,False,False
19:54:01,600938,中国海油,False,False
19:54:07,600955,维远股份,False,True
19:54:13,600956,XD新天绿,False,False
19:54:14,600958,东方证券,False,True
19:54:18,600960,渤海汽车,False,False
20:09:20,600961,株冶集团,True,False
20:09:33,600966,博汇纸业,False,False
20:09:39,600962,国投中鲁,False,False
20:10:03,600976,健民集团,False,False
20:10:15,600980,北矿科技,False,False
20:10:20,600981,苏豪汇鸿,False,False
20:10:23,600982,宁波能源,False,False
20:10:55,600998,九州通,False,False
20:10:56,600999,招商证券,True,False
20:11:05,601000,唐山港,False,False
20:11:07,601001,晋控煤业,False,False
20:11:25,601012,隆基绿能,False,True
20:11:26,601016,节能风电,False,False
20:11:32,601019,山东出版,False,True
20:11:45,601021,春秋航空,False,False
20:11:45,601022,宁波远洋,False,False
20:11:49,601033,永兴股份,False,False
20:11:50,601038,一拖股份,False,False
20:12:00,601061,中信金属,False,False
20:12:07,601066,XD中信建,True,False
20:12:08,601065,江盐集团,False,True
20:12:11,601068,中铝国际,False,True
20:12:15,601077,渝农商行,False,False
20:12:23,601083,锦江航运,False,False
20:12:25,601088,中国神华,False,False
20:12:27,601089,福元医药,False,False
20:12:33,601096,宏盛华源,False,False
20:12:37,601098,中南传媒,False,False
20:12:47,601106,中国一重,False,True
20:12:48,601107,四川成渝,False,False
20:12:55,601111,中国国航,False,False
20:13:08,601116,三江购物,False,True
20:13:08,601113,华鼎股份,False,True
20:13:11,601117,中国化学,False,False
20:13:12,601118,海南橡胶,False,True
20:13:26,601126,四方股份,False,False
20:13:27,601133,柏诚股份,False,False
20:13:27,601127,赛力斯,False,True
20:13:27,601128,常熟银行,False,False
20:13:39,601138,工业富联,True,False
20:13:39,601155,新城控股,False,True
20:13:48,601158,重庆水务,False,False
20:13:52,601168,西部矿业,False,False
20:13:53,601166,兴业银行,False,True
20:13:55,601162,天风证券,False,False
20:14:04,601169,北京银行,False,False
20:14:09,601186,中国铁建,False,True
20:14:25,601208,东材科技,True,False
20:14:29,601211,国泰海通,False,True
20:14:35,601212,白银有色,False,True
20:14:36,601218,吉鑫科技,False,True
20:14:45,601226,华电科工,False,True
20:14:50,601228,广州港,False,False
20:14:50,601229,上海银行,False,True
20:15:01,601236,红塔证券,False,False
20:15:05,601288,农业银行,False,False
20:15:07,601298,青岛港,True,False
20:15:15,601311,骆驼股份,False,True
20:15:20,601326,秦港股份,False,True
20:15:24,601328,交通银行,False,True
20:15:29,601330,绿色动力,False,True
20:15:35,601339,百隆东方,False,False
20:15:44,601369,陕鼓动力,False,False
20:15:49,601375,中原证券,False,False
20:15:54,601390,中国中铁,False,False
20:15:57,601398,工商银行,False,False
20:16:02,601500,通用股份,False,False
20:16:07,601512,中新集团,False,True
20:16:11,601518,吉林高速,False,False
20:16:12,601519,大智慧,False,True
20:16:16,601528,瑞丰银行,False,True
20:16:21,601555,东吴证券,False,False
20:16:23,601567,三星电气,False,True
20:16:26,601568,北元化工,False,False
20:16:34,601588,北辰实业,False,False
20:16:36,601595,上海电影,False,True
20:16:39,601599,浙文影业,False,True
20:16:45,601600,中国铝业,False,True
20:16:48,601601,中国太保,False,False
20:16:51,601607,上海医药,False,False
20:16:53,601608,中信重工,False,True
20:17:01,601615,明阳智能,False,True
20:17:03,601616,广电电气,False,True
20:17:06,601618,中国中冶,False,True
20:17:15,601636,旗滨集团,False,False
20:17:18,601658,邮储银行,False,False
20:17:20,601665,齐鲁银行,False,False
20:17:25,601668,中国建筑,False,False
20:17:28,601669,中国电建,False,True
20:17:34,601686,友发集团,False,False
20:17:34,601678,滨化股份,False,False
20:17:39,601688,华泰证券,True,False
20:17:46,601699,潞安环能,False,False
20:17:51,601717,中创智领,False,True
20:17:53,601728,中国电信,False,False
20:18:00,601766,中国中车,False,True
20:18:01,601777,千里科技,False,False
20:18:05,601778,晶科科技,False,True
20:18:08,601788,光大证券,False,False
20:18:09,601789,宁波建工,False,True
20:18:12,601798,蓝科高新,False,True
20:18:19,601800,中国交建,False,False
20:18:22,601808,中海油服,False,True
20:18:23,601801,皖新传媒,False,False
20:18:32,601818,光大银行,False,False
20:18:35,601825,沪农商行,False,False
20:18:35,601827,三峰环境,False,False
20:18:37,601838,成都银行,False,False
20:18:48,601865,福莱特,False,True
20:18:49,601858,中国科传,False,False
20:18:51,601866,中远海发,False,False
20:18:51,601860,紫金银行,False,True
20:18:56,601868,中国能建,False,True
20:19:05,601878,浙商证券,False,True
20:19:05,601877,正泰电器,False,True
20:19:17,601888,中国中免,False,True
20:19:20,601886,江河集团,False,False
20:19:25,601898,中煤能源,False,False
20:19:28,601899,紫金矿业,False,False
20:19:34,601901,XD方正证,False,False
20:19:34,601908,京运通,False,True
20:19:47,601921,浙版传媒,False,False
20:19:47,601928,凤凰传媒,False,True
20:19:50,601929,吉视传媒,False,True
20:20:00,601949,中国出版,False,False
20:20:00,601952,苏垦农发,False,False
20:20:03,601956,东贝集团,False,True
20:20:05,601963,重庆银行,False,False
20:20:14,601968,宝钢包装,False,True
20:20:15,601969,海南矿业,False,True
20:20:18,601975,招商南油,False,False
20:20:24,601985,中国核电,False,False
20:20:25,601988,中国银行,False,False
20:20:28,601990,南京证券,False,True
20:20:32,601992,金隅集团,False,False
20:20:38,601996,丰林集团,False,False
20:20:43,601998,中信银行,False,False
20:20:44,601995,中金公司,True,False
20:20:45,601997,贵阳银行,False,False
20:20:47,601999,XD出版传,True,False
20:20:56,603001,奥康国际,False,False
20:20:57,603000,人民网,False,True
20:21:01,603004,鼎龙科技,False,False
20:21:01,603002,宏昌电子,False,False
20:21:01,603005,晶方科技,False,False
20:21:10,603006,联明股份,False,False
20:21:14,603009,北特科技,False,False
20:21:17,603011,合锻智能,False,False
20:21:17,603010,万盛股份,False,False
20:21:22,603013,亚普股份,False,True
20:21:29,603015,弘讯科技,False,False
20:21:32,603017,中衡设计,False,True
20:21:36,603018,华设集团,False,True
20:21:44,603023,威帝股份,False,True
20:21:57,603030,全筑股份,False,False
20:22:03,603032,德新科技,False,False
20:22:03,603031,安孚科技,False,False
20:22:05,603033,三维股份,False,False
20:22:10,603036,如通股份,False,True
20:22:16,603039,泛微网络,False,False
20:22:18,603040,新坐标,False,False
20:22:27,603041,美思德,False,False
20:22:28,603042,华脉科技,False,False
20:22:31,603048,浙江黎明,False,False
20:22:40,603049,中策橡胶,False,False
20:22:40,603051,鹿山新材,False,False
20:22:41,603050,科林电气,False,False
20:22:45,603052,可川科技,False,False
20:22:53,603057,紫燕食品,False,False
20:22:53,603058,永吉股份,False,True
20:22:58,603060,国检集团,False,False
20:23:05,603061,金海通,False,False
20:23:09,603066,音飞储存,False,False
20:23:12,603062,麦加芯彩,False,False
20:23:13,603063,禾望电气,False,False
20:23:15,603067,振华股份,False,False
20:23:25,603070,万控智造,False,False
20:23:25,603071,物产环能,False,False
20:23:28,603072,天和磁材,False,False
20:23:33,603075,热威股份,True,False
20:23:40,603080,新疆火炬,False,True
20:23:46,603082,北自科技,False,False
20:23:49,603083,剑桥科技,False,False
20:23:52,603087,甘李药业,False,True
20:24:01,603088,宁波精达,False,False
20:24:02,603090,宏盛股份,True,True
20:24:04,603091,众鑫股份,False,False
20:24:13,603095,越剑智能,False,True
20:24:14,603096,新经典,False,True
20:24:16,603099,长白山,False,False
20:39:28,603100,川仪股份,False,True
20:39:29,603101,汇嘉时代,False,False
20:39:29,603106,恒银科技,False,False
20:39:32,603103,横店影视,False,False
20:39:34,603105,芯能科技,False,True
20:39:46,603112,华翔股份,False,False
20:39:59,603118,共进股份,False,False
20:40:00,603116,红蜻蜓,False,False
20:40:05,603120,肯特催化,False,False
20:40:14,603123,翠微股份,False,True
20:40:16,603124,江南新材,True,False
20:40:26,603128,华贸物流,False,False
20:40:30,603129,春风动力,False,False
20:40:30,603130,云中马,False,False
20:40:37,603132,金徽股份,False,False
20:40:42,603137,恒尚节能,False,False
20:40:45,603138,海量数据,False,True
20:40:51,603139,康惠股份,False,False
20:40:57,603151,邦基科技,False,False
20:41:05,603159,上海亚虹,False,False
20:41:08,603161,科华控股,False,False
20:41:17,603165,荣晟环保,False,False
20:41:17,603166,福达股份,True,True
20:41:23,603168,莎普爱思,False,True
20:41:23,603167,渤海轮渡,False,False
20:41:29,603169,兰石重装,False,True
20:41:33,603170,宝立食品,False,False
20:41:35,603171,税友股份,False,True
20:41:42,603175,超颖电子,False,False
20:41:47,603176,汇通集团,False,False
20:41:49,603178,圣龙股份,False,False
20:41:51,603177,德创环保,False,False
20:41:58,603180,金牌家居,False,True
20:42:02,603183,建研院,False,False
20:42:03,603182,嘉华股份,False,False
20:42:15,603188,亚邦股份,False,True
20:42:15,603187,海容冷链,False,True
20:42:18,603192,汇得科技,False,True
20:42:19,603191,望变电气,False,False
20:42:20,603190,亚通精工,False,False
20:42:27,603194,中力股份,False,False
20:42:34,603196,璞源材料,False,True
20:42:38,603197,保隆科技,False,False
20:42:39,603198,迎驾贡酒,False,False
20:42:42,603200,上海洗霸,False,True
20:42:50,603202,天有为,False,False
20:42:52,603203,快克智能,True,False
20:42:55,603206,嘉环科技,False,False
20:43:00,603207,小方制药,False,False
20:43:04,603209,兴通股份,False,True
20:43:05,603210,泰鸿万立,False,False
20:43:11,603212,赛伍技术,False,False
20:43:14,603213,镇洋发展,False,False
20:43:23,603217,元利科技,False,False
20:43:34,603222,济民健康,False,False
20:43:38,603223,恒通股份,False,False
20:43:42,603227,雪峰科技,False,False
20:43:43,603226,菲林格尔,False,False
20:43:49,603228,景旺电子,False,False
20:43:52,603230,内蒙新华,False,True
20:43:58,603232,格尔软件,False,True
20:44:10,603238,诺邦股份,False,True
20:44:11,603239,浙江仙通,False,True
20:44:20,603255,鼎际得,False,False
20:44:25,603258,电魂网络,False,False
20:44:28,603260,合盛硅业,False,True
20:44:28,603259,药明康德,False,False
20:44:33,603261,立航科技,False,False
20:44:34,603262,技源集团,False,False
20:44:39,603266,天龙股份,False,False
20:44:47,603269,海鸥股份,False,False
20:44:47,603270,金帝股份,True,False
20:45:00,603277,银都股份,False,True
20:45:01,603276,恒兴新材,False,False
20:45:02,603280,南方路机,False,True
20:45:13,603281,江瀚新材,True,False
20:45:14,603283,赛腾股份,True,False
20:45:15,603284,林平发展,False,False
20:45:26,603289,泰瑞机器,False,False
20:45:27,603291,联合水务,False,False
20:45:28,603293,埃泰克,False,False
20:45:40,603297,永新光学,True,False
20:45:42,603300,海南华铁,False,False
20:45:44,603298,杭叉集团,False,False
20:45:45,603299,苏盐井神,False,True
20:45:56,603305,旭升集团,False,True
20:45:58,603307,扬州金泉,False,False
20:46:01,603306,华懋科技,True,False
20:46:01,603309,维力医疗,False,True
20:46:08,603311,金海高科,False,False
20:46:12,603312,西典新能,False,False
20:46:14,603313,梦百合,False,True
20:46:17,603316,诚邦股份,True,False
20:46:24,603317,天味食品,False,False
20:46:25,603320,迪贝电气,True,False
20:46:26,603322,超讯科技,False,True
20:46:30,603323,苏农银行,False,True
20:46:37,603324,盛剑科技,False,False
20:46:41,603325,博隆技术,False,False
20:46:41,603327,福蓉科技,False,False
20:46:42,603326,我乐家居,False,True
20:46:46,603328,依顿电子,True,False
20:46:54,603331,百达精工,False,False
20:46:57,603334,丰倍生物,False,False
20:47:05,603335,迪生力,False,False
20:47:06,603337,杰克科技,False,True
20:47:07,603336,宏辉果蔬,False,False
20:47:19,603348,文灿股份,False,True
20:47:32,603356,华菱精工,False,False
20:47:41,603357,设计总院,False,True
20:47:47,603363,傲农生物,False,True
20:47:56,603370,华新精科,False,False
20:47:58,603367,辰欣药业,False,False
20:47:59,603373,安邦护卫,True,False
20:48:07,603375,盛景微,True,False
20:48:12,603381,永臻股份,False,False
20:48:13,603380,易德龙,False,False
20:48:21,603386,骏亚科技,True,False
20:48:24,603387,基蛋生物,False,False
20:48:28,603391,力聚热能,False,False
20:48:34,603393,新天然气,False,True
20:48:37,603396,金辰股份,False,True
20:48:38,603395,红四方,False,False
20:48:44,603399,永杉锂业,False,False
20:48:45,603400,华之杰,False,False
20:48:50,603409,汇通控股,True,False
20:48:57,603418,友升股份,False,False
20:48:57,603416,信捷电气,False,True
20:49:11,603458,勘设股份,True,False
20:49:11,603459,红板科技,False,False
20:49:13,603466,风语筑,True,False
20:49:14,603468,津富士达,False,False
20:49:24,603488,展鹏科技,False,False
20:49:26,603489,八方股份,False,False
20:49:26,603496,恒为科技,False,False
20:49:33,603499,翔港科技,False,True
20:49:37,603500,祥和实业,True,False
20:49:41,603501,豪威集团,True,True
20:49:46,603505,金石资源,False,False
20:49:50,603508,思维列控,False,True
20:49:54,603511,爱慕股份,False,True
20:49:57,603516,淳中科技,False,True
20:50:06,603527,众源新材,True,False
20:50:10,603528,多伦科技,False,True
20:50:13,603533,掌阅科技,False,True
20:50:20,603536,惠发食品,False,True
20:50:25,603538,美诺华,False,False
20:50:27,603558,健盛集团,False,False
20:50:27,603559,中通国脉,False,False
20:54:17,603567,珍宝岛,False,False
20:54:19,603568,伟明环保,False,False
20:54:43,603586,金麒麟,False,True
20:54:44,603587,地素时尚,False,False
20:54:48,603588,高能环境,False,False
20:54:55,603596,伯特利,False,False
20:55:02,603601,再升科技,False,True
20:55:10,603609,禾丰股份,False,False
20:55:16,603610,麒盛科技,False,False
20:55:21,603612,索通发展,False,True
20:55:21,603613,国联股份,False,True
20:55:25,603615,茶花股份,False,False
20:55:32,603617,君禾股份,False,False
20:55:33,603616,韩建河山,False,False
20:55:35,603619,中曼石油,False,True
20:55:38,603626,科森科技,True,False
20:55:45,603630,拉芳家化,False,False
20:55:52,603636,南威软件,False,True
20:55:53,603637,镇海股份,True,False
20:55:57,603638,艾迪精密,True,False
20:55:59,603639,海利尔,False,False
20:56:05,603655,朗博科技,False,True
20:56:08,603656,泰禾智能,False,True
20:56:12,603659,璞泰来,False,False
20:56:18,603661,恒林股份,True,False
20:56:21,603662,柯力传感,True,False
20:56:23,603665,康隆达,False,True
20:56:26,603666,亿嘉和,False,False
20:56:33,603669,灵康药业,False,False
20:56:35,603676,卫信康,False,True
20:56:41,603679,华体科技,False,False
20:56:45,603681,永冠新材,True,False
20:56:48,603683,晶华新材,True,False
20:56:53,603685,晨丰科技,False,False
20:56:54,603686,福龙马,False,True
20:56:59,603688,石英股份,False,False
20:57:02,603689,皖天然气,False,False
20:57:07,603690,至纯科技,False,True
20:57:11,603693,江苏新能,False,True
20:57:11,603696,安记食品,False,True
21:12:20,603699,纽威股份,False,False
21:12:24,603700,宁水集团,False,False
21:12:26,603701,德宏股份,False,False
21:12:29,603706,东方环宇,False,False
21:12:53,603721,中广天择,False,False
21:12:54,603722,阿科力,False,False
21:13:02,603727,博迈科,False,False
21:13:06,603730,岱美股份,True,False
21:13:15,603739,蔚蓝生物,False,True
21:13:17,603757,大元泵业,False,False
21:13:27,603767,中马传动,False,True
21:13:31,603768,常青股份,False,False
21:13:31,603776,永安行,True,False
21:13:34,603777,来伊份,False,False
21:13:37,603778,国晟科技,False,True
21:13:47,603788,宁波高发,False,False
21:13:51,603790,雅运股份,False,False
21:13:59,603800,洪田股份,False,False
21:14:06,603803,瑞斯康达,False,False
21:14:06,603801,志邦家居,False,True
21:14:09,603806,福斯特,False,False
21:14:18,603815,交建股份,False,False
21:14:21,603816,顾家家居,False,True
21:14:28,603818,曲美家居,False,False
21:14:31,603823,百合花,False,False
21:14:36,603829,洛凯股份,False,True
21:14:37,603826,坤彩科技,False,False
21:14:42,603836,海程邦达,False,False
21:14:44,603839,安正时尚,False,True
21:14:52,603858,步长制药,False,False
21:14:57,603860,中公高科,False,False
21:15:04,603866,桃李面包,False,True
21:15:09,603868,飞科电器,False,False
21:15:15,603871,嘉友国际,False,False
21:15:17,603878,武进不锈,False,True
21:15:25,603881,数据港,False,False
21:15:28,603882,金域医学,False,True
21:15:32,603883,老百姓,False,False
21:15:38,603887,城地香江,False,True
21:15:41,603889,新澳股份,False,False
21:15:47,603888,新华网,False,True
21:15:49,603895,天永智能,False,False
21:15:55,603897,长城科技,True,False
21:15:56,603896,寿仙谷,False,True
21:16:02,603900,莱绅通灵,False,True
21:16:09,603908,牧高笛,False,True
21:16:10,603906,龙蟠科技,True,False
21:16:16,603912,佳力图,False,False
21:16:20,603915,国茂股份,False,True
21:16:24,603916,苏博特,False,False
21:16:24,603917,合力科技,False,True
21:16:29,603918,金桥信息,False,False
21:16:35,603919,金徽酒,False,False
21:16:36,603920,世运电路,False,True
21:16:44,603928,兴业股份,False,False
21:16:57,603937,丽岛新材,False,False
21:17:00,603948,建业股份,True,False
21:17:00,603938,三孚股份,False,False
21:17:00,603949,雪龙集团,False,False
21:17:10,603955,大千生态,False,True
21:17:13,603960,克来机电,False,False
21:17:23,603968,醋化股份,False,True
21:32:25,603970,中农立华,False,True
21:32:47,603986,兆易创新,False,False
21:32:59,603991,领先股份,False,False
21:33:07,603997,继峰股份,False,False
21:33:12,603999,读者传媒,False,True
21:33:12,605001,威奥股份,False,True
21:33:25,605008,长鸿高科,False,True
21:33:25,605007,五洲特纸,False,False
21:48:35,605016,百龙创园,False,False
21:48:53,605058,澳弘电子,False,False
21:49:00,605068,明新旭腾,False,True
21:49:05,605077,华康股份,False,False
21:49:06,605066,天正电气,False,False
21:49:11,605080,浙江自然,False,False
21:49:14,605086,龙高股份,False,False
21:49:23,605090,九丰能源,False,True
21:49:23,605089,味知香,False,True
21:49:26,605100,华丰股份,False,False
21:49:30,605098,行动教育,False,False
21:49:42,605118,力鼎光电,False,True
21:49:50,605136,丽人丽妆,False,True
21:49:58,605138,盛泰集团,False,False
21:50:01,605155,西大门,False,False
21:50:06,605162,新中港,False,False
21:50:12,605169,洪通燃气,False,True
21:50:18,605177,东亚药业,False,False
21:50:21,605178,时空科技,True,False
21:50:23,605180,华生科技,False,True
21:50:26,605183,确成股份,False,True
21:50:31,605186,健麾信息,True,False
21:50:39,605208,永茂泰,True,False
21:50:43,605218,伟时电子,True,True
21:50:52,605259,绿田机械,False,True
21:50:56,605266,健之佳,False,False
21:50:57,605268,王力安防,False,True
21:51:01,605286,同力天启,False,True
21:51:10,605289,罗曼股份,True,False
21:51:10,605296,神农集团,False,False
21:51:17,605298,必得科技,False,False
21:51:18,605299,舒华体育,False,False
21:51:23,605303,园林股份,False,False
21:51:24,605300,佳禾食品,False,False
21:51:25,605305,中际联合,True,False
21:51:32,605318,法狮龙,False,False
21:51:35,605319,无锡振华,False,False
21:51:38,605338,巴比食品,False,True
21:51:45,605365,立达信,False,True
21:51:50,605377,华旺科技,False,False
21:52:00,605378,野马电池,False,True
21:52:00,605388,均瑶健康,False,True
21:52:02,605398,新炬网络,False,True
21:52:04,605399,晨光新材,True,False
21:52:11,605488,福莱新材,False,True
21:52:16,605555,德昌股份,False,False
21:52:18,605507,国邦医药,False,True
21:52:25,605566,福莱蒽特,True,False
21:52:25,605567,春雪食品,False,False
21:52:29,605580,恒盛能源,True,False
21:52:33,605588,冠石科技,False,False
21:52:39,605589,圣泉集团,False,False
21:52:40,605599,菜百股份,False,False
21:52:43,605598,上海港湾,True,True
21:52:53,300001,特锐德,False,False
21:52:54,300004,南风股份,False,True
21:52:58,300002,神州泰岳,False,False
21:53:07,300005,探路者,True,False
21:53:08,300003,乐普医疗,False,False
21:53:17,300007,汉威科技,False,True
21:53:18,300006,莱美药业,False,False
21:53:42,300022,吉峰科技,False,False
21:53:43,300018,中元股份,False,False
21:53:43,300017,网宿科技,False,False
21:54:02,300024,机器人,True,True
21:54:05,300026,红日药业,False,True
21:54:09,300031,宝通科技,False,False
21:54:19,300033,同花顺,False,False
21:54:26,300040,九洲集团,False,False
22:03:21,300037,新宙邦,True,False
22:03:31,300042,朗科科技,False,False
22:03:52,300056,中创环保,False,False
22:03:58,300057,万顺新材,False,False
22:04:03,300062,中能电气,False,True
22:04:03,300058,蓝色光标,False,False
22:04:05,300059,东方财富,False,False
22:04:09,300063,天龙集团,False,False
22:04:11,300061,旗天科技,False,False
22:04:20,300071,福石控股,False,False
22:04:24,300066,三川智慧,False,True
22:04:25,300067,安诺其,False,False
22:04:25,300070,碧水源,False,False
22:04:31,300072,海新能科,False,True
22:04:34,300074,华平股份,False,True
22:04:39,300073,当升科技,False,True
22:04:42,300078,思创智联,False,True
22:04:44,300075,数字政通,False,True
22:04:45,300077,国民技术,False,False
22:04:56,300079,数码视讯,False,True
22:04:56,300084,海默科技,False,False
22:05:01,300082,奥克股份,False,True
22:05:02,300080,易成新能,False,True
22:05:04,300083,创世纪,False,False
22:05:08,300086,康芝药业,False,True
22:05:15,300092,科新机电,False,True
22:05:17,300093,金刚光伏,False,False
22:05:17,300085,银之杰,False,False
22:05:20,300088,长信科技,False,False
22:05:20,300094,国联水产,False,True
22:05:29,300097,智云股份,False,False
22:05:38,300098,高新兴,False,True
22:05:39,300099,尤洛卡,False,True
22:05:41,300100,双林股份,True,True
22:05:48,300105,龙源技术,False,False
22:05:49,300102,乾照光电,True,True
22:05:50,300103,达刚控股,False,False
22:05:50,300106,西部牧业,False,False
22:05:53,300107,建新股份,False,True
22:06:00,300112,万讯自控,False,True
22:06:02,300110,华仁药业,False,True
22:06:02,300111,向日葵,False,True
22:06:09,300109,新开源,False,False
22:06:15,300119,瑞普生物,False,True
22:06:15,300113,顺网科技,False,True
22:06:16,300120,经纬辉开,False,False
22:06:20,300121,阳谷华泰,False,True
22:06:21,300118,东方日升,False,True
22:06:29,300125,聆达股份,False,False
22:06:31,300126,锐奇股份,False,True
22:06:32,300127,银河磁体,True,True
22:06:37,300124,汇川技术,False,False
22:06:38,300122,智飞生物,False,True
22:06:51,300132,诺斯贝尔,False,False
22:06:51,300128,锦富技术,False,True
22:06:52,300129,泰胜风能,False,True
22:06:52,300130,新国都,False,True
22:07:01,300131,英唐智控,True,False
22:07:02,300135,宝利国际,False,True
22:07:12,300134,大富科技,False,True
22:07:13,300136,信维通信,True,False
22:07:13,300138,晨光生物,False,False
22:07:13,300137,先河环保,True,False
22:07:14,300133,华策影视,False,False
22:07:23,300140,节能环境,False,True
22:07:24,300141,和顺电气,False,True
22:07:35,300143,盈康生命,False,True
22:07:35,300139,晓程科技,False,True
22:07:36,300142,沃森生物,False,False
22:07:43,300144,宋城演艺,False,True
22:07:44,300145,南方泵业,True,True
22:07:48,300148,天舟文化,False,True
22:07:54,300150,世纪瑞尔,False,True
22:07:57,300146,汤臣倍健,False,True
22:08:01,300154,瑞凌股份,False,True
22:08:02,300157,新锦动力,False,True
22:08:05,300151,昌红科技,False,False
22:08:13,300160,秀强股份,False,False
22:08:14,300158,振东制药,False,True
22:08:14,300161,华中数控,False,False
22:08:15,300162,雷曼光电,False,False
22:08:21,300163,先锋新材,False,False
22:08:26,300169,天晟新材,False,False
22:08:35,300166,东方国信,True,False
22:08:36,300168,万达信息,False,False
22:08:37,300172,中电环保,False,False
22:08:44,300170,汉得信息,False,True
22:08:45,300171,东富龙,False,True
22:08:47,300176,鸿特科技,False,True
22:08:48,300175,朗源股份,False,False
22:08:55,300174,元力股份,True,False
22:09:06,300180,华峰超纤,False,True
22:09:08,300181,佐力药业,False,False
22:09:09,300182,捷成股份,False,False
22:09:15,300183,东软载波,False,True
22:09:17,300184,力源信息,True,False
22:09:18,300187,永清环保,False,False
22:09:29,300192,科德教育,False,False
22:09:30,300190,维尔利,False,False
22:09:30,300188,国投智能,False,False
22:09:35,300189,神农种业,False,True
22:09:39,300191,潜能恒信,False,False
22:09:39,300193,佳士科技,False,False
22:09:42,300195,长荣股份,False,True
22:09:46,300196,长海股份,True,False
22:09:51,300194,福安药业,False,True
22:09:58,300200,高盟新材,False,False
22:10:00,300199,翰宇药业,False,False
22:10:01,300197,节能铁汉,False,False
22:10:05,300201,海伦哲,False,False
22:10:10,300206,理邦仪器,False,False
22:10:15,300209,行云科技,False,False
22:10:15,300210,森远股份,False,False
22:10:21,300204,舒泰神,False,False
22:10:21,300213,佳讯飞鸿,False,True
22:10:25,300215,电科院,False,False
22:10:26,300218,安利股份,False,True
22:10:31,300220,金运激光,False,False
22:10:38,300221,银禧科技,True,False
22:10:38,300217,东方电热,False,True
22:10:44,300219,鸿利智汇,False,False
22:10:45,300222,科大智能,True,False
22:10:52,300225,金力泰,False,False
22:10:52,300223,君正股份,False,False
22:10:56,300227,光韵达,False,False
22:11:02,300224,正海磁材,False,True
22:11:04,300228,富瑞特装,False,True
22:11:07,300226,上海钢联,False,True
22:11:07,300230,永利股份,False,False
22:11:13,300229,拓尔思,False,True
22:11:17,300234,开尔新材,False,False
22:11:24,300235,方直科技,False,False
22:11:25,300232,洲明科技,False,True
22:11:27,300233,金城医药,False,False
22:11:28,300238,冠昊生物,False,True
22:11:34,300239,东宝生物,False,False
22:11:34,300236,上海新阳,True,False
22:11:37,300240,飞力达,False,True
22:11:39,300242,佳云科技,False,False
22:11:40,300241,瑞丰光电,False,False
22:11:47,300247,融捷健康,False,True
22:11:50,300248,新开普,False,True
22:11:53,300250,初灵信息,False,True
22:11:55,300244,迪安诊断,False,False
22:11:59,300249,依米康,True,True
22:12:02,300252,金信诺,True,False
22:12:06,300254,仟源医药,False,False
22:12:08,300251,光线传媒,False,True
22:12:15,300253,卫宁健康,False,False
22:12:15,300256,星星科技,False,True
22:12:19,300255,常山药业,False,True
22:12:26,300257,开山股份,False,True
22:12:27,300259,新天科技,False,True
22:12:28,300258,精锻科技,True,True
22:12:40,300261,雅本化学,False,True
22:12:41,300260,新莱应材,False,False
22:12:47,300263,隆华科技,False,False
22:12:50,300265,通光线缆,True,False
22:12:58,300269,联建光电,False,True
22:13:00,300267,尔康制药,False,False
22:13:03,300270,中威电子,False,False
22:13:05,300272,开能健康,False,True
22:13:11,300275,梅安森,False,True
22:13:13,300271,华宇软件,False,True
22:13:18,300277,汽轮科技,True,True
22:13:19,300274,阳光电源,False,False
22:13:26,300276,三丰智能,False,True
22:13:26,300279,和晶科技,False,True
22:13:29,300283,温州宏丰,False,False
22:13:30,300278,华昌达,False,True
22:13:40,300286,安科瑞,False,True
22:13:41,300288,朗玛信息,False,True
22:13:46,300284,苏交科,False,True
22:13:46,300285,国瓷材料,False,False
22:13:51,300289,利德曼,False,False
22:13:51,300291,百纳千成,False,True
22:13:52,300287,飞利信,False,True
22:13:58,300292,吴通控股,True,False
22:14:00,300293,蓝英装备,False,False
22:14:10,300299,富春股份,False,False
22:14:11,300294,博雅生物,False,False
22:14:13,300296,利亚德,False,True
22:14:14,300298,三诺生物,False,False
22:14:21,300300,海峡创新,True,True
22:14:23,300304,云意电气,True,False
22:14:26,300305,裕兴股份,True,False
22:14:30,300302,同有科技,True,False
22:14:32,300303,聚飞光电,False,False
22:14:34,300306,远方信息,False,True
22:14:34,300307,慈星股份,False,False
22:14:42,300311,任子行,False,False
22:14:45,300314,戴维医疗,False,True
22:14:48,300308,中际旭创,False,False
22:14:53,300318,博晖创新,False,False
22:15:00,300321,同大股份,True,False
22:15:03,300315,掌趣科技,False,False
22:15:06,300319,麦捷科技,True,False
22:15:14,300322,硕贝德,False,True
22:15:17,300323,华灿光电,False,False
22:15:49,300324,旋极信息,False,True
22:15:52,300327,中颖电子,True,False
22:15:54,300328,宜安科技,False,False
22:15:58,300329,海伦钢琴,False,True
22:16:02,300334,津膜科技,True,False
22:16:05,300331,苏大维格,False,False
22:16:05,300335,迪森股份,False,True
22:16:10,300332,天壕能源,False,True
22:16:16,300340,科恒股份,False,False
22:16:16,300341,麦克奥迪,False,True
22:16:18,300337,银邦股份,False,True
22:16:21,300345,华民股份,True,True
22:16:22,300339,润和软件,False,True
22:31:35,300350,华鹏飞,False,False
22:31:37,300347,泰格医药,False,False
22:31:38,300346,南大光电,False,False
22:31:43,300348,长亮科技,False,False
22:31:45,300349,金卡智能,False,False
22:32:09,300359,全通教育,False,True
22:32:10,300365,恒华科技,False,True
22:32:23,300368,汇金股份,False,True
22:32:36,300380,安硕信息,False,False
22:32:45,300378,鼎捷数智,False,True
22:32:56,300383,光环新网,False,False
22:32:57,300387,富邦科技,False,True
22:32:58,300388,节能国祯,False,True
22:33:20,300395,菲利华,True,False
22:33:21,300400,劲拓股份,False,False
22:33:22,300397,天和防务,False,False
22:33:33,300402,宝色股份,False,True
22:33:37,300405,科隆股份,False,False
22:33:41,300404,博济医药,False,False
22:33:47,300407,凯发电气,False,False
22:33:48,300403,汉宇集团,False,True
22:33:54,300410,正业科技,False,False
22:34:00,300411,金盾股份,False,True
22:34:00,300408,三环集团,False,False
22:34:01,300412,迦南科技,False,False
22:34:09,300414,中光防雷,False,False
22:34:23,300416,苏试试验,False,False
22:34:23,300420,五洋自控,False,False
22:34:23,300415,伊之密,False,True
22:34:25,300418,昆仑万维,False,False
22:34:36,300422,博世科,False,True
22:47:56,300424,航新科技,False,False
22:47:58,300426,华智数媒,False,False
22:48:21,300437,清水源,False,True
22:48:31,300444,双杰电气,False,False
22:48:31,300445,康斯特,False,False
22:48:39,300442,润泽科技,False,False
22:48:41,300448,浩云科技,False,True
22:48:42,300449,汉邦高科,False,True
22:48:46,300447,全信股份,False,True
22:48:52,300452,山河药辅,False,True
22:48:52,300453,三鑫医疗,False,False
22:48:58,300451,创业慧康,False,False
22:49:06,300454,深信服,False,True
22:49:12,300456,赛微电子,True,True
22:49:12,300457,赢合科技,False,False
22:49:17,300461,田中精机,False,False
22:49:20,300458,全志科技,True,False
22:49:23,300464,星徽股份,False,False
22:49:23,300466,赛摩智能,False,True
22:49:27,300467,迅游科技,False,False
22:49:34,300470,中密控股,False,True
22:49:38,300473,德尔股份,True,False
22:49:40,300468,四方精创,False,True
22:49:44,300471,厚普股份,False,True
22:49:51,300478,杭州高新,False,False
22:49:55,300480,光力科技,False,False
22:49:55,300475,香农芯创,True,False
22:49:58,300476,胜宏科技,True,False
22:50:07,300483,首华燃气,False,False
22:50:07,300484,蓝海华腾,False,True
22:50:08,300485,赛升药业,False,False
22:50:12,300481,濮阳惠成,False,False
22:50:19,300488,恒锋工具,True,False
22:50:19,300489,光智科技,True,False
22:50:22,300490,华自科技,False,True
22:50:27,300487,蓝晓科技,False,False
22:50:33,300494,盛天网络,False,True
22:50:39,300493,润欣科技,False,True
22:50:50,300501,海顺新材,True,False
22:50:50,300496,中科创达,False,False
22:50:54,300499,高澜股份,False,False
22:51:00,300504,天邑股份,False,False
22:51:02,300502,新易盛,True,False
22:51:02,300506,名家汇,False,False
22:51:11,300508,维宏股份,True,False
22:51:13,300507,苏奥传感,False,True
22:51:14,300510,金冠股份,False,True
22:51:15,300511,雪榕生物,False,True
22:51:22,300512,中亚股份,False,True
22:51:24,300514,友讯达,False,False
22:51:25,300515,三德科技,False,True
22:51:27,300516,久之洋,False,False
22:51:32,300517,海波重科,False,False
22:51:34,300519,新光药业,False,False
22:51:38,300521,爱司凯,False,False
22:51:43,300522,世名科技,True,False
22:51:45,300520,科大国创,False,True
22:51:50,300528,幸福蓝海,False,True
22:51:54,300525,博思软件,False,False
22:51:57,300531,优博讯,False,False
22:52:03,300529,健帆生物,False,False
22:52:05,300533,冰川网络,False,True
22:52:09,300535,达威股份,False,True
22:52:13,300536,农尚环境,False,False
22:52:14,300537,广信材料,True,False
22:52:15,300538,同益股份,False,False
22:52:21,300541,先进数通,False,True
22:52:25,300543,朗科智能,False,True
22:52:25,300542,新晨科技,False,True
22:52:26,300545,联得装备,False,False
22:52:32,300547,川环科技,True,False
22:52:37,300550,和仁科技,False,False
22:52:38,300549,优德精密,False,False
22:52:44,300552,万集科技,False,True
22:52:46,300548,长芯博创,True,False
22:52:47,300553,集智股份,True,False
22:52:52,300554,三超新材,False,False
22:52:55,300557,理工光科,False,False
22:52:58,300559,佳发教育,False,False
22:53:04,300561,汇金科技,False,False
22:53:06,300558,贝达药业,False,False
22:53:16,300565,科信技术,False,False
22:53:20,300563,神宇股份,False,False
22:53:25,300566,激智科技,True,False
22:53:27,300567,精测电子,True,False
22:53:36,300572,安车检测,False,False
22:53:38,300569,天能重工,False,True
22:53:40,300570,太辰光,False,False
22:53:47,300573,兴齐眼药,False,True
22:53:49,300577,开润股份,False,False
22:53:51,300578,会畅科技,False,False
22:53:57,300576,容大感光,True,False
22:53:59,300580,贝斯特,False,False
22:54:01,300582,英飞特,False,True
22:54:07,300583,赛托生物,False,False
22:54:10,300585,奥联电子,False,False
22:54:12,300581,晨曦航空,False,True
22:54:22,300586,美联新材,False,False
22:54:27,300587,天铁科技,False,True
22:54:43,300595,欧普康视,False,False
22:54:45,300600,国瑞科技,False,True
22:54:47,300598,诚迈科技,False,True
22:54:54,300603,立昂技术,False,False
22:54:55,300601,康泰生物,False,False
22:54:57,300605,恒锋信息,False,True
22:55:04,300606,金太阳,False,False
22:55:07,300604,长川科技,False,False
22:55:07,300608,思特奇,False,False
22:55:08,300609,汇纳科技,False,False
22:55:15,300610,晨化股份,False,True
22:55:19,300614,百川畅银,False,True
22:55:19,300612,宣亚国际,False,True
22:55:26,300615,欣天科技,False,False
22:55:29,300617,安靠智电,False,False
22:55:31,300619,金银河,False,True
22:55:39,300618,寒锐钴业,False,True
22:55:40,300622,博士眼镜,False,True
22:55:47,300620,光库科技,False,False
22:55:51,300626,华瑞股份,False,False
22:55:51,300625,三雄极光,False,True
22:55:52,300623,捷捷微电,False,False
22:56:03,300631,久吾高科,False,True
22:56:04,300632,光莆股份,False,False
22:56:08,300627,华测导航,False,True
22:56:12,300629,新劲刚,False,False
22:56:16,300635,中达安,False,False
22:56:19,300636,同和药业,False,False
22:56:24,300634,彩讯股份,False,True
22:56:29,300639,凯普生物,False,False
22:56:29,300640,德艺文创,False,False
22:56:33,300638,广和通,False,True
22:56:36,300642,透景生命,False,True
22:56:40,300644,南京聚隆,False,True
22:56:41,300643,万通智控,False,False
22:56:44,300645,正元智慧,False,True
22:56:51,300649,杭州园林,False,False
22:56:53,300650,太龙股份,False,True
22:56:54,300651,金陵体育,False,False
22:56:57,300648,星云股份,False,True
22:57:01,300653,正海生物,False,True
22:57:05,300654,世纪天鸿,False,False
22:57:12,300658,延江股份,False,True
22:57:14,300655,晶瑞电材,False,True
22:57:18,300657,弘信电子,True,False
22:57:24,300662,科锐国际,False,True
22:57:30,300664,鹏鹞环保,False,True
22:57:33,300661,圣邦股份,False,False
22:57:39,300663,科蓝软件,False,False
22:57:42,300668,杰恩股份,True,False
22:57:44,300669,沪宁股份,False,False
22:57:45,300666,江丰电子,True,False
22:57:52,300670,大烨智能,False,False
22:57:55,300673,佩蒂股份,False,False
22:58:03,300672,国科微,True,False
22:58:07,300674,宇信科技,False,True
22:58:14,300676,华大基因,False,False
22:58:15,300677,英科医疗,False,False
22:58:18,300680,隆盛科技,False,True
22:58:24,300678,中科信息,False,True
22:58:25,300683,海特生物,False,True
22:58:36,300686,智动力,False,False
22:58:39,300684,中石科技,True,False
22:58:55,300690,双一科技,False,True
22:58:57,300691,联合光电,False,False
22:58:58,300694,蠡湖股份,False,False
22:58:59,300693,盛弘股份,True,False
22:59:10,300697,电工合金,False,False
22:59:10,300698,万马科技,False,True
22:59:16,300696,爱乐达,False,True
22:59:20,300700,岱勒新材,True,False
22:59:20,300701,森霸传感,False,True
22:59:20,300702,天宇股份,False,True
22:59:26,300705,九典制药,False,False
22:59:30,300706,阿石创,True,False
22:59:31,300708,聚灿光电,False,True
22:59:31,300707,威唐工业,False,True
22:59:37,300710,万隆光电,False,False
22:59:41,300711,广哈通信,False,True
22:59:41,300713,英可瑞,False,False
22:59:47,300717,华信新材,False,False
22:59:52,300712,永福股份,False,True
22:59:54,300719,安达维尔,False,True
23:00:03,300720,海川智能,False,False
23:00:10,300722,新余国科,False,True
23:00:15,300724,捷佳伟创,False,True
23:00:23,300730,科创信息,False,False
23:00:25,300726,宏达电子,False,False
23:00:28,300732,设研院,False,False
23:00:29,300731,科创新源,True,False
23:00:37,300736,百邦科技,False,False
23:01:19,300735,光弘科技,False,False
23:01:23,300737,科顺股份,False,False
23:01:26,300739,明阳电路,False,False
23:01:49,300748,金力永磁,False,True
23:01:56,300751,迈为股份,True,False
23:02:07,300758,七彩化学,False,True
23:02:12,300757,罗博特科,False,False
23:02:19,300760,迈瑞医疗,False,False
23:02:19,300759,康龙化成,False,False
23:02:32,300763,锦浪科技,False,True
23:02:34,300766,每日互动,False,True
23:02:41,300767,震安科技,False,False
23:02:47,300771,智莱科技,False,False
23:02:56,300772,运达股份,False,True
23:03:03,300774,倍杰特,False,True
23:03:09,300777,中简科技,False,True
23:03:15,300780,德恩精工,False,False
23:03:19,300781,因赛集团,False,True
23:03:27,300782,卓胜微,False,False
23:03:28,300786,国林科技,False,False
23:03:32,300787,海能实业,False,True
23:03:35,300789,唐源电气,False,False
23:03:39,300791,仙乐健康,False,False
23:03:45,300793,佳禾智能,False,True
23:03:49,300796,贝斯美,False,True
23:03:52,300798,锦鸡股份,False,False
23:03:54,300800,力合科技,False,True
23:04:04,300804,广康生化,False,False
23:04:08,300805,电声股份,False,True
23:04:10,300803,指南针,False,True
23:04:18,300808,久量股份,True,True
23:04:20,300809,华辰装备,True,True
23:04:22,300810,中科海讯,False,False
23:04:34,300817,双飞集团,False,False
23:05:37,300818,耐普矿机,False,False
23:05:37,300814,中富电路,True,False
23:05:41,300819,聚杰微纤,False,False
23:05:42,300822,贝仕达克,False,False
23:06:00,300828,锐新科技,False,False
23:06:01,300829,金丹科技,False,False
23:06:07,300833,浩洋股份,False,False
23:06:13,300832,新产业,False,False
23:06:14,300836,佰奥智能,True,False
23:06:20,300837,浙矿股份,False,True
23:06:24,300834,星辉环材,False,False
23:06:26,300839,博汇股份,False,True
23:06:44,300843,胜蓝股份,False,False
23:06:48,300848,美瑞新材,False,False
23:06:49,300849,锦盛新材,False,False
23:06:57,300851,交大思诺,False,True
23:07:01,300853,申昊科技,True,False
23:07:02,300854,中兰环保,False,False
23:07:05,300850,新强联,False,True
23:07:18,300859,西域旅游,False,True
23:07:20,300856,科思股份,False,False
23:07:23,300857,协创数据,False,False
23:07:30,300862,蓝盾光电,False,False
23:07:33,300865,大宏立,False,False
23:07:46,300866,安克创新,False,False
23:07:47,300867,圣元环保,False,True
23:07:55,300869,康泰医学,False,True
23:07:55,300870,欧陆通,True,False
23:08:07,300877,金春股份,True,False
23:08:07,300876,蒙泰高新,False,False
23:08:08,300872,天阳科技,True,False
23:08:10,300878,维康药业,False,False
23:08:20,300880,迦南智能,True,False
23:08:22,300883,龙利得,False,False
23:11:26,300890,翔丰华,False,False
23:11:28,300887,谱尼测试,False,True
23:11:29,300891,惠云钛业,False,True
23:11:41,300897,山科智能,False,True
23:11:53,300899,上海凯鑫,False,False
23:12:05,300903,科翔股份,True,False
23:12:06,300907,康平科技,False,False
23:12:18,300915,海融科技,False,False
23:12:33,300913,兆龙互连,True,False
23:12:43,300920,润阳科技,True,False
23:12:45,300921,南凌科技,False,False
23:12:59,300925,法本信息,False,True
23:13:00,300929,华骐环保,False,False
23:13:07,300926,博俊科技,False,True
23:13:12,300932,三友联众,False,False
23:13:14,300933,中辰股份,False,True
23:13:24,300937,药易购,False,True
23:13:25,300939,秋田微,False,False
23:13:35,300942,易瑞生物,False,False
23:28:51,300943,春晖智控,True,False
23:28:53,300945,曼卡龙,False,False
23:29:06,300956,英力股份,False,True
23:29:19,300961,深水海纳,False,False
23:29:33,300965,恒宇信通,False,True
23:29:35,300964,本川智能,False,False
23:29:56,300972,万辰集团,False,False
23:30:08,300978,东箭科技,False,True
23:30:14,300982,苏文电能,False,True
23:30:15,300981,中红医疗,False,True
23:30:21,300985,致远新能,True,False
23:30:28,300989,蕾奥规划,False,True
23:30:32,300988,津荣天宇,False,False
23:30:35,300992,泰福泵业,False,True
23:30:41,300993,玉马科技,False,True
23:30:45,300996,普联软件,False,False
23:30:54,300998,宁波方正,False,False
23:30:57,301001,凯淳股份,False,False
23:31:09,301010,晶雪节能,False,True
23:31:09,301009,可靠股份,False,True
23:31:18,301004,嘉益股份,False,True
23:31:31,301013,利和兴,True,False
23:31:33,301015,百洋医药,False,False
23:47:08,301018,申菱环境,True,False
23:47:18,301021,英诺激光,False,False
23:47:52,301038,深水规院,False,True
23:48:02,301042,安联锐视,True,True
23:48:13,301047,义翘神州,False,False
23:48:22,301051,信濠光电,True,False
23:48:24,301056,森赫股份,False,True
23:48:34,301060,兰卫医学,False,False
23:48:46,301066,万事利,False,False
23:48:46,301061,匠心家居,False,True
23:49:07,301070,开勒股份,False,False
23:49:07,301071,力量钻石,True,False
23:49:27,301079,邵阳液压,False,False
23:49:49,301086,鸿富瀚,True,False
23:49:51,301087,可孚医疗,False,False
23:50:10,301095,广立微,True,False
23:50:13,301096,百诚医药,True,False
23:50:22,301103,何氏眼科,False,False
23:50:24,301105,鸿铭股份,False,False
23:50:35,301112,信邦智能,False,False
23:50:44,301110,青木科技,False,False
23:50:56,301117,佳缘科技,False,False
23:50:59,301121,紫建电子,False,False
23:51:07,301126,达嘉维康,False,False
23:51:19,301131,聚赛龙,False,False
23:51:20,301128,强瑞技术,True,False
23:51:30,301136,招标股份,False,False
23:51:41,301137,哈焊华通,False,False
23:51:52,301149,隆华新材,True,False
23:52:03,301159,三维天地,False,False
23:52:16,301166,优宁维,False,False
23:52:24,301165,锐捷网络,False,False
23:52:40,301171,易点天下,False,False
23:52:44,301175,中科环保,False,False
23:53:01,301180,万祥科技,False,False
23:53:07,301183,东田微,True,False
23:53:18,301192,泰祥股份,False,False
23:53:23,301189,奥尼电子,True,False
23:53:30,301197,工大科雅,True,False
23:53:34,301199,迈赫股份,False,False
23:53:51,301202,朗威股份,False,False
23:53:57,301205,联特科技,False,False
23:54:02,301212,联盛化学,False,False
23:54:24,301218,华是科技,False,False
23:54:25,301215,中汽股份,False,False
23:54:45,301225,恒勃股份,False,False
23:55:05,301235,华康洁净,True,False
23:55:09,301236,软通动力,False,False
23:55:28,301251,威尔高,False,False
23:55:41,301259,艾布鲁,False,False
23:55:50,301262,海看股份,False,False
23:56:02,301276,嘉曼服饰,False,False
23:56:02,301268,铭利达,False,False
23:56:15,301283,聚胶股份,False,False
23:56:15,301281,科源制药,False,False
23:56:26,301288,清研环境,False,False
23:56:27,301289,国缆检测,False,False
23:56:37,301296,新巨丰,False,False
23:56:50,301297,富乐德,True,False
23:56:59,301301,川宁生物,False,False
23:57:10,301307,美利信,True,False
23:57:27,301311,昆船智能,False,False
23:57:28,301315,威士顿,False,False
23:57:39,301320,豪江智能,False,False
23:57:50,301319,唯特偶,True,False
23:58:01,301325,曼恩斯特,False,False
23:58:02,301329,信音电子,True,False
23:58:14,301335,天元宠物,False,False
23:58:27,301333,诺思格,False,False
23:58:38,301353,普莱得,False,False
23:58:49,301360,荣旗科技,False,False
23:58:52,301357,北方长龙,False,False
23:59:33,301373,凌玮科技,True,False
23:59:39,301379,天山电子,False,False
23:59:50,301390,经纬股份,False,False
00:00:10,301393,昊帆生物,False,False
00:00:16,301396,宏景科技,True,False
00:00:32,301446,福事特,False,False
00:00:37,301421,波长光电,True,False
00:00:45,301459,丰茂股份,False,False
00:01:01,301468,博盈特焊,True,False
00:01:07,301487,盟固利,False,False
00:01:12,301499,维科精密,True,False
00:01:19,301502,华阳智能,True,False
00:01:23,301505,苏州规划,False,False
00:01:30,301509,金凯生科,False,False
00:01:41,301515,港通医疗,False,False
00:01:43,301511,德福科技,True,False
00:01:52,301519,舜禹股份,False,False
00:02:05,301525,儒竞科技,True,False
00:02:10,301531,春光集团,False,False
00:02:26,301538,骏鼎达,True,False
00:02:32,301548,崇德科技,True,False
00:02:46,301558,三态股份,False,False
00:02:56,301563,云汉芯城,False,False
00:03:08,301571,国科天成,False,False
00:03:18,301580,爱迪特,False,False
00:12:19,301586,佳力奇,False,False
00:12:36,301590,优优绿能,True,False
00:12:41,301598,博科测试,False,False
00:12:57,301600,慧翰股份,False,False
00:13:01,301603,乔锋智能,True,False
00:13:16,301613,新铝时代,False,False
00:13:20,301622,英思特,False,False
00:13:31,301636,泽润新能,False,False
00:13:35,301631,壹连科技,False,False
00:13:48,301656,联合动力,False,False
00:13:55,301662,宏工科技,True,False
00:14:08,301677,欣兴工具,False,False
00:14:10,301678,新恒汇,False,False
00:14:11,301683,慧谷新材,True,True
00:14:13,301682,宏明电子,False,False
00:14:21,301717,超纯应材,False,False
00:14:24,000002,万科A,False,True
00:14:26,301696,三瑞智能,False,False
00:14:32,000007,全新好,False,False
00:14:34,000009,中国宝安,False,True
00:14:36,000011,深物业A,False,True
00:14:37,000012,南玻A,False,False
00:14:42,000014,沙河股份,False,True
00:14:45,000019,深粮控股,False,False
00:14:47,000021,深科技,False,False
00:14:53,000026,飞亚达,True,False
00:14:55,000028,国药一致,False,True
00:14:57,000029,深深房A,True,False
00:15:05,000031,大悦城,False,True
00:15:06,000034,神州数码,False,False
00:15:08,000035,中国天楹,False,True
00:15:16,000039,中集集团,False,False
00:15:18,000037,深南电A,False,False
00:15:18,000045,深纺织A,False,True
00:15:27,000049,德赛电池,False,False
00:15:29,000058,深赛格,False,False
00:15:30,000055,方大集团,False,True
00:15:37,000061,农产品,False,True
00:15:39,000063,中兴通讯,False,False
00:15:43,000065,北方国际,False,True
00:15:48,000068,华控赛格,False,True
00:15:50,000070,特发信息,True,False
00:15:55,000089,深圳机场,False,False
00:15:58,000090,天健集团,False,False
00:16:00,000099,中信海直,False,True
00:16:07,000151,中成股份,False,False
00:16:09,000155,川能动力,False,False
00:16:11,000157,中联重科,False,True
00:16:19,000166,申万宏源,False,True
00:16:21,000333,美的集团,False,False
00:16:30,000400,许继电气,False,True
00:16:32,000402,金融街,False,False
00:16:40,000407,胜利股份,False,True
00:16:42,000409,云鼎科技,False,False
00:16:51,000415,渤海租赁,False,False
00:16:53,000419,通程控股,False,True
00:17:01,000422,湖北宜化,False,True
00:17:03,000425,徐工机械,False,True
00:17:12,000429,粤高速A,False,False
00:17:14,000498,山东路桥,False,False
00:17:22,000504,南华生物,False,False
00:17:24,000505,京粮控股,False,True
00:17:33,000510,新金路,True,False
00:17:35,000513,丽珠集团,False,True
00:17:43,000518,四环生物,False,False
00:17:45,000519,中兵红箭,True,False
00:17:54,000524,岭南控股,False,True
00:17:56,000528,柳工,False,False
00:18:04,000532,华金资本,False,True
00:18:06,000533,顺钠股份,False,False
00:18:14,000538,云南白药,False,True
00:18:16,000539,粤电力A,True,False
00:18:25,000545,金浦钛业,False,True
00:18:27,000546,金圆股份,False,True
00:18:35,000552,甘肃能化,False,False
00:18:37,000553,安道麦A,False,False
00:18:46,000558,天府文旅,False,True
00:18:48,000559,万向钱潮,False,True
00:18:56,000564,供销大集,False,True
00:18:58,000566,海南海药,False,True
00:19:07,000571,新大洲A,False,False
00:19:09,000572,海马汽车,False,True
00:19:17,000582,北部湾港,False,False
00:19:19,000586,汇源通信,False,True
00:19:28,000592,平潭发展,False,True
00:19:30,000593,德龙汇能,True,False
00:19:38,000598,兴蓉环境,False,False
00:19:41,000599,青岛双星,False,True
00:19:49,000605,渤海股份,False,False
00:19:51,000607,华媒控股,False,True
00:20:00,000619,海螺新材,False,True
00:20:02,000623,吉林敖东,False,False
00:20:10,000628,高新发展,True,False
00:20:12,000630,铜陵有色,False,False
00:20:21,000633,合金投资,False,True
00:20:23,000650,仁和药业,False,False
00:20:31,000652,泰达股份,False,True
00:20:33,000659,珠海中富,False,False
00:20:42,000663,永安林业,False,True
00:20:44,000670,盈方微,False,False
00:20:52,000672,上峰材料,True,False
00:20:55,000681,视觉中国,False,True
00:21:03,000682,东方电子,False,False
00:21:05,000686,东北证券,False,False
00:21:14,000690,宝新能源,False,False
00:21:16,000697,炼石航空,False,False
00:21:24,000702,正虹科技,False,False
00:21:27,000707,双环科技,False,True
00:21:35,000709,河钢股份,False,True
00:21:37,000713,国投丰乐,False,True
00:21:45,000717,中南股份,False,True
00:21:48,000719,中原传媒,False,False
00:21:56,000722,湖南发展,False,False
00:21:58,000726,鲁泰A,False,True
00:22:07,000729,燕京啤酒,False,False
00:22:09,000733,振华科技,True,False
00:22:17,000738,航发控制,False,True
00:22:19,000739,普洛药业,False,False
00:22:28,000755,山西高速,False,False
00:22:30,000756,新华制药,False,True
00:22:38,000762,西藏矿业,False,False
00:22:40,000766,通化金马,True,False
00:22:49,000777,中核科技,False,True
00:22:51,000778,新兴铸管,False,True
00:23:00,000786,北新建材,False,False
00:23:10,000792,盐湖股份,False,False
00:23:21,000799,酒鬼酒,False,False
00:23:31,000810,创维数字,True,False
00:23:34,000811,冰轮环境,False,False
00:23:42,000816,智慧农业,False,True
00:23:45,000818,航锦科技,False,True
00:23:52,000823,超声电子,True,False
00:23:56,000825,太钢不锈,False,True
00:24:03,000833,粤桂股份,False,False
00:24:06,000839,国安股份,False,False
00:24:14,000858,五粮液,False,True
00:24:17,000859,国风新材,False,False
00:24:24,000868,安凯客车,False,True
00:24:28,000869,张裕A,False,True
00:24:35,000878,云南铜业,False,True
00:24:38,000880,潍柴重机,False,True
00:24:46,000885,城发环境,False,True
00:24:49,000886,海南高速,False,True
00:24:56,000890,法尔胜,False,False
00:24:59,000892,欢瑞世纪,False,True
00:25:07,000898,鞍钢股份,False,True
00:25:11,000899,赣能股份,False,False
00:25:18,000902,新洋丰,False,True
00:25:21,000906,浙商中拓,False,False
00:25:30,000912,泸天化,False,True
00:25:40,000920,沃顿科技,True,False
00:41:19,000926,福星股份,False,False
00:41:25,000928,中钢国际,False,False
00:41:52,000952,广济药业,False,True
00:57:35,000959,首钢股份,False,False
00:57:46,000968,蓝焰控股,False,False
00:57:54,000970,中科三环,False,True
00:57:58,000975,山金国际,False,True
00:58:07,000978,桂林旅游,False,False
00:58:10,000983,山西焦煤,False,False
01:13:18,000989,九芝堂,False,False
01:13:23,000993,闽东电力,False,False
01:13:56,001215,千味央厨,False,False
01:14:04,001219,青岛食品,False,False
01:14:16,001225,和泰机电,False,False
01:14:31,001230,劲旅环境,False,False
01:14:43,001238,浙江正特,False,False
01:14:46,001237,惠康科技,False,False
01:14:55,001256,炜冈科技,True,False
01:15:06,001268,联合精密,True,False
01:15:09,001277,速达股份,False,False
01:30:47,001283,豪鹏科技,False,False
01:30:58,001296,长江材料,False,False
01:31:10,001306,夏厦精密,False,False
01:31:43,001328,登康口腔,False,False
01:51:25,002037,保利联合,False,True
01:51:37,002041,登海种业,False,True
01:51:39,002044,美年健康,False,False
01:51:48,002046,国机精工,True,False
01:51:50,002049,紫光国微,False,False
01:52:01,002054,德美化工,False,True
01:52:12,002060,广东建工,False,True
01:52:23,002065,东华软件,False,True
01:52:34,002069,獐子岛,False,True
01:52:45,002077,大港股份,True,False
01:52:56,002084,海鸥住工,False,True
01:53:01,002085,万丰奥威,False,True
01:53:08,002091,江苏国泰,False,True
01:53:13,002092,中泰化学,False,True
01:53:20,002096,易普力,False,True
01:53:25,002097,山河智能,False,True
01:53:31,002101,广东鸿图,False,False
01:53:37,002103,广博股份,False,True
01:53:43,002107,沃华医药,False,False
01:53:48,002110,三钢闽光,False,True
01:53:54,002114,罗平锌电,False,True
01:54:00,002116,中国海诚,False,True
01:59:20,002120,韵达股份,False,False
01:59:43,002128,电投能源,False,False
01:59:55,002137,实益达,False,False
02:15:31,002144,宏达高科,False,False
02:15:34,002146,荣盛发展,False,False
02:16:07,002162,悦心健康,False,True
02:21:13,002186,全聚德,False,True
02:21:23,002189,中光学,False,False
02:28:14,002191,劲嘉股份,False,True
02:30:06,002230,科大讯飞,False,True
02:30:08,002232,启明信息,False,True
02:30:17,002236,大华股份,False,False
02:30:19,002237,恒邦股份,False,False
02:30:29,002241,歌尔股份,False,False
02:30:49,002242,九阳股份,False,True
02:31:01,002249,大洋电机,False,True
02:31:10,002252,上海莱士,False,True
02:31:12,002254,泰和新材,True,False
02:31:21,002259,升达林业,False,False
02:31:24,002262,恩华药业,False,True
02:47:01,002267,陕天然气,False,True
02:47:12,002273,水晶光电,True,False
02:47:24,002278,神开股份,False,True
02:47:35,002285,世联行,False,True
02:47:43,002289,宇顺电子,True,False
02:47:47,002291,遥望科技,False,True
02:47:55,002294,信立泰,False,True
02:48:07,002299,圣农发展,False,False
02:48:09,002301,齐心集团,False,False
02:48:20,002309,中利集团,False,False
02:48:32,002314,南山控股,False,True
02:48:40,002317,众生药业,False,False
02:48:43,002319,乐通股份,False,True
02:48:51,002324,普利特,False,True
02:48:54,002328,新朋股份,False,False
02:49:03,002332,仙琚制药,False,False
03:04:30,002337,赛象科技,False,False
03:04:54,002350,北京科锐,False,False
03:05:06,002355,兴民智通,False,True
03:05:17,002363,隆基机械,False,True
03:05:28,002368,太极股份,False,True
03:21:25,002378,章源钨业,True,False
03:21:37,002385,大北农,False,True
03:21:51,002390,信邦制药,False,True
03:21:53,002393,力生制药,False,False
03:22:03,002397,梦洁股份,False,False
03:22:05,002398,垒知集团,False,True
03:22:17,002404,嘉欣丝绸,False,False
03:22:29,002412,汉森制药,False,True
03:22:36,002416,爱施德,False,False
03:22:43,002419,天虹股份,False,True
03:22:48,002422,科伦药业,False,False
03:22:56,002425,凯撒文化,False,True
03:23:01,002428,云南锗业,False,False
03:23:10,002432,九安医疗,False,False
03:23:15,002437,誉衡药业,False,False
03:23:22,002440,闰土股份,False,False
03:23:28,002442,龙星科技,False,True
03:23:35,002445,中南文化,False,False
03:23:47,002453,华软科技,False,False
03:39:24,002459,晶澳科技,False,False
03:39:28,002460,赣锋锂业,False,False
03:39:50,002472,双环传动,False,False
03:40:02,002481,双塔食品,False,True
03:40:02,002482,广田集团,False,True
03:40:14,002487,大金重工,True,True
03:40:26,002493,荣盛石化,False,False
03:40:36,002497,雅化集团,False,True
03:40:41,002498,汉缆股份,False,False
03:40:47,002508,老板电器,False,True
03:40:52,002511,中顺洁柔,False,True
03:40:59,002516,旷达科技,False,False
03:41:04,002518,科士达,True,False
03:41:11,002522,浙江众成,True,False
03:41:16,002524,光正眼科,False,True
03:41:23,002529,海源复材,False,False
03:41:26,002531,天顺风能,True,False
03:41:36,002535,林州重机,False,True
03:41:38,002537,海联金汇,False,True
03:41:48,002543,万和电气,False,True
03:42:01,002550,千红制药,False,True
03:42:12,002556,辉隆股份,False,True
03:42:13,002557,洽洽食品,False,False
03:42:25,002563,森马服饰,False,False
03:58:14,002575,群兴玩具,False,False
03:58:47,002595,豪迈科技,False,True
03:58:58,002601,龙佰集团,False,True
03:58:59,002600,领益智造,True,False
03:59:10,002606,大连电瓷,False,False
03:59:11,002607,中公教育,False,True
03:59:21,002612,朗姿股份,False,True
03:59:33,002622,皓宸医疗,False,True
03:59:44,002626,金达威,False,True
03:59:45,002627,三峡旅游,False,True
03:59:55,002632,道明光学,False,True
04:00:07,002638,勤上股份,False,False
04:00:08,002639,雪人集团,False,True
04:00:18,002643,万润股份,True,False
04:00:20,002644,佛慈制药,False,True
04:00:31,002648,卫星化学,False,False
04:00:35,002652,扬子新材,False,False
04:00:43,002657,中科金财,False,True
04:00:48,002658,雪迪龙,False,True
04:00:55,002662,峰璟股份,False,False
04:01:00,002666,德联集团,False,True
04:01:08,002669,康达新材,False,False
04:01:19,002674,兴业科技,False,False
04:01:31,002679,福建金森,False,True
04:01:33,002683,广东宏大,False,True
04:01:43,002686,亿利达,False,False
04:01:45,002690,美亚光电,False,True
04:01:56,002696,百洋股份,False,True
04:03:25,002697,红旗连锁,False,False
04:03:48,002713,东易日盛,False,False
04:04:10,002727,一心堂,False,True
04:04:18,002730,电光科技,False,False
04:04:23,002733,雄韬股份,False,False
04:04:30,002736,国信证券,False,True
04:04:34,002738,中矿资源,False,True
04:04:42,002743,富煌钢构,False,True
04:04:47,002745,木林森,False,False
04:04:54,002752,昇兴股份,False,False
04:05:00,002753,永东股份,False,True
04:05:06,002758,浙农股份,False,True
04:05:12,002762,金发拉比,False,False
04:05:17,002765,蓝黛科技,False,True
04:05:24,002768,国恩股份,False,False
04:05:32,002771,真视通,False,False
04:05:44,002779,中坚科技,True,True
04:05:55,002786,银宝山新,False,False
04:05:59,002788,鹭燕医药,False,True
04:06:07,002792,通宇通讯,False,True
04:06:11,002795,永和智控,False,False
04:06:19,002798,帝欧水华,False,False
04:06:24,002800,天顺股份,False,True
04:06:31,002803,吉宏股份,True,False
04:06:54,002818,富森美,False,False
04:06:58,002819,东方中科,False,False
04:07:06,002825,纳尔股份,False,True
04:07:17,002830,名雕股份,False,False
04:07:29,002836,新宏泽,False,True
04:07:31,002837,英维克,True,False
04:07:40,002841,视源股份,False,False
04:07:43,002842,翔鹭钨业,False,False
04:07:52,002848,高斯贝尔,True,False
04:07:55,002849,威星智能,False,False
04:08:03,002853,皮阿诺,False,True
04:08:07,002855,捷荣技术,False,True
04:08:19,002864,盘龙药业,False,True
04:08:31,002869,金溢科技,False,True
04:08:38,002871,伟隆股份,True,False
04:08:42,002876,三利谱,False,False
04:08:55,002881,美格智能,False,False
04:09:16,002890,弘宇股份,False,False
04:09:18,002895,川恒股份,False,True
04:24:58,002900,哈三联,False,True
04:24:58,002902,铭普光磁,False,False
04:25:23,002915,中欣氟材,True,True
04:25:32,002919,名臣健康,True,True
04:25:37,002921,联诚精密,False,False
04:25:43,002925,盈趣科技,False,False
04:25:48,002929,润建股份,True,False
04:25:54,002930,宏川智慧,False,True
04:26:00,002937,兴瑞科技,True,False
04:26:08,002938,鹏鼎控股,True,False
04:26:12,002942,新农股份,False,True
04:26:20,002946,新乳业,False,False
04:26:23,002948,青岛银行,False,False
04:26:32,002951,金时科技,False,False
04:26:35,002955,鸿合科技,False,True
04:26:43,002958,青农商行,False,True
04:26:46,002960,青鸟智控,False,False
04:41:53,002963,豪尔赛,True,False
04:41:58,002966,苏州银行,False,False
04:42:09,002969,嘉美包装,False,True
04:42:21,002979,雷赛智能,False,False
04:42:32,002984,森麒麟,False,True
04:42:32,002985,北摩高科,False,True
04:42:46,002990,盛视科技,False,False
04:58:22,002998,优彩资源,False,False
04:58:46,003008,开普检测,False,True
04:58:55,003012,东鹏控股,False,True
04:59:07,003019,宸展光电,True,False
04:59:18,003026,中晶科技,True,False
04:59:20,003027,同兴科技,False,True
04:59:30,003031,中瓷电子,True,False
04:59:31,003033,征和工业,False,False
04:59:43,003039,顺控发展,False,True
04:59:53,003043,华亚智能,True,False
04:59:54,003816,中国广核,False,False
05:00:19,688005,容百科技,False,False
05:00:26,688010,福光股份,True,False
05:00:42,688017,绿的谐波,False,False
05:00:49,688020,方邦股份,True,False
05:01:02,688030,山石网科,False,False
05:01:14,688038,中科通达,False,True
05:16:37,688039,当虹科技,False,False
05:16:47,688048,长光华芯,False,False
05:17:10,688067,爱威科技,False,True
05:32:49,688068,热景生物,False,False
05:32:57,688073,毕得医药,False,False
05:33:20,688083,中望软件,True,True
05:48:59,688096,京源环保,False,False
05:49:12,688095,福昕软件,False,True
05:49:34,688107,安路科技,True,False
05:49:56,688117,圣诺生物,True,False
05:49:58,688116,天奈科技,False,False
06:06:08,688139,海尔生物,False,False
06:06:21,688158,优刻得-W,False,False
06:06:23,688156,路德科技,True,False
06:06:32,688163,赛伦生物,False,False
06:06:47,688165,埃夫特-U,True,False
06:06:55,688169,石头科技,False,True
06:07:07,688178,万德斯,True,False
06:07:09,688173,希荻微,True,False
06:09:57,688183,生益电子,False,False
06:09:59,688186,广大特材,False,True
06:10:23,688197,首药控股-U,False,False
06:10:30,688200,华峰测控,False,False
06:10:35,688207,格灵深瞳,False,False
06:10:53,688216,气派科技,False,False
06:10:57,688212,澳华内镜,False,False
06:11:12,688220,翱捷科技-U,False,False
06:11:30,688227,品高股份,False,False
06:11:35,688230,芯导科技,False,False
06:11:41,688237,超卓航科,False,False
06:11:46,688244,永信至诚,False,False
06:11:57,688251,井松智能,False,False
06:12:03,688247,宣泰医药,False,False
06:12:14,688259,创耀科技,True,False
06:12:20,688257,新锐股份,True,False
06:12:55,688276,百克生物,False,True
06:12:58,688278,特宝生物,False,True
06:13:07,688286,敏芯股份,True,True
06:13:09,688288,鸿泉技术,False,True
06:13:18,688292,浩瀚深度,False,False
06:13:30,688293,奥浦迈,False,False
06:13:39,688298,东方生物,False,True
06:13:51,688302,海创药业-U,False,False
06:14:01,688307,中润光学,False,False
06:29:41,688311,盟升电子,False,False
06:30:02,688320,禾川科技,False,False
06:30:03,688319,欧林生物,True,False
06:30:15,688328,深科达,False,False
06:30:15,688329,艾隆科技,True,True
06:45:41,688334,西高院,False,False
06:46:24,688359,三孚新科,True,False
06:46:36,688369,致远互联,False,True
06:46:39,688365,光云科技,False,True
06:46:59,688373,盟科药业-U,False,False
06:46:59,688378,奥来德,False,False
06:47:22,688388,嘉元科技,True,False
06:47:33,688390,固德威,True,False
07:03:11,688399,硕世生物,False,True
07:03:44,688429,时创能源,False,False
07:03:56,688450,光格科技,True,False
07:04:07,688466,金科环境,False,True
07:04:07,688468,科美诊断,False,True
07:04:19,688479,友车科技,True,False
07:04:28,688478,晶升股份,True,False
07:04:39,688500,慧辰股份,False,True
07:04:41,688489,三未信安,False,False
07:05:02,688505,复旦张江,False,False
07:05:04,688507,索辰科技,False,False
07:05:24,688513,苑东生物,False,True
07:05:28,688516,奥特维,True,True
07:05:39,688528,秦川物联,False,False
07:05:57,688531,日联科技,False,False
07:06:01,688535,华海诚科,True,False
07:06:08,688551,科威尔,True,False
07:06:19,688558,国盛智科,False,False
07:06:35,688565,力源科技,False,True
07:06:41,688563,航材股份,False,False
07:06:46,688571,杭华股份,True,False
07:06:53,688576,西山科技,True,False
07:07:09,688578,艾力斯,False,True
07:07:15,688582,芯动联科,True,False
07:07:26,688592,司南导航,False,False
07:07:30,688588,凌志软件,False,True
07:07:38,688597,煜邦电力,False,True
07:07:50,688602,康鹏科技,True,False
07:07:53,688598,金博股份,True,False
07:08:12,688608,恒玄科技,False,True
07:08:18,688609,九联科技,False,False
07:08:25,688618,三旺通信,False,False
07:08:47,688625,呈和科技,True,False
07:08:51,688628,优利德,True,False
07:09:08,688635,长进光子,False,False
07:09:13,688639,华恒生物,False,True
07:09:24,688657,浩辰软件,False,False
07:09:31,688659,元琛科技,False,False
07:09:46,688662,富信科技,True,False
07:09:53,688665,四方光电,True,False
07:10:09,688676,金盘科技,False,False
07:10:16,688678,福立旺,True,False
07:25:58,688685,迈信林,False,False
07:26:19,688692,达梦数据,False,False
07:26:42,688708,佳驰科技,False,False
07:27:04,688720,艾森股份,True,False
07:27:07,688737,中自科技,False,False
07:27:27,688757,胜科纳米,True,False
07:27:31,688758,赛分科技,False,False
07:29:58,688775,影石创新,False,False
07:30:52,688809,强一股份,False,False
07:41:51,600006,东风股份,False,False
07:41:54,600008,首创环保,False,False
07:41:54,600096,云天化,False,False
07:41:56,600101,明星电力,False,False
07:42:02,600156,华升股份,False,False
07:42:03,600157,永泰能源,False,False
07:42:04,600160,巨化股份,False,False
07:42:04,600162,香江控股,False,False
07:42:07,600166,福田汽车,False,False
07:42:13,600167,联美控股,False,False
07:42:13,600168,武汉控股,False,False
07:42:15,600179,安通控股,False,False
07:42:15,600182,S佳通,False,False
07:42:18,600189,泉阳泉,False,False
07:42:24,600196,复星医药,False,False
07:42:24,600195,中牧股份,False,True
07:42:26,600199,金种子酒,False,False
07:42:27,600201,生物股份,False,False
07:42:29,600203,福日电子,False,False
07:42:34,600208,衢州发展,False,True
07:42:34,600210,紫江企业,False,True
07:42:37,600215,派斯林,False,False
07:42:38,600217,中再资环,False,False
07:42:40,600221,海航控股,False,False
07:42:45,600222,太龙药业,False,False
07:42:45,600228,返利科技,False,False
07:42:48,600283,钱江水利,False,False
07:42:48,600307,酒钢宏兴,False,False
07:42:51,600316,洪都航空,False,False
07:42:56,600468,百利电气,False,True
07:42:56,600323,瀚蓝环境,False,False
07:42:59,600479,千金药业,False,False
07:43:00,600486,扬农化工,False,True
07:43:02,600515,海南机场,False,False
07:43:06,600527,江南高纤,False,False
07:43:06,600520,三佳科技,True,False
07:43:11,600536,中国软件,False,False
07:43:12,600528,中铁工业,False,False
07:43:12,600569,安阳钢铁,False,False
07:43:17,600651,飞乐音响,False,True
07:43:17,600575,淮河能源,False,False
07:43:22,600658,电子城,False,False
07:43:24,600681,百川能源,False,False
07:43:24,600671,天目药业,False,False
07:43:28,600787,中储股份,False,True
07:43:28,600686,金龙汽车,False,True
07:43:34,600905,三峡能源,False,False
07:43:37,600927,永安期货,False,False
07:43:39,600933,爱柯迪,False,False
07:43:39,600930,华电新能,False,False
07:43:40,600917,重庆燃气,False,True
07:43:45,600939,重庆建工,False,False
07:43:49,600941,中国移动,False,False
07:43:50,600959,江苏有线,False,True
07:43:50,600963,岳阳林纸,False,True
07:43:51,600967,内蒙一机,False,False
07:43:56,600968,海油发展,False,False
07:44:00,600969,郴电国际,False,False
07:44:00,600970,中材国际,False,True
07:44:00,600971,恒源煤电,False,False
07:44:02,600973,宝胜股份,False,False
07:44:06,600975,新五丰,False,False
07:44:10,600977,中国电影,False,False
07:44:11,600979,广安爱众,False,False
07:44:12,600983,惠而浦,False,True
07:44:13,600984,建设机械,False,False
07:44:17,600985,淮北矿业,False,False
07:44:21,600987,航民股份,False,True
07:44:21,600986,浙文互联,False,False
07:44:23,600988,赤峰黄金,False,True
07:44:24,600989,宝丰能源,False,False
07:44:27,600990,四创电子,False,True
07:44:32,600992,贵绳股份,False,False
07:44:33,600993,马应龙,False,False
07:44:35,600995,南网储能,False,False
07:44:35,600996,贵广网络,False,False
07:44:38,600997,开滦股份,False,False
07:44:42,601002,晋亿实业,False,False
07:44:44,601003,柳钢股份,False,False
07:44:46,601006,大秦铁路,False,False
07:44:47,601005,重庆钢铁,False,True
07:44:49,601007,金陵饭店,False,False
07:44:53,601009,南京银行,False,False
07:44:55,601011,宝泰隆,False,False
07:44:57,601018,宁波港,False,False
07:44:59,601020,华钰矿业,False,False
07:44:59,601026,道生天合,False,False
07:45:04,601058,赛轮轮胎,False,True
07:45:06,601059,信达证券,False,False
07:45:09,601069,西部黄金,False,False
07:45:10,601099,太平洋,False,False
07:45:10,601086,国芳集团,False,True
07:45:14,601100,恒立液压,False,False
07:45:17,601101,昊华能源,False,False
07:45:20,601108,财通证券,False,False
07:45:21,601112,振石股份,False,False
07:45:22,601121,宝地矿业,False,False
07:45:25,601136,首创证券,False,False
07:45:28,601137,博威合金,False,False
07:45:31,601139,深圳燃气,False,False
07:45:31,601156,东航物流,False,False
07:45:33,601163,三角轮胎,False,False
07:45:36,601177,杭齿前进,False,False
07:45:40,601179,中国西电,False,False
07:45:42,601187,厦门银行,False,False
07:45:42,601188,龙江交通,False,False
07:45:46,601198,东兴证券,False,False
07:45:46,601199,江南水务,False,False
07:45:51,601200,上海环境,False,False
07:45:52,601216,君正集团,False,False
07:45:53,601222,林洋能源,False,False
07:45:57,601231,环旭电子,True,False
07:45:57,601225,陕西煤业,False,False
07:46:02,601233,桐昆股份,False,False
07:46:03,601238,广汽集团,False,True
07:46:04,601279,英利汽车,False,False
07:46:07,601318,中国平安,False,True
07:46:10,601319,中国人保,False,True
07:46:13,601333,广深铁路,False,False
07:46:13,601336,新华保险,False,False
07:46:15,601360,三六零,False,False
07:46:18,601366,利群股份,False,True
07:46:22,601368,绿城水务,False,True
07:46:24,601388,怡球资源,False,False
07:46:24,601377,兴业证券,False,False
07:46:27,601399,国机重装,False,False
07:46:29,601456,国联民生,False,False
07:46:35,601515,衢州东峰,False,True
07:46:35,601566,九牧王,False,False
07:46:35,601577,长沙银行,False,False
07:46:38,601579,会稽山,False,False
07:46:39,601598,中国外运,False,False
07:46:46,601609,金田股份,False,False
07:46:46,601606,长城军工,False,True
07:46:46,601611,中国核建,False,False
07:46:49,601619,嘉泽新能,False,False
07:46:50,601628,中国人寿,False,False
07:46:56,601633,长城汽车,False,False
07:46:57,601666,平煤股份,False,False
07:46:58,601677,明泰铝业,False,False
07:47:00,601689,拓普集团,False,False
07:47:01,601696,中银证券,False,False
07:47:07,601700,风范股份,False,False
07:47:08,601727,上海电气,False,False
07:47:10,601799,星宇股份,False,True
07:47:11,601811,新华文轩,False,False
07:47:12,601816,京沪高铁,False,False
07:47:17,601828,美凯龙,False,False
07:47:19,601857,中国石油,False,False
07:47:21,601872,招商轮船,False,False
07:47:22,601880,辽港股份,False,True
07:47:22,601869,长飞光纤,False,False
07:47:28,601881,中国银河,True,False
07:47:31,601882,海天精工,False,False
07:47:33,601900,南方传媒,False,True
07:47:33,601890,亚星锚链,False,True
07:47:33,601916,浙商银行,False,False
07:47:39,601918,新集能源,False,False
07:47:42,601919,中远海控,False,False
07:47:43,601933,永辉超市,False,True
07:47:44,601958,金钼股份,False,False
07:47:45,601939,建设银行,False,False
07:47:49,601966,玲珑轮胎,False,False
07:47:53,601965,中国汽研,False,False
07:47:54,601991,大唐发电,True,False
07:47:55,603007,顺景科技,False,False
07:47:57,603012,创力集团,False,False
07:48:00,603014,威高血净,False,False
07:48:04,603016,新宏泰,False,False
07:48:05,603019,中科曙光,False,False
07:48:06,603020,爱普股份,False,False
07:48:08,603022,新通联,False,False
07:48:11,603025,大豪科技,False,False
07:48:15,603027,千禾味业,False,False
07:48:15,603028,赛福天,False,True
07:48:17,603029,天鹅股份,False,False
07:48:21,603035,常熟汽饰,False,True
07:48:21,603037,凯众股份,False,True
07:48:26,603043,广州酒家,False,True
07:48:26,603038,华立股份,False,False
07:48:29,603045,福达合金,False,False
07:48:32,603055,台华新材,False,False
07:48:32,603053,成都燃气,False,False
07:48:37,603059,倍加洁,False,True
07:48:37,603068,博通集成,False,False
07:48:40,603069,海汽集团,False,False
07:48:43,603073,彩蝶实业,False,True
07:48:45,603076,乐惠国际,False,False
07:48:47,603077,和邦生物,False,False
07:48:49,603081,大丰实业,False,False
07:48:51,603085,天成自控,False,False
07:48:53,603086,先达股份,False,True
07:48:57,603093,南华期货,False,False
07:48:58,603092,德力佳,False,False
07:49:00,603097,江苏华辰,False,False
07:49:03,603098,森特股份,False,False
07:49:04,603107,上海汽配,False,False
07:49:09,603109,神驰机电,False,True
07:49:09,603108,润达医疗,False,True
07:49:11,603111,康尼机电,False,False
07:49:14,603115,海星股份,False,False
07:49:15,603113,金能科技,False,False
07:49:20,603117,万林物流,False,True
07:49:21,603119,浙江荣泰,True,False
07:49:22,603121,华培动力,False,False
07:49:25,603122,合富中国,False,False
07:49:26,603125,常青科技,False,False
07:49:30,603126,中材节能,False,True
07:49:33,603131,上海沪工,False,False
07:49:34,603127,昭衍新药,False,False
07:49:36,603135,中重科技,False,False
07:49:36,603136,天目湖,False,False
07:49:41,603150,万朗磁塑,True,False
07:49:44,603153,上海建科,False,False
07:49:45,603155,新亚强,False,False
07:49:47,603160,汇顶科技,False,True
07:49:48,603158,腾龙股份,False,False
07:49:51,603162,海通发展,False,False
07:49:55,603163,圣晖集成,False,False
07:49:57,603172,万丰股份,False,False
07:49:58,603173,福斯达,False,True
07:49:59,603179,新泉股份,False,False
07:50:02,603181,皇马科技,False,False
07:50:07,603185,弘元绿能,False,False
07:50:08,603195,公牛集团,False,False
07:50:09,603193,润本股份,False,False
07:50:10,603199,九华旅游,False,False
07:50:13,603201,常润股份,False,False
07:50:18,603205,健尔康,False,False
07:50:19,603208,江山欧派,False,False
07:50:21,603215,比依股份,False,False
07:50:21,603214,爱婴室,False,False
07:50:23,603216,梦天家居,False,False
07:50:29,603218,日月股份,False,False
07:50:30,603219,富佳股份,False,False
07:50:32,603220,中贝通信,False,False
07:50:33,603221,爱丽家居,False,False
07:50:34,603225,新凤鸣,False,False
07:50:40,603231,索宝蛋白,False,False
07:50:40,603229,奥翔药业,False,False
07:50:43,603233,大参林,False,False
07:50:44,603235,天新药业,False,False
07:50:45,603236,移远通信,False,True
07:50:51,603237,五芳斋,False,False
07:50:52,603248,锡华科技,False,False
07:50:54,603257,中国瑞林,False,False
07:50:55,603268,松发股份,False,False
07:50:56,603267,鸿远电子,True,False
07:51:02,603271,永杰新材,False,False
07:51:03,603273,天元智能,False,False
07:51:05,603275,众辰科技,False,False
07:51:06,603278,大业股份,False,True
07:51:09,603279,景津装备,False,True
07:51:12,603282,亚光股份,False,True
07:51:15,603285,键邦股份,False,False
07:51:17,603286,日盈电子,False,False
07:51:17,603288,海天味业,False,False
07:51:21,603296,华勤技术,False,False
07:51:23,603301,振德医疗,False,False
07:51:26,603303,得邦照明,False,False
07:51:28,603315,福鞍股份,True,False
07:51:28,603310,巍华新材,False,False
07:51:34,603329,上海雅仕,False,False
07:51:35,603321,梅轮电梯,False,True
07:51:38,603332,苏州龙杰,False,False
07:51:38,603333,福华尚纬,False,False
07:51:39,603338,浙江鼎力,False,False
07:51:44,603339,四方科技,False,False
07:51:47,603341,龙旗科技,False,False
07:51:49,603345,安井食品,False,False
07:51:49,603344,星德胜,False,False
07:51:50,603350,安乃达,False,False
07:51:55,603351,威尔药业,False,False
07:51:59,603352,至信股份,False,False
07:51:59,603353,和顺石油,True,False
07:52:00,603355,莱克电气,False,False
07:52:02,603358,华达科技,False,False
07:52:06,603360,百傲化学,False,True
07:52:10,603365,水星家纺,False,False
07:52:10,603368,柳药集团,False,True
07:52:11,603369,今世缘,False,False
07:52:13,603376,大明电子,False,False
07:52:16,603379,三美股份,False,False
07:52:21,603385,惠达卫浴,False,False
07:52:22,603382,海阳科技,False,False
07:52:23,603390,通达电气,False,False
07:52:25,603392,万泰生物,False,False
07:52:27,603402,陕西旅游,False,False
07:52:32,603408,建霖家居,False,True
07:52:34,603439,三力制药,False,False
07:52:34,603421,鼎信通讯,False,True
07:52:36,603444,吉比特,False,False
07:52:38,603456,九洲药业,False,False
07:52:42,603477,巨星农牧,False,False
07:52:45,603486,科沃斯,False,False
07:52:47,603507,振江股份,False,False
07:52:47,603515,欧普照明,False,False
07:52:48,603518,锦泓集团,False,False
07:52:53,603519,立霸股份,False,False
07:52:56,603520,司太立,False,False
07:52:59,603535,嘉诚国际,False,False
07:52:59,603551,奥普科技,False,False
07:52:59,603529,爱玛科技,False,True
07:53:04,603565,中谷物流,False,False
07:53:08,603566,普莱柯,False,False
07:53:10,603569,长久物流,False,False
07:53:10,603577,汇金通,False,False
07:53:11,603578,三星新材,False,False
07:53:14,603580,艾艾精工,False,False
07:53:19,603579,荣泰健康,False,False
07:53:20,603583,捷昌驱动,False,True
07:53:21,603585,苏利股份,False,False
07:53:23,603589,口子窖,False,True
07:53:25,603590,康辰药业,False,True
07:53:30,603598,引力传媒,False,False
07:53:31,603599,广信股份,False,True
07:53:32,603600,永艺股份,False,False
07:53:34,603602,纵横通信,False,True
07:53:36,603605,珀莱雅,False,False
07:53:41,603607,京华激光,False,False
07:53:42,603611,诺力股份,False,True
07:53:43,603618,杭电股份,False,False
07:53:46,603628,清源股份,False,False
07:53:46,603633,徕木股份,False,True
07:53:52,603648,畅联股份,False,False
07:53:53,603657,春光科技,False,False
07:53:54,603658,安图生物,False,False
07:53:57,603668,天马科技,False,False
07:53:57,603663,三祥新材,False,False
07:54:03,603677,奇精机械,False,False
07:54:03,603680,今创集团,False,True
07:54:05,603682,锦和商管,False,False
07:54:07,603687,大胜达,True,False
07:54:08,603697,有友食品,False,True
07:54:14,603703,盛洋科技,False,True
07:54:14,603698,航天工程,False,False
07:54:16,603707,健友股份,False,False
07:54:18,603708,家家悦,False,True
07:54:19,603709,中源家居,False,False
07:54:25,603712,七一二,False,False
07:54:27,603713,密尔克卫,False,False
07:54:27,603711,香飘飘,False,False
07:55:02,603716,塞力医疗,False,False
07:55:02,603717,天域生物,False,False
07:55:05,603719,良品铺子,False,False
07:55:07,603725,天安新材,False,False
07:55:08,603726,朗迪集团,False,False
07:55:14,603737,三棵树,False,True
07:55:15,603733,仙鹤股份,True,False
07:55:17,603738,泰晶科技,False,False
07:55:18,603755,日辰股份,False,False
07:55:19,603759,海天股份,False,False
07:55:26,603766,隆鑫通用,False,False
07:55:27,603779,威龙股份,False,False
07:55:28,603786,科博达,False,False
07:55:29,603787,新日股份,False,False
07:55:30,603797,联泰环保,False,False
07:55:39,603798,康普顿,False,False
07:55:39,603808,歌力思,False,False
07:55:40,603799,华友钴业,False,True
07:55:40,603809,豪能股份,False,False
07:55:42,603811,诚意药业,False,False
07:55:50,603817,海峡环保,False,False
07:55:50,603810,丰山集团,False,True
07:55:51,603833,欧派家居,False,False
07:55:52,603819,神力股份,False,False
07:55:54,603856,东宏股份,True,False
07:56:02,603859,能科科技,False,False
07:56:02,603855,华荣股份,False,True
07:56:02,603861,白云电器,False,False
07:56:04,603863,松炀资源,False,True
07:56:06,603867,新化股份,False,False
07:56:13,603879,永悦科技,False,False
07:56:13,603877,太平鸟,False,False
07:56:13,603885,吉祥航空,False,False
07:56:16,603886,元祖股份,False,False
07:56:18,603893,瑞芯微,False,False
07:56:24,603899,晨光股份,False,False
07:56:24,603901,永创智能,False,False
07:56:25,603903,中持股份,False,False
07:56:27,603909,建发合诚,False,False
07:56:29,603926,铁流股份,False,True
08:03:19,603927,中科软,False,False
08:03:20,603931,格林达,False,False
08:03:21,603933,睿能科技,False,False
08:03:22,603929,亚翔集成,True,False
08:03:24,603936,博敏电子,False,False
08:03:30,603939,益丰药房,False,False
08:03:31,603950,长源东谷,False,False
08:03:32,603956,威派格,False,False
08:03:35,603958,哈森股份,False,False
08:03:35,603966,法兰泰克,False,False
08:03:41,603967,中创物流,False,False
08:03:42,603969,银龙股份,False,False
08:03:44,603977,国泰集团,False,False
08:03:46,603976,正川股份,False,False
08:03:46,603979,金诚信,False,False
08:03:52,603978,深圳新星,True,False
08:03:53,603980,吉华集团,False,False
08:03:56,603983,丸美生物,False,True
08:03:57,603985,恒润股份,False,False
08:04:02,603987,康德莱,False,True
08:04:04,603988,中电电机,False,False
08:04:07,603989,艾华集团,True,False
08:04:07,603990,麦迪科技,False,False
08:04:08,603992,松霖科技,True,True
08:04:14,603993,洛阳钼业,False,True
08:04:16,603998,方盛制药,False,False
08:04:18,605005,合兴股份,False,True
08:04:18,605003,众望布艺,False,True
08:04:19,605006,山东玻纤,False,False
08:04:25,605009,豪悦护理,False,True
08:04:27,605011,杭州热电,False,False
08:04:29,605018,长华集团,True,False
08:04:29,605020,永和股份,True,False
08:04:31,605028,世茂能源,False,False
08:04:36,605033,美邦股份,False,False
08:04:38,605050,福然德,False,False
08:04:39,605055,迎丰股份,True,False
08:04:39,605056,咸亨国际,False,True
08:04:42,605060,联德股份,False,False
08:04:46,605069,正和生态,True,False
08:04:49,605088,冠盛股份,False,False
08:04:50,605099,共创草坪,False,False
08:04:50,605116,奥锐特,False,True
08:04:53,605111,新洁能,False,False
08:04:58,605108,同庆楼,False,False
08:05:00,605117,德业股份,False,False
08:05:00,605122,四方新材,False,False
08:05:02,605128,上海沿浦,False,True
08:05:04,605133,嵘泰股份,False,False
08:05:10,605151,西上海,False,False
08:05:11,605158,华达新材,False,False
08:05:11,605166,聚合顺,False,False
08:05:14,605168,三人行,False,False
08:05:17,605167,利柏特,False,False
08:05:21,605188,国光连锁,False,False
08:05:22,605179,一鸣食品,False,False
08:05:22,605189,富春染织,False,False
08:05:25,605196,华通线缆,False,True
08:05:29,605222,起帆电缆,False,False
08:05:33,605228,神通科技,False,False
08:05:33,605258,协和电子,False,False
08:05:34,605277,新亚电子,False,False
08:05:35,605287,德才股份,False,False
08:05:41,605288,凯迪股份,True,True
08:05:44,605337,李子园,False,True
08:05:44,605339,南侨食品,False,False
08:05:45,605366,宏柏新材,False,False
08:05:46,605368,蓝天燃气,False,False
08:05:52,605369,拱东医疗,False,False
08:05:54,605389,长龄液压,True,False
08:05:55,605500,森林包装,False,False
08:05:56,605499,东鹏饮料,False,False
08:05:57,605577,龙版传媒,False,False
08:06:07,300012,华测检测,False,False
08:06:07,300013,新宁物流,False,False
08:06:15,300008,天海防务,False,True
08:06:16,300009,安科生物,False,True
08:06:18,300014,亿纬锂能,False,False
08:06:19,300015,爱尔眼科,False,False
08:06:19,300016,北陆药业,False,False
08:06:26,300021,大禹节水,False,False
08:06:29,300025,华星创业,False,False
08:06:30,300030,阳普医疗,False,False
08:06:30,300032,金龙机电,False,False
08:06:36,300019,硅宝科技,True,True
08:06:41,300039,上海凯宝,False,False
08:06:41,300041,回天新材,False,False
08:06:47,300043,星辉娱乐,False,False
08:06:47,300034,钢研高纳,True,True
08:06:49,300036,超图软件,False,True
08:06:51,300045,华力创通,False,False
08:06:52,300047,天源迪科,False,False
08:09:31,300048,合康新能,False,False
08:09:31,300049,福瑞医科,False,False
08:09:33,300050,世纪鼎利,False,False
08:09:35,300051,琏升科技,False,False
08:09:36,300052,中青宝,False,False
08:09:42,300053,航宇微,False,False
08:09:43,300054,鼎龙股份,False,False
08:24:16,300055,万邦达,False,False
08:24:19,300095,华伍股份,False,False
08:24:19,300101,振芯科技,False,False
08:24:28,300149,睿智医药,False,False
08:24:30,300159,新研股份,False,False
08:24:30,300165,天瑞仪器,False,False
08:24:31,300177,中海达,False,False
08:24:32,300185,通裕重工,False,False
08:24:40,300203,聚光科技,False,False
08:24:41,300207,欣旺达,False,False
08:24:42,300231,银信科技,False,False
08:24:42,300264,佳创视讯,False,False
08:24:43,300266,兴源环境,False,False
08:24:52,300268,佳沃食品,False,False
08:24:52,300281,金明精机,False,False
08:24:53,300310,宜通世纪,False,False
08:24:54,300313,天山生物,False,False
08:24:54,300320,海达股份,False,False
08:25:04,300351,永贵电器,False,False
08:25:04,300354,东华测试,False,False
08:25:06,300355,蒙草生态,False,False
08:25:06,300357,我武生物,False,False
08:25:13,300353,东土科技,False,False
08:25:15,300358,楚天科技,False,False
08:25:15,300360,炬华科技,False,False
08:25:16,300363,博腾股份,False,False
08:25:16,300364,中文在线,False,False
08:25:25,300370,安控科技,False,True
08:25:25,300371,汇中股份,False,True
08:25:27,300374,中铁装配,False,False
08:25:27,300375,鹏翎股份,False,False
08:25:34,300369,绿盟科技,False,True
08:25:36,300376,易事特,False,True
08:25:38,300381,溢多利,False,False
08:25:38,300382,斯莱克,False,False
08:25:44,300384,三联虹普,False,False
08:25:46,300377,赢时胜,False,True
08:25:46,300386,飞天诚信,False,True
08:25:49,300389,艾比森,False,False
08:25:49,300390,天华新能,False,False
08:26:00,300399,天利科技,False,False
08:26:00,300401,花园生物,False,False
08:26:04,300394,天孚通信,True,False
08:26:06,300393,中来股份,False,True
08:26:08,300398,飞凯材料,True,False
08:26:11,300406,九强生物,False,False
08:26:11,300409,道氏技术,False,False
08:26:17,300417,南华仪器,False,False
08:26:19,300421,力星股份,False,True
08:26:21,300425,中建环能,False,False
08:26:24,300413,芒果超媒,False,True
08:26:28,300427,红相股份,False,True
08:26:28,300423,昇辉科技,True,False
08:26:32,300429,强力新材,False,False
08:26:38,300428,立中集团,False,True
08:26:38,300434,金石亚药,False,False
08:26:43,300436,广生堂,False,False
08:26:44,300432,富临精工,True,False
08:26:49,300440,运达科技,False,False
08:26:49,300439,美康生物,False,False
08:26:49,300433,蓝思科技,False,False
08:26:54,300441,鲍斯股份,False,False
08:26:59,300446,航天智造,False,True
08:27:04,300443,金雷股份,False,True
08:27:05,300459,汤姆猫,False,False
08:27:10,300455,航天智装,False,True
08:27:11,300450,先导智能,False,True
08:27:13,300463,迈克生物,False,True
08:27:16,300474,景嘉微,False,False
08:27:21,300479,神思电子,False,False
08:27:24,300486,东杰智能,True,False
08:27:24,300469,信息发展,False,True
08:27:27,300491,通合科技,False,False
08:27:32,300482,万孚生物,False,True
08:27:38,300500,启迪设计,False,False
08:27:41,300492,华图山鼎,False,True
08:27:43,300497,富祥股份,False,False
08:27:44,300498,温氏股份,False,False
08:27:49,300509,新美星,False,False
08:27:51,300513,恒实科技,False,True
08:27:52,300503,昊志机电,True,False
08:27:54,300518,新迅达,True,False
08:27:55,300523,辰安科技,False,True
08:28:00,300530,领湃科技,False,False
08:28:02,300532,今天国际,False,False
08:28:04,300534,陇神戎发,False,True
08:28:05,300546,雄帝科技,False,True
08:28:08,300539,横河精密,True,True
08:35:57,600000,浦发银行,False,False
08:35:58,600004,白云机场,False,True
08:35:59,600006,东风股份,False,True
08:36:01,600007,中国国贸,False,False
08:36:01,600008,首创环保,False,False
08:36:08,600011,华能国际,False,False
08:36:10,600012,皖通高速,False,False
08:36:10,600015,华夏银行,False,False
08:36:11,600010,包钢股份,False,True
08:36:17,600017,日照港,False,True
08:36:20,600019,宝钢股份,False,False
08:36:20,600020,中原高速,False,False
08:36:26,600022,山东钢铁,False,False
08:36:29,600025,华能水电,False,False
08:36:31,600026,中远海能,False,False
08:36:36,600028,中国石化,False,True
08:36:38,600030,中信证券,True,False
08:36:45,600033,福建高速,False,True
08:36:45,600032,浙江新能,False,True
08:36:48,600036,招商银行,False,False
08:36:54,600039,四川路桥,False,False
08:36:57,600048,保利发展,False,False
08:36:57,600038,中直股份,False,True
08:37:04,600052,东望时代,False,False
08:37:06,600054,黄山旅游,False,False
08:37:06,600055,万东医疗,False,True
08:37:13,600058,五矿发展,False,False
08:37:15,600059,古越龙山,False,False
08:37:16,600060,海信视像,False,False
08:37:22,600063,皖维高新,False,False
08:37:24,600064,南京高科,False,False
08:37:25,600066,宇通客车,False,False
08:37:31,600072,中船科技,False,True
08:37:34,600073,光明肉业,False,False
08:37:34,600075,新疆天业,False,True
08:37:40,600081,东风科技,False,False
08:37:43,600085,同仁堂,False,False
08:37:43,600088,中视传媒,False,True
08:37:49,600095,湘财股份,False,False
08:37:52,600096,云天化,False,True
08:37:53,600097,开创国际,False,True
08:37:58,600099,林海股份,False,False
08:37:59,600100,同方股份,False,True
08:38:01,600101,明星电力,False,True
08:38:02,600103,青山纸业,False,True
08:38:07,600105,永鼎股份,True,False
08:38:08,600106,重庆路桥,False,True
08:38:10,600108,亚盛集团,False,True
08:38:11,600109,国金证券,False,False
08:38:16,600110,诺德股份,False,False
08:38:17,600114,东睦股份,True,False
08:38:19,600115,中国东航,False,True
08:38:20,600117,西宁特钢,False,True
08:38:26,600120,浙江东方,False,True
08:38:27,600123,兰花科创,False,False
08:38:28,600125,铁龙物流,False,True
08:38:30,600127,金健米业,False,False
08:38:35,600128,苏豪弘业,False,True
08:38:36,600129,太极集团,False,False
08:38:37,600130,波导股份,False,False
08:38:39,600133,东湖高新,False,True
08:38:44,600135,乐凯胶片,False,True
08:38:46,600137,浪莎股份,False,False
08:38:47,600138,中青旅,False,False
08:38:49,600141,兴发集团,False,False
08:38:54,600149,廊坊发展,False,False
08:38:56,600150,中国船舶,False,False
08:38:57,600151,航天机电,False,True
08:38:58,600153,建发股份,False,False
08:50:43,600000,浦发银行,False,False
08:50:47,600008,首创环保,False,False
08:51:02,600012,皖通高速,False,False
08:51:02,600016,民生银行,False,False
08:51:09,600019,宝钢股份,False,False
08:51:09,600018,上港集团,False,False
08:51:12,600020,中原高速,False,False
08:51:12,600021,上海电力,False,True
08:51:19,600025,华能水电,False,False
08:51:19,600023,浙能电力,False,False
08:51:21,600026,中远海能,False,False
08:51:22,600027,华电国际,False,False
08:51:23,600028,中国石化,False,True
08:51:29,600029,南方航空,False,True
08:51:29,600030,中信证券,True,False
08:51:31,600031,三一重工,False,True
08:51:32,600032,浙江新能,False,True
08:51:33,600033,福建高速,False,False
08:51:38,600035,楚天高速,False,False
08:51:39,600036,招商银行,False,False
08:51:41,600037,歌华有线,False,False
08:51:42,600038,中直股份,False,True
08:51:43,600039,四川路桥,False,False
08:51:48,600048,保利发展,False,False
08:51:49,600050,中国联通,False,False
08:51:51,600051,宁波联合,False,False
08:51:52,600052,东望时代,False,False
08:51:53,600054,黄山旅游,False,True
08:51:57,600055,万东医疗,False,True
08:51:58,600056,中国医药,False,False
08:52:01,600057,厦门象屿,False,False
08:52:02,600058,五矿发展,False,False
08:52:03,600059,古越龙山,False,True
08:52:07,600060,海信视像,False,False
08:52:08,600061,国投资本,False,False
08:52:12,600062,华润双鹤,False,False
08:52:12,600063,皖维高新,False,False
08:52:14,600064,南京高科,False,True
09:09:35,600000,浦发银行,False,False
09:09:36,600004,白云机场,False,True
09:09:36,600006,东风股份,False,True
09:09:38,600007,中国国贸,False,False
09:09:39,600008,首创环保,False,False
09:09:45,600009,上海机场,False,False
09:09:46,600010,包钢股份,False,True
09:09:46,600011,华能国际,False,False
09:09:48,600012,皖通高速,False,False
09:09:49,600015,华夏银行,False,False
09:09:55,600016,民生银行,False,False
09:09:56,600017,日照港,False,True
09:09:56,600018,上港集团,False,False
09:09:58,600019,宝钢股份,False,False
09:09:59,600020,中原高速,False,False
09:10:04,600021,上海电力,False,True
09:10:05,600022,山东钢铁,False,False
09:10:05,600023,浙能电力,False,False
09:10:08,600025,华能水电,False,False
09:10:09,600026,中远海能,False,False
09:10:14,600027,华电国际,False,False
09:10:15,600028,中国石化,False,True
09:10:15,600029,南方航空,False,True
09:10:18,600030,中信证券,False,False
09:10:18,600031,三一重工,False,False
09:10:24,600032,浙江新能,False,True
09:10:25,600033,福建高速,False,True
09:10:25,600035,楚天高速,False,False
09:10:28,600036,招商银行,False,True
09:10:28,600037,歌华有线,False,False
09:10:34,600038,中直股份,False,True
09:10:34,600039,四川路桥,False,True
09:10:35,600048,保利发展,False,False
09:10:38,600051,宁波联合,False,True
09:10:38,600050,中国联通,False,False
09:10:44,600052,东望时代,False,False
09:10:44,600054,黄山旅游,False,True
09:10:45,600055,万东医疗,False,True
09:10:48,600057,厦门象屿,False,False
09:10:48,600056,中国医药,False,False
09:10:53,600058,五矿发展,False,False
09:10:54,600059,古越龙山,False,True
09:10:55,600060,海信视像,False,False
09:10:58,600061,国投资本,False,False
09:10:58,600062,华润双鹤,False,False
09:11:03,600064,南京高科,False,True
09:11:17,600075,新疆天业,False,True
09:11:17,600076,康欣新材,False,False
09:11:18,600078,澄星股份,False,False
09:11:18,600081,东风科技,False,True
09:11:25,600088,中视传媒,False,True
09:11:27,600089,特变电工,False,True
09:11:28,600094,大名城,False,False
09:11:28,600096,云天化,False,True
09:11:29,600095,湘财股份,False,False
09:11:35,600097,开创国际,False,False
09:11:37,600098,广州发展,False,False
09:11:38,600099,林海股份,False,False
09:11:38,600100,同方股份,False,True
09:11:39,600101,明星电力,False,True
09:11:45,600103,青山纸业,False,True
09:11:47,600104,上汽集团,False,True
09:11:48,600105,永鼎股份,True,False
09:11:48,600106,重庆路桥,False,True
09:11:48,600108,亚盛集团,False,True
09:11:54,600109,国金证券,False,False
09:11:57,600110,诺德股份,True,False
09:11:57,600114,东睦股份,True,False
09:11:58,600115,中国东航,False,True
09:11:58,600116,三峡水利,False,False
09:12:04,600117,西宁特钢,False,False
09:12:07,600120,浙江东方,False,True
09:12:08,600123,兰花科创,False,False
09:12:08,600126,杭钢股份,False,True
09:12:08,600125,铁龙物流,False,True
09:12:15,600127,金健米业,False,False
09:12:17,600128,苏豪弘业,False,True
09:12:18,600129,太极集团,False,False
09:12:19,600131,国网信通,False,True
09:12:19,600130,波导股份,False,False
09:12:25,600133,东湖高新,False,False
09:12:26,600135,乐凯胶片,False,True
09:12:28,600137,浪莎股份,False,False
09:12:29,600138,中青旅,False,True
09:12:29,600141,兴发集团,False,False
09:12:35,600148,长春一东,False,False
09:12:37,600149,廊坊发展,False,False
09:12:38,600150,中国船舶,False,False
09:12:39,600152,维科技术,False,False
09:12:39,600151,航天机电,False,True
09:12:45,600153,建发股份,False,False
09:12:47,600155,华创云信,False,True
09:12:48,600156,华升股份,False,False
09:12:50,600158,中体产业,False,False
09:12:50,600157,永泰能源,False,True
09:12:55,600159,大龙地产,False,False
09:12:57,600160,巨化股份,True,False
09:12:59,600161,天坛生物,False,True
09:13:00,600162,香江控股,False,False
09:13:00,600163,中闽能源,False,True
09:13:05,600166,福田汽车,False,False
09:13:07,600167,联美控股,False,False
09:13:09,600168,武汉控股,False,False
09:13:09,600170,上海建工,False,True
09:13:10,600171,上海贝岭,True,False
09:13:15,600173,卧龙新能,False,False
09:13:16,600176,中国巨石,True,False
09:13:19,600177,雅戈尔,False,False
09:13:20,600179,安通控股,False,False
09:13:20,600178,东安动力,False,False
09:13:26,600182,S佳通,False,False
09:13:29,600184,光电股份,True,False
09:13:30,600185,珠免集团,False,True
09:13:30,600188,兖矿能源,False,False
09:13:36,600189,泉阳泉,False,False
09:13:39,600192,长城电工,False,True
09:13:39,600191,华资实业,False,True
09:13:40,600195,中牧股份,False,False
09:13:40,600196,复星医药,False,False
09:13:46,600197,伊力特,False,False
09:13:49,600198,大唐电信,True,True
09:13:49,600199,金种子酒,False,True
09:13:50,600201,生物股份,False,True
09:13:50,600202,哈空调,False,True
09:13:56,600203,福日电子,False,False
09:13:59,600207,安彩高科,True,False
09:13:59,600208,衢州发展,False,True
09:14:00,600210,紫江企业,False,False
09:14:00,600211,西藏药业,False,True
09:14:06,600212,绿能慧充,False,True
09:14:09,600215,派斯林,False,True
09:14:09,600216,浙江医药,False,True
09:14:09,600217,中再资环,False,False
09:14:10,600218,全柴动力,False,True
09:14:15,600221,海航控股,False,True
09:14:19,600222,太龙药业,False,False
09:14:19,600223,福瑞达,False,True
09:14:19,600226,亨通股份,False,False
09:14:20,600227,赤天化,False,False
09:14:25,600228,返利科技,False,False
09:14:28,600229,城市传媒,False,True
09:14:29,600231,凌钢股份,False,True
09:14:29,600230,沧州大化,False,True
09:14:30,600232,金鹰股份,False,False
09:14:36,600234,科新发展,False,False
09:14:39,600235,民丰特纸,False,True
09:14:40,600236,桂冠电力,False,False
09:14:41,600237,铜峰电子,False,False
09:14:42,600241,时代万恒,False,False
09:14:47,600248,陕建股份,False,False
09:14:52,600249,两面针,False,False
09:14:53,600250,南京商旅,False,True
09:14:55,600251,冠农股份,False,False
09:14:56,600252,中恒集团,False,True
09:15:00,600255,鑫科材料,False,False
09:15:03,600256,广汇能源,False,False
09:15:04,600257,大湖股份,False,False
09:15:05,600258,首旅酒店,False,True
09:15:06,600259,中稀有色,True,False
09:15:12,600261,阳光照明,False,False
09:15:17,600262,北方股份,False,True
09:15:19,600266,城建发展,False,True
09:15:20,600267,海正药业,False,False
09:15:21,600268,国电南自,False,False
09:15:24,600269,赣粤高速,False,True
09:15:27,600271,航天信息,False,True
09:15:33,600273,嘉化能源,False,True
09:15:34,600280,中央商场,False,False
09:15:36,600278,东方创业,False,False
09:15:36,600279,重庆港,False,False
09:15:37,600282,南钢股份,False,False
09:15:44,600284,浦东建设,False,True
09:15:47,600287,苏豪时尚,False,False
09:15:47,600285,羚锐制药,False,False
09:15:48,600288,大恒科技,True,True
09:15:54,600292,电投水电,False,False
09:15:57,600293,三峡新材,False,False
09:15:57,600295,鄂尔多斯,False,False
09:15:57,600298,安琪酵母,False,False
09:15:58,600299,安迪苏,False,False
09:16:04,600300,维维股份,False,False
09:16:07,600301,华锡有色,True,False
09:16:07,600305,恒顺醋业,False,False
09:16:08,600307,酒钢宏兴,False,True
09:16:09,600303,曙光股份,False,False
09:16:14,600308,华泰股份,False,False
09:16:17,600310,广西能源,False,False
09:16:17,600309,万华化学,False,False
09:16:18,600312,平高电气,False,False
09:16:19,600315,上海家化,False,True
09:16:24,600316,洪都航空,False,True
09:16:27,600318,新力金融,False,True
09:16:27,600319,亚星化学,False,True
09:16:28,600320,振华重工,False,False
09:16:30,600322,津投城开,False,False
09:16:34,600323,瀚蓝环境,False,False
09:16:37,600325,华发股份,False,True
09:16:37,600327,大东方,False,True
09:16:38,600328,中盐化工,False,True
09:16:40,600329,达仁堂,False,False
09:16:45,600330,天通股份,False,False
09:16:48,600332,白云山,False,True
09:16:49,600333,长春燃气,False,False
09:16:49,600331,宏达股份,False,True
09:16:50,600335,国机汽车,False,True
09:16:55,600336,澳柯玛,False,False
09:16:58,600338,西藏珠峰,False,True
09:16:59,600339,中油工程,False,True
09:17:00,600345,长江通信,False,False
09:17:01,600346,恒力石化,False,True
09:17:05,600348,华阳股份,False,False
09:17:08,600350,山东高速,True,False
09:17:09,600351,亚宝药业,False,False
09:17:10,600352,浙江龙盛,False,False
09:17:11,600353,旭光电子,True,False
09:17:16,600354,敦煌种业,False,False
09:17:18,600356,恒丰纸业,False,False
09:17:19,600358,国旅联合,False,True
09:17:20,600359,新农开发,False,True
09:17:21,600360,华微电子,True,False
09:17:27,600361,创新新材,False,False
09:17:28,600362,江西铜业,False,True
09:17:29,600363,联创光电,True,True
09:17:30,600366,宁波韵升,False,False
09:17:31,600368,五洲交通,False,False
09:17:37,600369,西南证券,False,False
09:17:38,600372,中航机载,False,True
09:17:38,600373,中文传媒,False,True
09:17:40,600375,汉马科技,False,True
09:17:41,600377,宁沪高速,False,False
09:17:47,600378,昊华科技,False,False
09:17:48,600379,宝光股份,False,False
09:17:48,600380,健康元,False,True
09:17:50,600382,广东明珠,False,True
09:17:51,600383,金地集团,False,True
09:17:57,600386,北巴传媒,False,False
09:17:58,600388,紫金龙净,False,False
09:17:58,600390,五矿资本,False,True
09:18:00,600391,航发科技,False,True
09:18:01,600392,盛和资源,True,False
09:18:07,600395,盘江股份,False,False
09:18:08,600396,华电辽能,False,False
09:18:08,600398,海澜之家,False,False
09:18:10,600399,抚顺特钢,False,True
09:18:11,600400,红豆股份,False,False
09:18:17,600403,大有能源,False,False
09:18:17,600405,动力源,False,True
09:18:18,600406,国电南瑞,False,False
09:18:20,600409,三友化工,False,False
09:18:21,600410,华胜天成,False,True
09:18:27,600415,小商品城,False,False
09:18:27,600416,湘电股份,False,True
09:18:28,600418,江淮汽车,False,True
09:18:30,600419,天润乳业,False,False
09:18:31,600420,国药现代,False,False
09:18:36,600422,昆药集团,False,False
09:18:37,600425,青松建化,False,True
09:18:38,600426,华鲁恒升,False,True
09:18:39,600429,三元股份,False,False
09:18:41,600433,冠豪高新,False,False
09:18:46,600436,片仔癀,False,True
09:18:46,600435,北方导航,False,True
09:18:48,600438,通威股份,False,True
09:18:49,600444,国机通用,False,True
09:18:51,600446,金证股份,False,True
09:18:55,600448,华纺股份,False,False
09:18:56,600449,宁夏建材,False,False
09:18:57,600452,涪陵电力,False,False
09:18:59,600455,博通股份,False,False
09:19:00,600456,宝钛股份,False,True
09:19:05,600458,时代新材,True,False
09:19:06,600459,贵研铂业,False,False
09:19:07,600461,洪城环境,False,False
09:19:09,600463,空港股份,False,True
09:19:10,600467,好当家,False,True
09:19:14,600468,百利电气,False,True
09:19:16,600469,风神股份,False,True
09:19:18,600475,华光环能,False,True
09:19:19,600477,杭萧钢构,False,True
09:19:20,600478,科力远,False,True
09:19:24,600479,千金药业,False,False
09:19:26,600480,凌云股份,False,False
09:19:27,600481,双良节能,False,True
09:19:28,600482,中国动力,False,False
09:19:30,600483,福能股份,False,False
09:19:34,600486,扬农化工,False,True
09:19:36,600487,亨通光电,False,False
09:19:37,600488,津药药业,False,False
09:19:38,600489,中金黄金,False,True
09:19:40,600490,鹏欣资源,False,True
09:19:43,600493,凤竹纺织,False,True
09:19:46,600495,晋西车轴,False,False
09:19:48,600496,精工钢构,False,True
09:19:48,600497,驰宏锌锗,False,False
09:19:50,600498,烽火通信,True,False
09:19:53,600499,科达制造,False,False
09:19:57,600501,航天晨光,False,True
09:19:58,600502,安徽建工,False,False
09:19:58,600503,华丽家族,False,False
09:20:00,600505,西昌电力,False,False
09:20:03,600506,统一股份,False,False
09:20:08,600508,上海能源,False,False
09:20:08,600507,方大特钢,False,True
09:20:09,600509,天富能源,False,True
09:20:10,600510,黑牡丹,False,True
09:20:13,600511,国药股份,False,False
09:20:17,600513,联环药业,False,True
09:20:18,600512,腾达建设,False,True
09:20:19,600515,海南机场,False,True
09:20:20,600516,方大炭素,True,True
09:20:23,600517,国网英大,False,True
09:20:28,600519,贵州茅台,False,False
09:20:28,600518,康美药业,False,False
09:20:29,600520,三佳科技,False,False
09:20:30,600521,华海药业,False,False
09:20:33,600522,中天科技,True,False
09:20:38,600523,贵航股份,False,True
09:20:38,600526,菲达环保,False,False
09:20:39,600527,江南高纤,False,True
09:20:40,600528,中铁工业,False,True
09:20:43,600529,山东药玻,False,False
09:20:48,600531,豫光金铅,False,True
09:20:48,600533,栖霞建设,False,True
09:20:49,600535,天士力,False,False
09:20:50,600536,中国软件,False,True
09:20:53,600538,国发股份,False,False
09:20:58,600540,新赛股份,False,False
09:20:58,600539,狮头股份,False,False
09:20:59,600545,卓郎智能,False,False
09:21:00,600546,山煤国际,False,False
09:21:03,600547,山东黄金,False,True
09:21:08,600548,深高速,False,False
09:21:08,600549,厦门钨业,True,False
09:21:09,600550,保变电气,False,True
09:21:10,600551,时代出版,False,True
09:21:12,600552,凯盛科技,True,False
09:21:18,600557,康缘药业,False,False
09:21:18,600556,天下秀,False,True
09:21:19,600558,大西洋,False,True
09:21:20,600559,老白干酒,False,True
09:21:22,600560,金自天正,False,True
09:21:28,600562,国睿科技,False,True
09:21:28,600561,江西长运,False,False
09:21:29,600563,法拉电子,False,False
09:21:30,600566,济川药业,False,False
09:21:32,600567,山鹰国际,False,True
09:21:39,600569,安阳钢铁,False,True
09:21:39,600570,恒生电子,False,False
09:21:39,600571,信雅达,False,True
09:21:40,600572,康恩贝,False,False
09:21:42,600573,惠泉啤酒,False,False
09:21:48,600575,淮河能源,False,False
09:21:49,600576,祥源文旅,True,False
09:21:49,600577,精达股份,False,True
09:21:50,600578,京能电力,False,False
09:21:52,600579,中化装备,False,True
09:21:58,600582,天地科技,False,True
09:21:59,600583,海油工程,False,False
09:21:59,600584,长电科技,False,False
09:22:00,600585,海螺水泥,False,True
09:22:02,600586,金晶科技,False,True
09:22:08,600587,新华医疗,False,True
09:22:08,600588,用友网络,False,False
09:22:09,600589,大位科技,False,True
09:22:10,600590,泰豪科技,False,False
09:22:12,600592,龙溪股份,False,True
09:22:18,600593,大连圣亚,False,False
09:22:18,600595,中孚实业,False,True
09:22:18,600594,益佰制药,False,False
09:22:20,600596,新安股份,True,False
09:22:21,600597,光明乳业,False,True
09:22:28,600600,青岛啤酒,False,False
09:22:29,600601,方正科技,False,False
09:22:30,600602,云赛智联,False,False
09:22:33,600603,广汇物流,False,True
09:22:34,600604,市北高新,False,True
09:22:41,600605,汇通能源,True,False
09:22:42,600606,绿地控股,False,False
09:22:43,600609,金杯汽车,False,True
09:22:44,600610,中毅达,False,True
09:22:45,600611,大众交通,False,False
09:22:51,600612,老凤祥,False,True
09:22:52,600613,神奇制药,False,False
09:22:53,600615,鑫源智造,False,True
09:22:54,600616,金枫酒业,False,True
09:22:55,600617,国新能源,False,False
09:23:01,600618,氯碱化工,False,True
09:23:03,600620,天宸股份,False,True
09:23:03,600619,海立股份,False,False
09:23:04,600621,华鑫股份,False,True
09:23:05,600622,光大嘉宝,False,False
09:23:14,600623,华谊集团,False,False
09:23:15,600626,申达股份,False,True
09:23:15,600628,新世界,False,True
09:23:17,600629,华建集团,False,True
09:23:17,600630,龙头股份,True,True
09:23:24,600633,浙数文化,False,True
09:23:25,600635,大众公用,False,True
09:23:28,600639,浦东金桥,False,True
09:23:28,600638,新黄浦,False,True
09:23:38,600643,爱建集团,False,True
09:23:38,600642,申能股份,False,False
09:23:38,600644,乐山电力,False,False
09:23:48,600648,外高桥,False,True
09:23:48,600650,锦江在线,False,True
09:23:48,600649,城投控股,False,True
09:23:51,600645,中源协和,False,True
09:23:53,600653,申华控股,False,False
09:23:58,600654,中安科,False,True
09:23:58,600657,信达地产,False,True
09:23:58,600655,豫园股份,False,False
09:24:01,600658,电子城,False,True
09:24:03,600660,福耀玻璃,False,False
09:24:07,600661,昂立教育,False,True
09:24:08,600662,外服控股,False,False
09:24:08,600663,陆家嘴,False,False
09:24:12,600664,哈药股份,False,True
09:24:13,600665,天地源,False,True
09:24:17,600666,奥瑞德,False,False
09:24:18,600668,尖峰集团,False,True
09:24:19,600667,太极实业,True,False
09:24:22,600671,天目药业,False,False
09:24:23,600674,川投能源,False,False
09:24:28,600675,中华企业,False,True
09:24:30,600679,上海凤凰,False,True
09:24:30,600676,久事动娱,False,False
09:24:32,600681,百川能源,False,True
09:24:34,600682,南京新百,False,False
09:24:39,600683,京投发展,True,False
09:24:41,600684,珠江股份,False,True
09:24:42,600685,中船防务,False,True
09:24:44,600686,金龙汽车,False,True
09:24:47,600688,上海石化,False,True
09:24:50,600689,上海三毛,False,True
09:24:52,600690,海尔智家,False,True
09:24:52,600691,潞化科技,False,True
09:24:54,600692,亚通股份,False,False
09:24:58,600693,东百集团,False,False
09:24:59,600694,大商股份,False,False
09:25:02,600697,欧亚集团,False,True
09:25:03,600698,湖南天雁,False,False
09:25:05,600699,均胜电子,True,False
09:25:09,600702,舍得酒业,False,False
09:25:09,600703,三安光电,True,False
09:25:12,600704,物产中大,False,True
09:25:14,600706,曲江文旅,False,False
09:25:15,600708,光明地产,False,False
09:25:19,600711,盛屯矿业,False,True
09:25:20,600710,苏美达,False,False
09:25:23,600712,南宁百货,False,True
09:25:24,600713,南京医药,False,False
09:25:25,600715,文投控股,False,True
09:25:29,600716,凤凰股份,False,True
09:25:31,600717,天津港,False,False
09:25:34,600718,东软集团,False,True
09:25:36,600719,大连热电,False,False
09:25:36,600720,中交设计,False,True
09:25:40,600721,百花医药,False,True
09:25:40,600722,金牛化工,False,False
09:25:44,600724,宁波富达,False,False
09:25:45,600725,云维股份,False,True
09:25:46,600726,华电能源,True,False
09:25:49,600727,鲁北化工,False,False
09:25:51,600728,佳都科技,False,True
09:25:54,600729,重百集团,False,True
09:25:55,600731,湖南海利,False,True
09:25:56,600732,爱旭股份,False,False
09:25:59,600733,北汽蓝谷,False,True
09:26:00,600736,苏州高新,False,False
09:26:04,600737,中粮糖业,False,False
09:26:05,600738,丽尚国潮,False,False
09:26:06,600739,辽宁成大,False,True
09:26:09,600741,华域汽车,False,False
09:26:10,600742,富维股份,False,True
09:26:13,600743,华远控股,False,False
09:26:15,600744,华银电力,False,False
09:26:16,600746,江苏索普,False,False
09:26:19,600748,上实发展,False,True
09:26:20,600749,西藏旅游,False,True
09:26:23,600750,华润江中,False,False
09:26:25,600751,海航科技,False,True
09:26:26,600754,锦江酒店,False,False
09:26:29,600755,厦门国贸,False,False
09:26:30,600756,浪潮软件,False,False
09:26:33,600757,长江传媒,False,True
09:26:35,600760,中航沈飞,False,True
09:26:36,600761,安徽合力,False,True
09:26:39,600763,通策医疗,False,True
09:26:40,600764,中国海防,False,True
09:26:43,600765,中航重机,False,True
09:26:44,600768,富邦新材,False,False
09:26:46,600769,祥龙电业,True,False
09:26:48,600770,综艺股份,False,False
09:26:50,600771,广誉远,False,False
09:26:53,600773,西藏城投,True,True
09:26:54,600774,汉商集团,False,True
09:26:58,600776,东方通信,False,True
09:26:59,600775,南京熊猫,False,True
09:27:00,600777,新潮能源,False,True
09:27:03,600778,友好集团,False,True
09:27:04,600779,水井坊,False,False
09:27:09,600780,通宝能源,False,False
09:27:10,600782,新钢股份,False,True
09:27:11,600784,鲁银投资,False,False
09:27:14,600785,新华百货,False,True
09:27:16,600787,中储股份,False,False
09:27:19,600789,鲁抗医药,False,True
09:27:23,600790,轻纺城,False,False
09:27:24,600791,京能置业,False,False
09:27:26,600793,宜宾纸业,False,True
09:27:31,600795,国电电力,False,False
09:27:33,600794,保税科技,False,False
09:27:33,600796,钱江生化,False,True
09:27:34,600797,浙大网新,False,True
09:27:37,600798,宁波海运,False,True
09:27:41,600800,渤海化学,False,False
09:27:42,600801,华新建材,False,False
09:27:43,600802,福建水泥,False,True
09:27:44,600803,新奥股份,False,False
09:27:50,600805,悦达投资,False,False
09:27:56,600807,济高发展,False,True
09:27:56,600808,马钢股份,False,True
09:28:00,600812,华北制药,False,True
09:28:05,600814,杭州解百,False,True
09:28:06,600815,厦工股份,False,False
09:28:07,600816,建元信托,False,False
09:28:10,600819,耀皮玻璃,False,True
09:28:12,600820,隧道股份,False,False
09:28:15,600821,金开新能,False,False
09:28:16,600822,上海物贸,False,True
09:28:17,600824,益民集团,False,False
09:28:20,600825,新华传媒,False,True
09:28:22,600826,兰生股份,False,True
09:28:24,600827,百联股份,False,False
09:28:25,600828,茂业商业,False,True
09:28:27,600830,香溢融通,False,True
09:28:30,600831,广电网络,False,True
09:28:32,600833,第一医药,False,False
09:28:34,600834,申通地铁,False,True
09:28:35,600835,上海机电,False,True
09:28:37,600838,上海九百,False,True
09:28:40,600839,四川长虹,False,True
09:28:42,600841,动力新科,False,True
09:28:44,600843,上工申贝,False,False
09:28:45,600844,金煤科技,False,False
09:28:47,600845,宝信软件,False,False
09:28:50,600846,XD同济科,False,True
09:28:52,600847,万里股份,False,False
09:28:54,600848,上海临港,False,True
09:28:55,600850,电科数字,False,True
09:28:57,600851,海欣股份,False,False
09:29:00,600853,龙建股份,False,True
09:29:02,600854,春兰股份,False,False
09:29:03,600855,航天长峰,False,True
09:29:05,600857,宁波中百,False,False
09:29:07,600858,银座股份,False,True
09:29:11,600859,王府井,False,True
09:29:12,600860,京城股份,False,True
09:29:13,600861,北京人力,False,True
09:29:15,600862,中航高科,True,True
09:29:17,600863,华能蒙电,False,False
09:29:21,600864,哈投股份,False,True
09:29:22,600865,百大集团,False,False
09:29:23,600866,星湖科技,False,True
09:29:25,600867,通化东宝,False,False
09:29:28,600868,梅雁吉祥,False,True
09:29:31,600869,远东股份,True,False
09:29:32,600872,中炬高新,False,False
09:29:33,600871,石化油服,False,True
09:29:37,600874,创业环保,False,True
09:29:41,600875,东方电气,False,False
09:29:42,600876,凯盛新能,False,True
09:29:43,600877,电科芯片,False,True
09:29:48,600880,博瑞传播,False,True
09:29:51,600882,妙可蓝多,False,True
09:29:52,600884,杉杉股份,False,False
09:29:53,600885,宏发股份,False,False
09:29:57,600887,伊利股份,False,False
09:30:01,600888,新疆众和,True,False
09:30:02,600893,航发动力,False,True
09:30:04,600894,广日股份,False,False
09:30:07,600900,长江电力,False,False
09:30:11,600903,贵州燃气,False,False
09:30:12,600905,三峡能源,False,True
09:30:14,600906,财达证券,False,False
09:30:17,600909,华安证券,True,False
09:30:21,600917,重庆燃气,False,True
09:30:22,600918,中泰证券,False,True
09:30:24,600919,江苏银行,False,False
09:30:27,600926,杭州银行,False,False
09:30:31,600929,雪天盐业,False,False
09:30:32,600928,西安银行,False,True
09:30:34,600930,华电新能,True,False
09:30:38,600935,华塑股份,False,False
09:30:41,600936,北投科技,False,False
09:30:42,600938,中国海油,False,False
09:30:44,600941,中国移动,False,False
09:30:48,600956,XD新天绿,False,False
09:30:51,600958,东方证券,False,True
09:30:53,600960,渤海汽车,False,True
09:30:55,600961,株冶集团,False,False
09:31:00,600963,岳阳林纸,False,True
09:31:00,600966,博汇纸业,False,True
09:31:02,600967,内蒙一机,False,True
09:31:05,600969,郴电国际,False,False
09:31:10,600971,恒源煤电,False,False
09:31:11,600973,宝胜股份,False,False
09:31:13,600975,新五丰,False,True
09:31:15,600977,中国电影,True,True
09:31:21,600980,北矿科技,False,True
09:31:21,600981,苏豪汇鸿,False,True
09:31:23,600982,宁波能源,False,False
09:31:25,600984,建设机械,False,False
09:31:30,600986,浙文互联,False,True
09:31:31,600987,航民股份,False,True
09:31:33,600988,赤峰黄金,False,True
09:31:35,600990,四创电子,False,True
09:31:40,600993,马应龙,False,True
09:31:40,600995,南网储能,False,False
09:31:43,600997,开滦股份,False,True
09:31:45,600998,九州通,False,False
09:31:50,601001,晋控煤业,False,False
09:31:51,601000,唐山港,False,False
09:31:53,601002,晋亿实业,False,False
09:31:55,601005,重庆钢铁,False,True
09:32:00,601007,金陵饭店,False,True
09:32:01,601009,南京银行,False,False
09:32:03,601011,宝泰隆,False,True
09:32:05,601016,节能风电,False,True
09:32:09,601018,宁波港,False,True
09:32:10,601020,华钰矿业,False,True
09:32:13,601021,春秋航空,False,False
09:32:15,601022,宁波远洋,False,False
09:32:19,601033,永兴股份,False,False
09:32:20,601038,一拖股份,False,False
09:32:24,601059,信达证券,False,False
09:32:26,601061,中信金属,False,False
09:32:30,601066,XD中信建,True,False
09:32:32,601068,中铝国际,False,False
09:32:34,601077,渝农商行,False,False
09:32:36,601083,锦江航运,False,False
09:32:40,601086,国芳集团,False,True
09:32:43,601088,中国神华,False,False
09:32:45,601089,福元医药,False,False
09:32:46,601096,宏盛华源,False,False
09:32:50,601098,中南传媒,False,False
09:32:50,601099,太平洋,False,True
09:32:53,601100,恒立液压,False,False
09:32:55,601101,昊华能源,False,False
09:32:56,601106,中国一重,False,True
09:32:59,601107,四川成渝,False,False
09:33:00,601108,财通证券,False,False
09:33:03,601111,中国国航,False,True
09:33:04,601112,振石股份,False,False
09:33:06,601113,华鼎股份,False,True
09:33:09,601116,三江购物,False,True
09:33:10,601117,中国化学,False,False
09:33:14,601118,海南橡胶,False,True
09:33:16,601121,宝地矿业,False,False
09:33:18,601126,四方股份,False,False
09:33:20,601127,赛力斯,False,True
09:33:21,601128,常熟银行,False,False
09:33:25,601133,柏诚股份,True,False
09:33:26,601136,首创证券,False,False
09:33:28,601137,博威合金,False,False
09:33:31,601138,工业富联,False,False
09:33:31,601139,深圳燃气,False,True
09:33:35,601155,新城控股,False,True
09:33:37,601156,东航物流,False,False
09:33:38,601158,重庆水务,False,False
09:33:41,601162,天风证券,False,False
09:33:41,601163,三角轮胎,False,False
09:33:45,601166,兴业银行,False,True
09:33:47,601168,西部矿业,False,False
09:33:48,601169,北京银行,False,False
09:33:50,601177,杭齿前进,False,False
09:33:51,601179,中国西电,False,False
09:33:57,601186,中国铁建,False,True
09:33:58,601187,厦门银行,False,False
09:33:59,601188,龙江交通,False,False
09:34:01,601198,东兴证券,False,False
09:34:02,601199,江南水务,False,False
09:34:07,601200,上海环境,False,True
09:34:08,601208,东材科技,True,False
09:34:10,601211,国泰海通,True,False
09:34:13,601216,君正集团,False,False
09:34:14,601212,白银有色,False,True
09:34:18,601218,吉鑫科技,False,True
09:34:18,601222,林洋能源,False,False
09:34:20,601225,陕西煤业,False,False
09:34:23,601226,华电科工,False,True
09:34:25,601228,广州港,False,False
09:34:29,601229,上海银行,False,True
09:34:29,601231,环旭电子,True,False
09:34:30,601233,桐昆股份,False,False
09:34:33,601236,红塔证券,False,True
09:34:35,601238,广汽集团,False,True
09:34:39,601279,英利汽车,False,True
09:34:41,601288,农业银行,False,True
09:34:41,601298,青岛港,False,False
09:34:45,601311,骆驼股份,False,True
09:34:48,601318,中国平安,False,False
09:34:50,601319,中国人保,False,True
09:34:53,601328,交通银行,False,False
09:34:55,601326,秦港股份,False,True
09:34:56,601330,绿色动力,False,True
09:34:58,601333,广深铁路,False,False
09:35:01,601336,新华保险,False,False
09:35:04,601339,百隆东方,False,False
09:35:09,601366,利群股份,False,True
09:35:09,601360,三六零,False,True
09:35:10,601368,绿城水务,False,False
09:35:13,601369,陕鼓动力,False,False
09:35:15,601375,中原证券,False,False
09:35:19,601377,兴业证券,False,True
09:35:19,601388,怡球资源,False,False
09:35:20,601390,中国中铁,False,True
09:35:23,601398,工商银行,False,False
09:35:25,601399,国机重装,False,True
09:35:30,601500,通用股份,False,False
09:35:31,601456,国联民生,False,False
09:35:31,601512,中新集团,False,True
09:35:34,601515,衢州东峰,False,True
09:35:35,601518,吉林高速,False,False
09:35:40,601519,大智慧,False,True
09:35:41,601528,瑞丰银行,False,True
09:35:41,601555,东吴证券,False,False
09:35:44,601566,九牧王,False,False
09:35:46,601567,三星电气,False,True
09:35:50,601568,北元化工,False,True
09:35:50,601577,长沙银行,False,False
09:35:51,601579,会稽山,False,False
09:35:54,601588,北辰实业,False,False
09:35:56,601595,上海电影,False,True
09:36:00,601598,中国外运,False,False
09:36:00,601599,浙文影业,False,True
09:36:01,601600,中国铝业,False,True
09:36:04,601601,中国太保,False,True
09:36:06,601606,长城军工,False,True
09:36:11,601608,中信重工,False,True
09:36:11,601607,上海医药,False,False
09:36:12,601609,金田股份,False,False
09:36:15,601611,中国核建,False,True
09:36:17,601615,明阳智能,False,True
09:36:21,601616,广电电气,False,True
09:36:21,601618,中国中冶,False,True
09:36:22,601619,嘉泽新能,False,True
09:36:31,601636,旗滨集团,True,False
09:36:32,601658,邮储银行,False,False
09:36:32,601665,齐鲁银行,False,False
09:36:41,601669,中国电建,False,True
09:36:42,601677,明泰铝业,False,False
09:36:43,601678,滨化股份,False,False
09:36:46,601686,友发集团,False,False
09:36:52,601688,华泰证券,True,False
09:36:52,601696,中银证券,False,True
09:36:56,601700,风范股份,False,False
09:37:02,601717,中创智领,False,True
09:37:02,601727,上海电气,False,True
09:37:06,601777,千里科技,False,False
09:37:12,601789,宁波建工,False,True
09:37:12,601788,光大证券,False,True
09:37:16,601799,星宇股份,False,True
09:37:21,601808,中海油服,False,True
09:37:22,601811,新华文轩,False,True
09:37:26,601818,光大银行,False,False
09:37:31,601827,三峰环境,False,False
09:37:32,601838,成都银行,False,False
09:37:36,601858,中国科传,False,False
09:37:41,601866,中远海发,False,False
09:37:42,601868,中国能建,False,True
09:37:45,601872,招商轮船,False,False
09:37:51,601880,辽港股份,False,True
09:37:52,601881,中国银河,False,True
09:37:55,601886,江河集团,False,False
09:38:00,601898,中煤能源,False,False
09:38:02,601899,紫金矿业,False,True
09:38:05,601901,XD方正证,True,False
09:38:10,601918,新集能源,False,False
09:38:11,601919,中远海控,False,True
09:38:15,601929,吉视传媒,False,True
09:38:21,601939,建设银行,False,False
09:38:22,601949,中国出版,False,False
09:38:25,601956,东贝集团,False,True
09:38:30,601965,中国汽研,False,True
09:38:32,601966,玲珑轮胎,False,True
09:38:35,601969,海南矿业,False,False
09:38:40,601985,中国核电,False,False
09:38:41,601988,中国银行,False,False
09:38:45,601992,金隅集团,False,True
09:38:50,601996,丰林集团,False,False
09:38:51,601998,中信银行,False,False
09:38:55,601999,XD出版传,False,True
09:39:00,603004,鼎龙科技,False,False
09:39:01,603005,晶方科技,False,False
09:39:05,603007,顺景科技,False,True
09:39:11,603011,合锻智能,True,False
09:39:11,603012,创力集团,False,False
09:39:15,603014,威高血净,False,False
09:39:20,603016,新宏泰,False,False
09:39:22,603017,中衡设计,False,True
09:39:25,603020,爱普股份,False,False
09:39:30,603023,威帝股份,False,True
09:39:32,603025,大豪科技,False,False
09:39:34,603028,赛福天,False,True
09:39:40,603031,安孚科技,True,False
09:39:41,603033,三维股份,True,False
09:39:44,603035,常熟汽饰,False,True
09:39:50,603039,泛微网络,False,False
09:39:51,603040,新坐标,True,False
09:39:54,603042,华脉科技,False,False
09:40:00,603045,福达合金,True,False
09:40:01,603048,浙江黎明,False,False
09:40:04,603051,鹿山新材,False,False
09:40:10,603053,成都燃气,False,False
09:40:11,603055,台华新材,False,True
09:40:14,603058,永吉股份,False,False
09:40:20,603061,金海通,True,False
09:40:20,603062,麦加芯彩,False,False
09:40:24,603066,音飞储存,False,False
09:40:27,603067,振华股份,False,False
09:40:30,603068,博通集成,False,False
09:40:30,603069,海汽集团,False,True
09:40:34,603071,物产环能,False,False
09:40:36,603072,天和磁材,False,False
09:40:38,603073,彩蝶实业,False,True
09:40:41,603075,热威股份,True,False
09:40:41,603076,乐惠国际,False,False
09:40:44,603077,和邦生物,False,False
09:40:46,603080,新疆火炬,False,True
09:40:47,603081,大丰实业,False,True
09:40:51,603082,北自科技,False,False
09:40:52,603083,剑桥科技,True,False
09:40:54,603085,天成自控,False,False
09:40:55,603086,先达股份,False,False
09:40:57,603087,甘李药业,False,False
09:41:00,603088,宁波精达,False,False
09:41:02,603090,宏盛股份,True,True
09:41:04,603091,众鑫股份,False,False
09:41:05,603092,德力佳,False,False
09:41:07,603093,南华期货,False,True
09:41:11,603095,越剑智能,False,False
09:41:12,603096,新经典,False,True
09:41:13,603097,江苏华辰,False,False
09:41:15,603098,森特股份,False,True
09:41:16,603099,长白山,False,False
09:41:20,603100,川仪股份,False,True
09:41:21,603101,汇嘉时代,False,False
09:41:23,603103,横店影视,False,True
09:41:25,603105,芯能科技,False,True
09:41:26,603106,恒银科技,False,True
09:41:30,603107,上海汽配,False,False
09:41:32,603108,润达医疗,False,True
09:41:33,603109,神驰机电,False,True
09:41:35,603111,康尼机电,False,True
09:41:36,603112,华翔股份,False,False
09:41:40,603113,金能科技,False,True
09:41:43,603116,红蜻蜓,False,False
09:41:44,603115,海星股份,True,False
09:41:45,603117,万林物流,False,True
09:41:45,603118,共进股份,False,False
09:41:50,603119,浙江荣泰,True,False
09:41:53,603120,肯特催化,False,False
09:41:54,603122,合富中国,False,False
09:41:55,603123,翠微股份,False,True
09:41:55,603121,华培动力,False,True
09:42:00,603124,江南新材,True,False
09:42:03,603125,常青科技,False,False
09:42:05,603127,昭衍新药,False,False
09:42:07,603128,华贸物流,False,True
09:42:13,603130,云中马,False,False
09:42:14,603131,上海沪工,False,True
09:42:18,603135,中重科技,True,False
09:42:23,603137,恒尚节能,False,False
09:42:23,603138,海量数据,False,True
09:42:24,603139,康惠股份,False,False
09:42:29,603151,邦基科技,False,False
09:42:32,603155,新亚强,False,False
09:42:33,603158,腾龙股份,False,False
09:42:34,603159,上海亚虹,False,True
09:42:41,603161,科华控股,False,False
09:42:42,603163,圣晖集成,False,False
09:42:43,603165,荣晟环保,False,False
09:42:44,603166,福达股份,False,False
09:42:51,603169,兰石重装,False,True
09:42:52,603170,宝立食品,False,False
09:42:53,603171,税友股份,False,False
09:42:53,603172,万丰股份,False,True
09:43:02,603177,德创环保,False,False
09:43:03,603178,圣龙股份,False,False
09:43:03,603176,汇通集团,False,False
09:43:08,603181,皇马科技,False,False
09:43:12,603182,嘉华股份,False,False
09:43:13,603185,弘元绿能,False,True
09:43:14,603183,建研院,False,False
09:43:18,603188,亚邦股份,False,True
09:43:23,603190,亚通精工,False,False
09:43:23,603191,望变电气,False,False
09:43:24,603192,汇得科技,False,True
09:43:25,603193,润本股份,False,False
09:43:28,603194,中力股份,False,False
09:43:33,603195,公牛集团,False,False
09:43:34,603196,璞源材料,True,False
09:43:35,603197,保隆科技,False,True
09:43:36,603198,迎驾贡酒,False,False
09:43:39,603199,九华旅游,False,True
09:43:43,603200,上海洗霸,False,True
09:43:45,603201,常润股份,False,False
09:43:45,603202,天有为,False,False
09:43:46,603203,快克智能,False,False
09:43:49,603205,健尔康,False,False
09:43:53,603206,嘉环科技,False,False
09:43:55,603207,小方制药,False,False
09:43:55,603208,江山欧派,False,False
09:43:56,603209,兴通股份,False,False
09:44:00,603210,泰鸿万立,False,False
09:44:03,603212,赛伍技术,False,False
09:44:05,603213,镇洋发展,False,False
09:44:05,603214,爱婴室,False,False
09:44:06,603215,比依股份,False,True
09:44:10,603216,梦天家居,False,False
09:44:12,603217,元利科技,False,False
09:44:15,603218,日月股份,False,True
09:44:16,603219,富佳股份,False,False
09:44:17,603220,中贝通信,False,True
09:44:21,603221,爱丽家居,False,False
09:44:22,603222,济民健康,False,True
09:44:25,603223,恒通股份,False,False
09:44:26,603225,新凤鸣,False,False
09:44:26,603226,菲林格尔,False,False
09:44:31,603227,雪峰科技,False,False
09:44:32,603228,景旺电子,False,False
09:44:35,603229,奥翔药业,False,True
09:44:36,603230,内蒙新华,False,False
09:44:36,603231,索宝蛋白,False,False
09:44:41,603232,格尔软件,False,True
09:44:42,603233,大参林,False,False
09:44:45,603235,天新药业,False,False
09:44:46,603236,移远通信,False,True
09:44:47,603237,五芳斋,False,False
09:44:52,603238,诺邦股份,False,True
09:44:52,603239,浙江仙通,False,True
09:44:56,603248,锡华科技,False,False
09:44:56,603255,鼎际得,False,False
09:44:57,603257,中国瑞林,False,False
09:45:02,603258,电魂网络,False,True
09:45:02,603259,药明康德,False,False
09:45:06,603260,合盛硅业,True,True
09:45:07,603261,立航科技,False,False
09:45:08,603262,技源集团,True,False
09:45:12,603266,天龙股份,True,False
09:45:12,603267,鸿远电子,False,False
09:45:16,603268,松发股份,False,False
09:45:17,603269,海鸥股份,True,False
09:45:22,603271,永杰新材,True,False
09:45:22,603273,天元智能,False,False
09:45:27,603275,众辰科技,False,False
09:45:28,603276,恒兴新材,False,False
09:45:32,603279,景津装备,False,True
09:45:33,603278,大业股份,False,True
09:45:36,603280,南方路机,False,True
09:45:38,603281,江瀚新材,True,False
09:45:38,603282,亚光股份,False,False
09:45:43,603283,赛腾股份,False,False
09:45:44,603284,林平发展,False,False
09:45:47,603285,键邦股份,False,False
09:45:48,603288,海天味业,False,False
09:45:48,603286,日盈电子,True,True
09:45:53,603289,泰瑞机器,False,False
09:45:54,603291,联合水务,False,False
09:45:57,603293,埃泰克,False,False
09:45:58,603296,华勤技术,False,False
09:45:58,603297,永新光学,True,False
09:46:03,603298,杭叉集团,False,False
09:46:04,603299,苏盐井神,False,True
09:46:07,603300,海南华铁,False,True
09:46:08,603303,得邦照明,True,False
09:46:08,603301,振德医疗,False,False
09:46:13,603305,旭升集团,False,True
09:46:14,603306,华懋科技,True,False
09:46:17,603307,扬州金泉,False,False
09:46:18,603309,维力医疗,False,True
09:46:18,603310,巍华新材,True,False
09:46:22,603311,金海高科,False,False
09:46:24,603312,西典新能,False,False
09:46:27,603313,梦百合,False,False
09:46:28,603315,福鞍股份,True,False
09:46:28,603316,诚邦股份,True,False
09:46:32,603317,天味食品,False,False
09:46:33,603320,迪贝电气,True,False
09:46:37,603321,梅轮电梯,False,True
09:46:37,603322,超讯科技,False,True
09:46:37,603323,苏农银行,False,True
09:46:42,603324,盛剑科技,True,False
09:46:43,603325,博隆技术,False,False
09:46:47,603326,我乐家居,False,True
09:46:47,603328,依顿电子,True,False
09:46:47,603327,福蓉科技,False,False
09:46:52,603329,上海雅仕,False,False
09:46:53,603331,百达精工,False,True
09:46:56,603332,苏州龙杰,False,True
09:46:57,603333,福华尚纬,False,False
09:46:58,603334,丰倍生物,False,False
09:47:03,603335,迪生力,False,False
09:47:04,603336,宏辉果蔬,False,False
09:47:08,603338,浙江鼎力,False,True
09:47:08,603337,杰克科技,False,False
09:47:10,603339,四方科技,False,False
09:47:13,603341,龙旗科技,False,False
09:47:15,603344,星德胜,False,False
09:47:18,603345,安井食品,False,False
09:47:19,603348,文灿股份,False,True
09:47:20,603350,安乃达,True,False
09:47:23,603351,威尔药业,False,False
09:47:26,603352,至信股份,False,False
09:47:31,603353,和顺石油,True,False
09:47:31,603355,莱克电气,False,False
09:47:31,603356,华菱精工,False,False
09:47:35,603357,设计总院,False,True
09:47:36,603358,华达科技,False,False
09:47:41,603360,百傲化学,True,True
09:47:41,603365,水星家纺,False,False
09:47:41,603363,傲农生物,False,True
09:47:46,603367,辰欣药业,False,False
09:47:47,603368,柳药集团,False,True
09:47:52,603373,安邦护卫,False,False
09:47:53,603369,今世缘,False,False
09:47:56,603375,盛景微,False,False
09:47:57,603376,大明电子,False,False
09:48:03,603379,三美股份,False,False
09:48:05,603380,易德龙,False,False
09:48:05,603381,永臻股份,False,False
09:48:09,603382,海阳科技,False,False
09:48:10,603385,惠达卫浴,False,False
09:48:14,603386,骏亚科技,False,False
09:48:15,603387,基蛋生物,False,False
09:48:16,603390,通达电气,False,False
09:48:19,603391,力聚热能,False,False
09:48:20,603392,万泰生物,False,True
09:48:24,603393,新天然气,False,False
09:48:26,603395,红四方,False,False
09:48:27,603396,金辰股份,False,True
09:48:29,603399,永杉锂业,False,False
09:48:32,603400,华之杰,False,False
09:48:35,603402,陕西旅游,False,False
09:48:36,603408,建霖家居,False,False
09:48:37,603409,汇通控股,True,False
09:48:40,603416,信捷电气,True,True
09:48:42,603418,友升股份,False,False
09:48:46,603421,鼎信通讯,False,True
09:48:47,603444,吉比特,False,True
09:48:47,603439,三力制药,True,False
09:48:50,603456,九洲药业,False,False
09:48:52,603458,勘设股份,True,False
09:48:56,603459,红板科技,False,False
09:48:57,603468,津富士达,False,False
09:48:57,603466,风语筑,False,False
09:48:59,603477,巨星农牧,False,False
09:49:02,603486,科沃斯,False,True
09:49:09,603488,展鹏科技,False,False
09:49:10,603496,恒为科技,False,False
09:49:12,603489,八方股份,False,False
09:49:12,603499,翔港科技,True,True
09:49:16,603500,祥和实业,True,False
09:49:20,603501,豪威集团,True,True
09:49:21,603505,金石资源,True,False
09:49:22,603507,振江股份,False,False
09:49:22,603508,思维列控,False,False
09:49:26,603511,爱慕股份,False,True
09:49:31,603515,欧普照明,False,True
09:49:31,603516,淳中科技,True,True
09:49:34,603518,锦泓集团,False,False
09:49:34,603519,立霸股份,False,False
09:49:36,603520,司太立,True,False
09:49:40,603527,众源新材,False,False
09:49:41,603528,多伦科技,False,True
09:49:43,603529,爱玛科技,False,True
09:49:44,603533,掌阅科技,False,False
09:49:47,603535,嘉诚国际,False,True
09:49:51,603536,惠发食品,False,False
09:49:53,603538,美诺华,False,False
09:49:54,603551,奥普科技,False,False
09:49:58,603559,中通国脉,False,False
09:50:01,603565,中谷物流,False,False
09:50:05,603566,普莱柯,False,True
09:50:07,603567,珍宝岛,False,True
09:50:10,603568,伟明环保,False,True
09:50:13,603577,汇金通,False,False
09:50:17,603578,三星新材,False,False
09:50:20,603583,捷昌驱动,False,True
09:50:23,603586,金麒麟,False,True
09:50:27,603588,高能环境,True,False
09:50:33,603598,引力传媒,False,False
09:50:33,603589,口子窖,False,True
09:50:35,603600,永艺股份,False,False
09:50:38,603601,再升科技,True,False
09:50:43,603605,珀莱雅,False,False
09:50:45,603609,禾丰股份,False,False
09:50:46,603607,京华激光,False,True
09:50:52,603610,麒盛科技,False,False
09:50:53,603612,索通发展,False,True
09:50:55,603615,茶花股份,False,True
09:50:58,603616,韩建河山,False,False
09:51:03,603619,中曼石油,False,False
09:51:04,603626,科森科技,True,False
09:51:10,603630,拉芳家化,False,True
09:51:13,603636,南威软件,False,True
09:51:14,603637,镇海股份,True,False
09:51:20,603638,艾迪精密,True,False
09:51:23,603648,畅联股份,False,True
09:51:23,603655,朗博科技,False,False
09:51:24,603656,泰禾智能,False,True
09:51:32,603658,安图生物,False,True
09:51:33,603661,恒林股份,False,False
09:51:35,603659,璞泰来,False,False
09:51:43,603668,天马科技,False,True
09:51:44,603666,亿嘉和,False,False
09:51:48,603669,灵康药业,False,False
09:51:51,603679,华体科技,False,False
09:51:53,603680,今创集团,False,True
09:51:57,603681,永冠新材,True,False
09:52:00,603683,晶华新材,True,False
09:52:01,603685,晨丰科技,False,False
09:52:03,603686,福龙马,False,True
09:52:08,603688,石英股份,True,False
09:52:11,603690,至纯科技,True,True
09:52:13,603696,安记食品,False,False
09:52:14,603689,皖天然气,False,True
09:52:20,603698,航天工程,True,False
09:52:22,603697,有友食品,False,True
09:52:23,603700,宁水集团,False,False
09:52:25,603701,德宏股份,False,False
09:52:31,603706,东方环宇,False,False
09:52:32,603707,健友股份,False,False
09:52:33,603708,家家悦,False,False
09:52:35,603711,香飘飘,False,False
09:52:41,603713,密尔克卫,False,False
09:52:43,603716,塞力医疗,False,True
09:52:44,603717,天域生物,False,False
09:52:45,603721,中广天择,False,False
09:52:52,603722,阿科力,False,False
09:52:52,603725,天安新材,False,False
09:52:55,603726,朗迪集团,False,False
09:52:56,603727,博迈科,False,False
09:53:02,603737,三棵树,False,True
09:53:05,603738,泰晶科技,True,False
09:53:05,603739,蔚蓝生物,False,True
09:53:06,603755,日辰股份,False,True
09:53:12,603759,海天股份,False,True
09:53:16,603767,中马传动,False,True
09:53:16,603768,常青股份,False,False
09:53:16,603776,永安行,False,False
09:53:20,603777,来伊份,False,False
09:53:23,603778,国晟科技,False,True
09:53:26,603786,科博达,False,True
09:53:27,603779,威龙股份,False,False
09:53:27,603787,新日股份,False,True
09:53:31,603788,宁波高发,False,False
09:53:34,603790,雅运股份,False,False
09:53:36,603797,联泰环保,False,True
09:53:38,603798,康普顿,False,False
09:53:39,603799,华友钴业,False,True
09:53:43,603800,洪田股份,False,False
09:53:47,603803,瑞斯康达,False,False
09:53:48,603806,福斯特,False,False
09:53:49,603808,歌力思,False,False
09:53:53,603809,豪能股份,False,True
09:53:56,603810,丰山集团,False,True
09:53:58,603815,交建股份,False,False
09:53:59,603816,顾家家居,False,False
09:54:02,603817,海峡环保,False,True
09:54:03,603818,曲美家居,False,False
09:54:07,603819,神力股份,False,False
09:54:08,603823,百合花,False,False
09:54:09,603826,坤彩科技,False,False
09:54:12,603829,洛凯股份,False,True
09:54:13,603833,欧派家居,False,True
09:54:17,603836,海程邦达,False,False
09:54:18,603839,安正时尚,False,True
09:54:20,603855,华荣股份,False,False
09:54:23,603856,东宏股份,True,False
09:54:23,603858,步长制药,False,False
09:54:28,603859,能科科技,False,False
09:54:29,603860,中公高科,False,False
09:54:29,603861,白云电器,False,True
09:54:32,603863,松炀资源,False,True
09:54:33,603866,桃李面包,False,True
09:54:38,603867,新化股份,False,False
09:54:39,603868,飞科电器,False,False
09:54:39,603871,嘉友国际,False,False
09:54:42,603877,太平鸟,False,True
09:54:42,603878,武进不锈,False,True
09:54:48,603879,永悦科技,False,False
09:54:49,603881,数据港,False,False
09:54:50,603882,金域医学,False,False
09:54:52,603885,吉祥航空,False,False
09:54:52,603883,老百姓,False,True
09:54:58,603886,元祖股份,False,False
09:54:59,603887,城地香江,False,True
09:55:00,603888,新华网,False,True
09:55:02,603893,瑞芯微,False,False
09:55:03,603889,新澳股份,False,False
09:55:08,603895,天永智能,False,False
09:55:09,603896,寿仙谷,False,False
09:55:10,603897,长城科技,False,False
09:55:12,603899,晨光股份,False,False
09:55:13,603900,莱绅通灵,False,True
09:55:19,603901,永创智能,False,True
09:55:20,603903,中持股份,False,True
09:55:21,603906,龙蟠科技,False,False
09:55:23,603908,牧高笛,False,True
09:55:24,603909,建发合诚,False,True
09:55:29,603912,佳力图,False,False
09:55:30,603915,国茂股份,False,True
09:55:31,603916,苏博特,False,False
09:55:34,603917,合力科技,False,True
09:55:34,603918,金桥信息,False,True
09:55:40,603919,金徽酒,False,False
09:55:41,603920,世运电路,True,True
09:55:41,603926,铁流股份,False,True
09:55:43,603927,中科软,False,True
09:55:44,603928,兴业股份,True,False
09:55:50,603929,亚翔集成,False,False
09:55:50,603931,格林达,True,False
09:55:51,603933,睿能科技,False,False
09:55:54,603936,博敏电子,True,False
09:55:54,603937,丽岛新材,True,False
09:56:00,603938,三孚股份,False,False
09:56:01,603939,益丰药房,False,False
09:56:01,603948,建业股份,False,False
09:56:04,603949,雪龙集团,False,False
09:56:05,603950,长源东谷,True,False
09:56:10,603955,大千生态,False,False
09:56:11,603956,威派格,False,False
09:56:11,603958,哈森股份,False,False
09:56:14,603960,克来机电,False,False
09:56:15,603966,法兰泰克,False,False
09:56:20,603967,中创物流,False,False
09:56:21,603968,醋化股份,False,True
09:56:21,603969,银龙股份,False,True
09:56:24,603970,中农立华,False,True
09:56:25,603976,正川股份,False,False
09:56:30,603977,国泰集团,False,False
09:56:31,603978,深圳新星,True,False
09:56:31,603979,金诚信,False,False
09:56:34,603980,吉华集团,False,False
09:56:35,603982,泉峰汽车,False,True
09:56:40,603983,丸美生物,False,False
09:56:41,603985,恒润股份,True,False
09:56:42,603986,兆易创新,False,False
09:56:44,603987,康德莱,False,True
09:56:45,603988,中电电机,False,True
09:56:50,603989,艾华集团,False,False
09:56:52,603990,麦迪科技,False,False
09:56:52,603991,领先股份,False,False
09:56:56,603993,洛阳钼业,False,True
09:56:56,603992,松霖科技,True,True
09:57:00,603997,继峰股份,False,False
09:57:02,603998,方盛制药,False,True
09:57:03,603999,读者传媒,False,True
09:57:06,605001,威奥股份,False,True
09:57:06,605003,众望布艺,False,True
09:57:10,605005,合兴股份,False,True
09:57:12,605006,山东玻纤,True,False
09:57:13,605007,五洲特纸,False,False
09:57:16,605009,豪悦护理,False,True
09:57:16,605008,长鸿高科,False,True
09:57:20,605011,杭州热电,False,False
09:57:21,605016,百龙创园,True,False
09:57:23,605018,长华集团,False,False
09:57:26,605028,世茂能源,False,True
09:57:26,605020,永和股份,True,False
09:57:37,605033,美邦股份,False,False
09:57:38,605050,福然德,False,False
09:57:43,605055,迎丰股份,False,False
09:57:46,605056,咸亨国际,False,False
09:57:48,605058,澳弘电子,False,True
09:57:53,605060,联德股份,False,False
09:57:54,605066,天正电气,False,False
09:57:55,605068,明新旭腾,False,False
09:57:58,605077,华康股份,False,False
09:57:59,605069,正和生态,True,False
09:58:04,605086,龙高股份,False,True
09:58:05,605088,冠盛股份,False,True
09:58:07,605089,味知香,False,False
09:58:08,605090,九丰能源,False,True
09:58:09,605098,行动教育,False,False
09:58:14,605099,共创草坪,False,False
09:58:15,605100,华丰股份,False,False
09:58:17,605108,同庆楼,False,False
09:58:18,605111,新洁能,True,False
09:58:21,605116,奥锐特,False,True
09:58:24,605117,德业股份,True,False
09:58:25,605118,力鼎光电,False,True
09:58:27,605122,四方新材,False,False
09:58:28,605128,上海沿浦,False,True
09:58:31,605133,嵘泰股份,False,False
09:58:34,605136,丽人丽妆,False,True
09:58:36,605138,盛泰集团,False,False
09:58:37,605151,西上海,False,False
09:58:38,605155,西大门,False,True
09:58:41,605158,华达新材,False,False
09:58:45,605162,新中港,False,False
09:58:46,605166,聚合顺,False,False
09:58:47,605167,利柏特,False,False
09:58:48,605168,三人行,True,False
09:58:51,605169,洪通燃气,False,True
09:58:55,605177,东亚药业,False,False
09:58:56,605178,时空科技,True,False
09:58:57,605179,一鸣食品,False,False
09:58:58,605180,华生科技,False,True
09:59:01,605183,确成股份,False,True
09:59:05,605186,健麾信息,True,False
09:59:07,605188,国光连锁,False,True
09:59:07,605189,富春染织,False,False
09:59:08,605196,华通线缆,False,True
09:59:11,605208,永茂泰,True,False
09:59:15,605218,伟时电子,True,True
09:59:17,605222,起帆电缆,False,True
09:59:18,605228,神通科技,False,True
09:59:18,605258,协和电子,True,False
09:59:21,605259,绿田机械,False,True
09:59:25,605266,健之佳,False,False
09:59:27,605277,新亚电子,False,False
09:59:28,605268,王力安防,False,True
09:59:31,605287,德才股份,False,False
09:59:35,605288,凯迪股份,True,True
09:59:37,605289,罗曼股份,False,False
09:59:38,605296,神农集团,False,False
09:59:41,605298,必得科技,False,False
09:59:46,605300,佳禾食品,False,False
09:59:47,605305,中际联合,True,False
09:59:48,605318,法狮龙,False,False
09:59:51,605337,李子园,False,True
09:59:56,605339,南侨食品,False,True
09:59:57,605365,立达信,False,True
09:59:59,605366,宏柏新材,False,False
10:00:01,605369,拱东医疗,False,False
10:00:06,605378,野马电池,False,True
10:00:07,605388,均瑶健康,False,False
10:00:11,605399,晨光新材,True,False
10:00:16,605499,东鹏饮料,False,True
10:00:16,605488,福莱新材,False,True
10:00:17,605500,森林包装,False,True
10:00:22,605507,国邦医药,False,True
10:00:26,605566,福莱蒽特,False,False
10:00:27,605577,龙版传媒,False,False
10:00:28,605580,恒盛能源,False,False
10:00:31,605588,冠石科技,True,False
10:00:32,605589,圣泉集团,True,False
10:00:35,605598,上海港湾,True,True
10:00:36,605599,菜百股份,False,False
10:00:45,300004,南风股份,False,False
10:00:47,300001,特锐德,False,False
10:00:49,300002,神州泰岳,False,True
10:00:51,300003,乐普医疗,False,True
10:00:54,300005,探路者,True,False
10:01:07,300007,汉威科技,False,False
10:01:10,300006,莱美药业,False,False
10:01:12,300008,天海防务,False,True
10:01:18,300009,安科生物,False,False
10:01:26,300012,华测检测,False,False
10:01:35,300016,北陆药业,False,False
10:01:38,300014,亿纬锂能,False,False
10:01:41,300015,爱尔眼科,False,False
10:01:54,300021,大禹节水,False,False
10:01:59,300022,吉峰科技,False,False
10:02:04,300018,中元股份,False,False
10:02:05,300024,机器人,False,True
10:02:17,300026,红日药业,False,True
10:02:17,300030,阳普医疗,False,False
10:02:19,300032,金龙机电,False,True
10:02:22,300031,宝通科技,True,False
10:02:33,300036,超图软件,False,True
10:02:33,300040,九洲集团,False,False
10:02:37,300034,钢研高纳,True,True
10:02:40,300037,新宙邦,False,False
10:02:42,300043,星辉娱乐,False,False
10:02:52,300050,世纪鼎利,False,False
10:02:53,300051,琏升科技,False,False
10:02:54,300045,华力创通,False,True
10:02:55,300047,天源迪科,False,True
10:02:59,300049,福瑞医科,False,True
10:03:01,300052,中青宝,True,False
10:03:06,300053,航宇微,False,True
10:03:09,300056,中创环保,False,False
10:03:12,300054,鼎龙股份,True,False
10:03:14,300055,万邦达,False,False
10:03:19,300057,万顺新材,False,False
10:03:20,300058,蓝色光标,False,False
10:03:24,300062,中能电气,False,True
10:03:27,300059,东方财富,False,False
10:03:29,300063,天龙集团,False,True
10:03:32,300061,旗天科技,False,False
10:03:33,300066,三川智慧,False,True
10:03:39,300071,福石控股,False,True
10:03:42,300067,安诺其,False,False
10:03:46,300070,碧水源,False,False
10:03:47,300073,当升科技,False,True
10:03:49,300074,华平股份,False,True
10:03:50,300072,海新能科,False,True
10:03:57,300078,思创智联,False,False
10:04:01,300075,数字政通,False,True
10:04:06,300077,国民技术,False,False
10:04:07,300079,数码视讯,False,True
10:04:08,300080,易成新能,False,True
10:04:10,300082,奥克股份,False,True
10:04:16,300084,海默科技,False,False
10:04:18,300086,康芝药业,False,True
10:04:20,300083,创世纪,False,False
10:04:24,300088,长信科技,False,False
10:04:25,300085,银之杰,False,False
10:04:26,300092,科新机电,False,True
10:04:28,300093,金刚光伏,False,False
10:04:30,300094,国联水产,False,True
10:04:35,300095,华伍股份,False,False
10:04:36,300097,智云股份,False,False
10:04:44,300100,双林股份,True,True
10:04:46,300099,尤洛卡,False,True
10:04:48,300101,振芯科技,False,True
10:04:50,300102,乾照光电,False,True
10:04:54,300103,达刚控股,False,False
10:04:56,300105,龙源技术,False,True
10:04:57,300098,高新兴,False,True
10:04:58,300106,西部牧业,False,False
10:05:01,300107,建新股份,False,True
10:05:07,300110,华仁药业,False,True
10:05:07,300111,向日葵,False,True
10:05:08,300112,万讯自控,False,False
10:05:14,300109,新开源,True,False
10:05:17,300119,瑞普生物,False,False
10:05:18,300120,经纬辉开,False,False
10:05:18,300113,顺网科技,False,True
10:05:24,300121,阳谷华泰,True,True
10:05:26,300118,东方日升,False,True
10:05:28,300125,聆达股份,False,False
10:05:31,300124,汇川技术,False,False
10:05:34,300126,锐奇股份,False,True
10:05:36,300127,银河磁体,True,True
10:05:36,300122,智飞生物,False,False
10:05:45,300129,泰胜风能,False,True
10:05:47,300132,诺斯贝尔,False,True
10:05:48,300128,锦富技术,True,False
10:05:53,300130,新国都,False,True
10:05:58,300135,宝利国际,False,True
10:05:59,300133,华策影视,False,True
10:06:01,300131,英唐智控,True,False
10:06:05,300134,大富科技,False,True
10:06:08,300137,先河环保,True,False
10:06:09,300138,晨光生物,False,False
10:06:13,300136,信维通信,True,False
10:06:15,300140,节能环境,False,True
10:06:18,300141,和顺电气,False,True
10:06:27,300139,晓程科技,False,True
10:06:28,300142,沃森生物,False,False
10:06:31,300143,盈康生命,False,True
10:06:35,300144,宋城演艺,False,False
10:06:36,300145,南方泵业,True,False
10:06:37,300148,天舟文化,False,True
10:06:45,300150,世纪瑞尔,False,False
10:06:47,300154,瑞凌股份,False,True
10:06:47,300146,汤臣倍健,False,True
10:06:49,300149,睿智医药,False,True
10:06:54,300151,昌红科技,True,False
10:06:55,300157,新锦动力,False,True
10:06:57,300159,新研股份,True,False
10:06:59,300160,秀强股份,False,False
10:07:00,300158,振东制药,False,False
10:07:07,300161,华中数控,False,False
10:07:07,300163,先锋新材,False,False
10:07:08,300162,雷曼光电,False,False
10:07:09,300165,天瑞仪器,False,False
10:07:14,300166,东方国信,False,False
10:07:18,300169,天晟新材,False,False
10:07:24,300172,中电环保,False,False
10:07:27,300168,万达信息,False,True
10:07:27,300170,汉得信息,False,True
10:07:28,300171,东富龙,False,True
10:07:33,300175,朗源股份,False,False
10:07:37,300174,元力股份,True,False
10:07:37,300176,鸿特科技,False,True
10:07:42,300180,华峰超纤,False,True
10:07:47,300181,佐力药业,False,False
10:07:48,300177,中海达,False,True
10:07:55,300183,东软载波,False,True
10:07:56,300182,捷成股份,False,True
10:07:57,300187,永清环保,False,False
10:08:00,300185,通裕重工,False,True
10:08:00,300184,力源信息,True,False
10:08:07,300190,维尔利,False,True
10:08:11,300192,科德教育,False,True
10:08:13,300188,国投智能,False,True
10:08:13,300191,潜能恒信,False,False
10:08:15,300189,神农种业,False,True
10:08:16,300193,佳士科技,False,False
10:08:22,300196,长海股份,False,False
10:08:22,300195,长荣股份,False,True
10:08:30,300194,福安药业,False,True
10:08:32,300200,高盟新材,False,False
10:08:34,300197,节能铁汉,False,False
10:08:35,300199,翰宇药业,False,False
10:08:40,300201,海伦哲,False,False
10:08:44,300206,理邦仪器,False,False
10:08:45,300204,舒泰神,False,False
10:08:50,300209,行云科技,False,False
10:08:50,300203,聚光科技,True,True
10:08:53,300210,森远股份,False,False
10:08:54,300207,欣旺达,False,True
10:08:55,300213,佳讯飞鸿,False,True
10:09:00,300215,电科院,False,False
10:09:04,300218,安利股份,False,True
10:09:06,300220,金运激光,False,False
10:09:09,300217,东方电热,False,True
10:09:10,300221,银禧科技,True,False
10:09:12,300219,鸿利智汇,False,False
10:09:20,300225,金力泰,False,False
10:09:22,300223,君正股份,False,False
10:09:23,300222,科大智能,False,False
10:09:29,300224,正海磁材,False,True
10:09:30,300227,光韵达,False,False
10:09:31,300228,富瑞特装,False,True
10:09:32,300226,上海钢联,False,True
10:09:40,300231,银信科技,False,True
10:09:40,300230,永利股份,False,False
10:09:42,300229,拓尔思,False,True
10:09:47,300232,洲明科技,False,True
10:09:50,300234,开尔新材,False,False
10:09:51,300235,方直科技,False,False
10:09:52,300233,金城医药,False,False
10:09:57,300238,冠昊生物,False,False
10:10:00,300239,东宝生物,False,False
10:10:01,300240,飞力达,False,True
10:10:02,300236,上海新阳,True,False
10:10:03,300241,瑞丰光电,False,False
10:10:07,300242,佳云科技,False,False
10:10:11,300247,融捷健康,False,True
10:10:12,300248,新开普,False,True
10:10:17,300250,初灵信息,False,True
10:10:18,300249,依米康,False,True
10:10:19,300244,迪安诊断,False,False
10:10:22,300252,金信诺,False,False
10:10:28,300254,仟源医药,False,False
10:10:30,300251,光线传媒,False,True
10:10:31,300253,卫宁健康,False,False
10:10:32,300256,星星科技,False,True
10:10:37,300255,常山药业,False,True
10:10:41,300259,新天科技,False,True
10:10:48,300257,开山股份,False,True
10:10:48,300258,精锻科技,True,True
10:10:53,300260,新莱应材,True,False
10:10:55,300263,隆华科技,False,False
10:10:55,300261,雅本化学,False,True
10:10:58,300264,佳创视讯,False,True
10:11:03,300266,兴源环境,False,True
10:11:05,300268,佳沃食品,False,False
10:11:08,300265,通光线缆,False,False
10:11:08,300269,联建光电,False,True
10:11:09,300267,尔康制药,False,True
10:11:13,300270,中威电子,False,False
10:11:18,300272,开能健康,False,True
10:11:19,300275,梅安森,False,True
10:11:23,300271,华宇软件,False,True
10:11:27,300274,阳光电源,False,False
10:11:28,300277,汽轮科技,True,True
10:11:33,300279,和晶科技,False,True
10:11:33,300278,华昌达,False,False
10:11:37,300281,金明精机,False,False
10:11:38,300283,温州宏丰,True,False
10:11:38,300276,三丰智能,True,False
10:11:48,300285,国瓷材料,False,False
10:11:49,300284,苏交科,False,True
10:11:49,300288,朗玛信息,False,True
10:11:52,300286,安科瑞,False,True
10:11:55,300287,飞利信,False,True
10:11:59,300289,利德曼,False,False
10:11:59,300292,吴通控股,True,False
10:12:00,300291,百纳千成,False,True
10:12:03,300293,蓝英装备,False,False
10:12:10,300299,富春股份,False,False
10:12:13,300296,利亚德,False,True
10:12:15,300294,博雅生物,False,True
10:12:19,300298,三诺生物,False,False
10:12:22,300300,海峡创新,False,True
10:12:25,300304,云意电气,True,False
10:12:26,300303,聚飞光电,False,False
10:12:29,300302,同有科技,True,False
10:12:30,300305,裕兴股份,True,False
10:12:32,300306,远方信息,False,True
10:12:35,300307,慈星股份,False,False
10:12:40,300311,任子行,False,False
10:12:42,300308,中际旭创,False,False
10:12:43,300313,天山生物,False,False
10:12:46,300314,戴维医疗,False,True
10:12:47,300310,宜通世纪,False,True
10:12:52,300318,博晖创新,False,False
10:12:57,300321,同大股份,True,False
10:12:59,300315,掌趣科技,False,False
10:13:02,300319,麦捷科技,False,False
10:13:04,300320,海达股份,False,False
10:13:05,300322,硕贝德,False,True
10:13:15,300323,华灿光电,True,False
10:13:16,300329,海伦钢琴,False,True
10:13:18,300324,旋极信息,False,True
10:13:23,300328,宜安科技,False,False
10:13:23,300327,中颖电子,False,False
10:13:28,300334,津膜科技,True,False
10:13:29,300332,天壕能源,False,False
10:13:33,300331,苏大维格,True,False
10:13:33,300335,迪森股份,False,True
10:13:39,300340,科恒股份,False,False
10:13:41,300337,银邦股份,False,True
10:13:43,300341,麦克奥迪,False,True
10:13:44,300345,华民股份,True,True
10:13:48,300339,润和软件,False,True
10:13:54,300346,南大光电,False,False
10:13:58,300350,华鹏飞,False,True
10:14:01,300347,泰格医药,False,False
10:14:03,300349,金卡智能,False,True
10:14:03,300348,长亮科技,False,True
10:14:07,300351,永贵电器,False,False
10:14:12,300354,东华测试,False,True
10:14:18,300353,东土科技,True,False
10:14:22,300359,全通教育,False,False
10:14:25,300357,我武生物,False,True
10:14:25,300355,蒙草生态,False,True
10:14:35,300365,恒华科技,False,True
10:14:35,300368,汇金股份,False,True
10:14:36,300360,炬华科技,False,True
10:14:39,300369,绿盟科技,False,False
10:14:41,300364,中文在线,False,False
10:14:48,300370,安控科技,False,True
10:14:50,300371,汇中股份,False,True
10:14:51,300374,中铁装配,False,False
10:14:55,300375,鹏翎股份,False,True
10:14:56,300376,易事特,False,True
10:15:04,300380,安硕信息,False,False
10:15:07,300381,溢多利,False,False
10:15:11,300378,鼎捷数智,False,True
10:15:14,300384,三联虹普,False,True
10:15:16,300382,斯莱克,False,False
10:15:17,300386,飞天诚信,False,True
10:15:21,300388,节能国祯,False,True
10:15:34,300393,中来股份,False,True
10:15:34,300394,天孚通信,False,False
10:15:34,300390,天华新能,True,False
10:15:37,300399,天利科技,False,True
10:15:39,300397,天和防务,True,False
10:15:44,300400,劲拓股份,False,False
10:15:44,300402,宝色股份,False,True
10:15:49,300404,博济医药,False,False
10:15:51,300405,科隆股份,False,False
10:15:53,300401,花园生物,False,False
10:15:54,300407,凯发电气,False,False
10:16:03,300406,九强生物,False,False
10:16:04,300411,金盾股份,False,True
10:16:04,300410,正业科技,False,False
10:16:09,300408,三环集团,True,False
10:16:10,300409,道氏技术,False,True
10:16:13,300412,迦南科技,False,False
10:16:14,300414,中光防雷,False,False
10:16:24,300417,南华仪器,False,False
10:16:28,300415,伊之密,False,True
10:16:28,300416,苏试试验,True,False
10:16:32,300421,力星股份,False,True
10:16:34,300422,博世科,False,True
10:16:34,300418,昆仑万维,False,False
10:16:38,300423,昇辉科技,False,True
10:16:39,300424,航新科技,False,False
10:16:43,300425,中建环能,False,True
10:16:44,300426,华智数媒,False,True
10:16:44,300427,红相股份,False,True
10:16:53,300428,立中集团,False,True
10:16:54,300434,金石亚药,False,False
10:16:57,300429,强力新材,True,False
10:17:02,300432,富临精工,True,False
10:17:03,300433,蓝思科技,False,False
10:17:03,300437,清水源,False,True
10:17:10,300439,美康生物,False,False
10:17:12,300440,运达科技,False,False
10:17:16,300436,广生堂,False,False
10:17:16,300441,鲍斯股份,False,False
10:17:21,300442,润泽科技,False,False
10:17:21,300444,双杰电气,False,False
10:17:29,300445,康斯特,False,False
10:17:30,300443,金雷股份,False,True
10:17:31,300446,航天智造,False,True
10:17:31,300448,浩云科技,False,True
10:17:31,300447,全信股份,False,True
10:17:41,300452,山河药辅,False,True
10:17:41,300449,汉邦高科,False,True
10:17:42,300453,三鑫医疗,False,False
10:17:49,300451,创业慧康,False,False
10:17:52,300450,先导智能,False,True
10:18:00,300456,赛微电子,False,True
10:18:01,300454,深信服,False,True
10:18:02,300455,航天智装,False,True
10:18:09,300457,赢合科技,False,False
10:18:11,300461,田中精机,False,False
10:18:13,300458,全志科技,False,False
10:18:19,300459,汤姆猫,False,False
10:18:21,300464,星徽股份,False,False
10:18:21,300466,赛摩智能,False,True
10:18:21,300463,迈克生物,False,True
10:18:25,300467,迅游科技,False,False
10:18:34,300470,中密控股,False,True
10:18:37,300468,四方精创,False,True
10:18:38,300473,德尔股份,True,True
10:18:38,300469,信息发展,False,True
10:18:39,300471,厚普股份,False,True
10:18:48,300478,杭州高新,True,False
10:18:52,300479,神思电子,False,True
10:18:54,300474,景嘉微,False,False
10:18:55,300475,香农芯创,True,False
10:18:58,300480,光力科技,False,False
10:19:05,300483,首华燃气,False,False
10:19:06,300476,胜宏科技,True,False
10:19:08,300484,蓝海华腾,False,True
10:19:13,300481,濮阳惠成,True,True
10:19:15,300485,赛升药业,False,False
10:19:16,300482,万孚生物,False,False
10:19:19,300486,东杰智能,True,False
10:19:24,300489,光智科技,False,False
10:19:25,300488,恒锋工具,True,False
10:19:28,300490,华自科技,False,True
10:19:31,300491,通合科技,False,False
10:19:33,300487,蓝晓科技,False,False
10:19:42,300492,华图山鼎,False,True
10:19:42,300494,盛天网络,False,True
10:19:45,300493,润欣科技,False,True
10:19:51,300497,富祥股份,False,False
10:19:53,300496,中科创达,False,False
10:19:58,300500,启迪设计,False,True
10:20:01,300501,海顺新材,True,False
10:20:01,300498,温氏股份,False,False
10:20:05,300499,高澜股份,False,False
10:20:11,300504,天邑股份,False,False
10:20:11,300506,名家汇,False,False
10:20:13,300502,新易盛,True,False
10:20:19,300503,昊志机电,True,False
10:20:21,300508,维宏股份,True,False
10:20:21,300509,新美星,False,True
10:20:25,300507,苏奥传感,False,True
10:20:27,300510,金冠股份,False,True
10:20:30,300512,中亚股份,False,True
10:20:31,300513,恒实科技,False,True
10:20:31,300511,雪榕生物,False,True
10:20:37,300514,友讯达,False,True
10:20:40,300516,久之洋,False,True
10:20:40,300515,三德科技,False,True
10:20:41,300517,海波重科,False,False
10:20:45,300518,新迅达,True,False
10:20:48,300519,新光药业,False,False
10:20:50,300521,爱司凯,False,False
10:20:54,300522,世名科技,False,False
10:20:58,300523,辰安科技,False,True
10:20:59,300520,科大国创,False,True
10:21:00,300528,幸福蓝海,False,True
10:21:09,300531,优博讯,False,False
10:21:10,300532,今天国际,False,False
10:21:10,300525,博思软件,False,False
10:21:12,300530,领湃科技,False,True
10:21:17,300529,健帆生物,False,False
10:21:19,300533,冰川网络,False,True
10:21:19,300534,陇神戎发,False,False
10:21:24,300535,达威股份,False,True
10:21:26,300536,农尚环境,False,False
10:21:29,300538,同益股份,False,False
10:21:29,300539,横河精密,False,True
10:21:30,300537,广信材料,True,False
10:21:35,300541,先进数通,False,True
10:21:39,300543,朗科智能,False,True
10:21:39,300545,联得装备,False,False
10:21:47,300542,新晨科技,False,False
10:21:50,300549,优德精密,False,False
10:21:56,300546,雄帝科技,False,False
10:21:57,300547,川环科技,False,False
10:21:58,300548,长芯博创,True,False
10:21:59,300551,古鳌科技,False,True
10:22:02,300550,和仁科技,False,False
10:22:08,300554,三超新材,True,False
10:22:09,300556,丝路视觉,False,False
10:22:11,300552,万集科技,False,False
10:22:16,300553,集智股份,False,False
10:22:18,300557,理工光科,False,False
10:22:19,300559,佳发教育,False,False
10:22:28,300558,贝达药业,False,False
10:22:28,300560,中富通,False,False
10:22:31,300561,汇金科技,False,False
10:22:33,300562,乐心医疗,False,False
10:22:39,300563,神宇股份,False,False
10:22:39,300564,筑博设计,False,False
10:22:42,300565,科信技术,False,False
10:22:50,300566,激智科技,False,False
10:22:54,300567,精测电子,True,False
10:22:55,300570,太辰光,True,False
10:22:57,300569,天能重工,False,True
10:22:58,300568,星源材质,False,False
10:23:00,300571,平治信息,False,False
10:23:04,300572,安车检测,False,False
10:23:07,300575,中旗股份,False,False
10:23:09,300573,兴齐眼药,False,True
10:23:09,300577,开润股份,False,False
10:23:14,300578,会畅科技,False,True
10:23:18,300576,容大感光,False,False
10:23:18,300580,贝斯特,False,False
10:23:23,300582,英飞特,False,False
10:23:25,300579,数字认证,False,True
10:23:27,300583,赛托生物,False,False
10:23:28,300584,海辰药业,False,True
10:23:28,300581,晨曦航空,False,True
10:23:34,300585,奥联电子,False,False
10:23:38,300588,熙菱信息,False,True
10:23:43,300590,移为通信,True,False
10:23:44,300586,美联新材,True,False
10:23:47,300587,天铁科技,False,False
10:23:47,300589,江龙船艇,False,True
10:23:56,300593,新雷能,False,False
10:23:57,300597,吉大通信,False,False
10:23:58,300595,欧普康视,False,True
10:24:03,300596,利安隆,True,False
10:24:05,300598,诚迈科技,False,True
10:24:06,300599,雄塑科技,False,False
10:24:07,300600,国瑞科技,False,True
10:24:15,300603,立昂技术,False,True
10:24:17,300605,恒锋信息,False,False
10:24:22,300602,飞荣达,True,False
10:24:23,300601,康泰生物,False,True
10:24:24,300604,长川科技,False,False
10:24:25,300606,金太阳,False,False
10:24:32,300608,思特奇,False,False
10:24:35,300607,拓斯达,False,False
10:24:39,300609,汇纳科技,False,False
10:24:41,300611,美力科技,False,True
10:24:41,300612,宣亚国际,False,True
10:24:43,300610,晨化股份,False,True
10:24:51,300616,尚品宅配,False,True
10:24:52,300614,百川畅银,False,True
10:24:55,300613,富瀚微,False,False
10:24:56,300617,安靠智电,False,False
10:24:57,300615,欣天科技,False,False
10:25:05,300619,金银河,False,False
10:25:10,300621,维业股份,False,False
10:25:10,300618,寒锐钴业,False,True
10:25:11,300622,博士眼镜,False,False
10:25:13,300620,光库科技,False,False
10:25:20,300625,三雄极光,False,True
10:25:22,300626,华瑞股份,False,False
10:25:27,300623,捷捷微电,True,False
10:25:31,300624,万兴科技,False,True
10:25:31,300627,华测导航,False,True
10:25:39,300628,亿联网络,False,False
10:25:40,300631,久吾高科,False,True
10:25:47,300632,光莆股份,False,False
10:25:49,300633,开立医疗,False,False
10:25:52,300629,新劲刚,False,False
10:25:57,300634,彩讯股份,False,True
10:25:57,300635,中达安,False,False
10:25:59,300637,扬帆新材,False,True
10:26:07,300639,凯普生物,False,True
10:26:14,300641,正丹股份,False,True
10:26:17,300643,万通智控,False,False
10:26:23,300645,正元智慧,False,True
10:26:27,300649,杭州园林,True,False
10:26:27,300638,广和通,False,True
10:26:32,300648,星云股份,False,True
10:26:36,300651,金陵体育,False,False
10:26:37,300653,正海生物,False,True
10:26:41,300654,世纪天鸿,False,False
10:26:46,300658,延江股份,False,True
10:26:50,300655,晶瑞电材,False,False
10:26:55,300657,弘信电子,True,False
10:26:56,300662,科锐国际,False,True
10:27:03,300660,江苏雷利,False,True
10:27:07,300665,飞鹿股份,True,False
10:27:09,300663,科蓝软件,False,False
10:27:15,300669,沪宁股份,False,True
10:27:15,300666,江丰电子,True,False
10:27:19,300670,大烨智能,False,False
10:27:25,300675,建科院,False,False
10:27:28,300672,国科微,False,False
10:27:36,300674,宇信科技,False,False
10:27:37,300680,隆盛科技,False,True
10:27:39,300677,英科医疗,False,False
10:27:43,300679,电连技术,True,False
10:27:47,300683,海特生物,False,False
10:27:57,300688,创业黑马,False,False
10:27:58,300682,朗新科技,False,True
10:28:00,300685,艾德生物,False,False
10:28:02,300687,赛意信息,False,False
10:28:10,300692,中赋科技,False,False
10:28:12,300695,兆丰股份,True,False
10:28:12,300694,蠡湖股份,False,False
10:28:15,300691,联合光电,False,False
10:28:22,300697,电工合金,False,False
10:28:25,300701,森霸传感,False,True
10:28:32,300699,光威复材,False,True
10:28:33,300700,岱勒新材,True,False
10:28:34,300706,阿石创,False,False
10:28:36,300703,创源股份,False,True
10:28:41,300708,聚灿光电,False,False
10:28:44,300710,万隆光电,False,False
10:28:51,300715,凯伦股份,True,False
10:28:54,300717,华信新材,False,False
10:28:54,300709,精研科技,True,False
10:28:59,300712,永福股份,True,True
10:29:09,300720,海川智能,True,False
10:29:11,300722,新余国科,False,True
10:29:21,300727,润禾材料,False,False
10:29:27,300726,宏达电子,True,False
10:29:30,300729,乐歌股份,False,True
10:29:37,300730,科创信息,True,False
10:29:40,300731,科创新源,False,False
10:29:47,300733,西菱动力,False,False
10:29:52,300732,设研院,True,False
10:29:59,300735,光弘科技,False,False
10:30:01,300724,捷佳伟创,False,True
10:30:07,300737,科顺股份,True,False
10:30:17,300739,明阳电路,False,False
10:30:17,300740,水羊股份,False,False
10:30:17,300743,天地数码,False,True
10:30:25,300745,欣锐科技,True,False
10:30:32,300749,顶固集创,False,False
10:30:35,300752,隆利科技,True,False
10:30:36,300748,金力永磁,False,False
10:30:45,300756,金马游乐,True,False
10:30:54,300757,罗博特科,False,False
10:30:55,300755,华致酒行,False,False
10:30:56,300750,宁德时代,False,False
10:31:09,300760,迈瑞医疗,False,True
10:31:13,300763,锦浪科技,False,False
10:31:17,300765,石药创新,False,False
10:31:22,300766,每日互动,False,True
10:31:28,300769,德方纳米,False,False
10:31:31,300770,新媒股份,False,True
10:31:39,300772,运达股份,False,True
10:31:48,300775,三角防务,False,True
10:31:50,300773,拉卡拉,False,False
10:31:50,300777,中简科技,False,True
10:31:51,300780,德恩精工,True,False
10:32:00,300784,利安科技,False,False
10:32:04,300783,三只松鼠,False,False
10:32:05,300785,值得买,False,True
10:32:07,300782,卓胜微,True,False
10:32:10,300787,海能实业,False,True
10:32:17,300792,壹网壹创,False,True
10:32:19,300791,仙乐健康,False,True
10:32:20,300796,贝斯美,False,True
10:32:27,300798,锦鸡股份,False,False
10:32:30,300801,泰和科技,False,False
10:32:32,300800,力合科技,False,True
10:32:40,300804,广康生化,False,False
10:32:41,300790,宇瞳光学,False,False
10:32:45,300805,电声股份,False,True
10:32:46,300803,指南针,False,True
10:32:50,300808,久量股份,False,True
10:32:54,300809,华辰装备,False,True
10:33:00,300810,中科海讯,False,True
10:33:00,300813,泰林生物,False,False
10:33:08,300815,玉禾田,False,True
10:33:10,300817,双飞集团,False,False
10:33:10,300811,铂科新材,True,False
10:33:13,300818,耐普矿机,False,True
10:33:19,300822,贝仕达克,False,False
10:33:20,300823,建科智能,False,False
10:33:29,300820,英杰电气,False,False
10:33:30,300828,锐新科技,False,False
10:33:34,300825,阿尔特,True,False
10:33:38,300827,上能电气,False,True
10:33:40,300833,浩洋股份,False,True
10:33:43,300830,金现代,False,True
10:33:48,300836,佰奥智能,True,True
10:33:50,300837,浙矿股份,False,True
10:33:55,300834,星辉环材,False,False
10:33:59,300839,博汇股份,False,True
10:34:06,300841,康华生物,False,False
10:34:08,300842,帝科股份,True,False
10:34:10,300844,山水比德,False,True
10:34:16,300848,美瑞新材,False,False
10:34:21,300846,首都在线,False,True
10:34:23,300851,交大思诺,False,True
10:34:26,300853,申昊科技,False,False
10:34:27,300850,新强联,False,True
10:34:36,300858,科拓生物,False,True
10:34:37,300859,西域旅游,False,True
10:34:42,300855,图南股份,False,True
10:34:44,300857,协创数据,False,False
10:34:46,300862,蓝盾光电,False,False
10:34:47,300864,南大环境,False,False
10:34:53,300865,大宏立,False,False
10:35:03,300867,圣元环保,False,True
10:35:03,300868,杰美特,False,False
10:35:05,300869,康泰医学,False,True
10:35:07,300871,回盛生物,False,False
10:35:13,300876,蒙泰高新,False,False
10:35:15,300877,金春股份,True,False
10:35:16,300875,捷强装备,False,True
10:35:23,300881,盛德鑫泰,False,False
10:35:28,300879,大叶股份,False,True
10:35:28,300883,龙利得,False,False
10:35:33,300882,万胜智能,False,True
10:35:40,300885,海昌新材,False,True
10:35:42,300890,翔丰华,False,False
10:35:50,300892,品渥食品,False,False
10:35:50,300888,稳健医疗,False,True
10:35:50,300887,谱尼测试,False,True
10:36:01,300893,松原安全,False,True
10:36:02,300897,山科智能,False,True
10:36:03,300898,熊猫乳品,False,False
10:36:08,300896,爱美客,False,False
10:36:10,300901,中胤时尚,False,False
10:36:14,300904,威力传动,False,False
10:36:18,300906,日月明,False,False
10:36:20,300907,康平科技,True,False
10:36:22,300903,科翔股份,True,False
10:36:33,300915,海融科技,False,False
10:36:35,300909,汇创达,False,False
10:36:36,300910,瑞丰新材,False,True
10:36:39,300913,兆龙互连,True,False
10:36:46,300920,润阳科技,False,False
10:36:49,300922,天秦装备,False,False
10:36:49,300918,南山智尚,False,True
10:36:59,300927,江天化学,False,True
10:37:00,300928,华安鑫创,False,False
10:37:03,300919,中伟新材,False,True
10:37:03,300925,法本信息,False,True
10:37:08,300930,屹通新材,True,False
10:37:12,300932,三友联众,False,False
10:37:13,300935,盈建科,False,False
10:37:15,300933,中辰股份,False,False
10:37:18,300937,药易购,False,True
10:37:23,300939,秋田微,False,False
10:37:28,300942,易瑞生物,False,True
10:37:31,300938,信测标准,True,False
10:37:36,300941,创识科技,False,True
10:37:38,300947,德必集团,False,True
10:37:41,300945,曼卡龙,False,True
10:37:42,300949,奥雅股份,False,False
10:37:47,300950,德固特,False,True
10:37:53,300956,英力股份,False,True
10:37:55,300952,恒辉安防,True,True
10:38:00,300953,震裕科技,False,True
10:38:05,300960,通业科技,False,True
10:38:05,300961,深水海纳,False,False
10:38:08,300957,贝泰妮,False,False
10:38:15,300966,共同药业,False,False
10:38:18,300963,中洲特材,False,True
10:38:25,300964,本川智能,False,False
10:38:30,300968,格林精密,False,False
10:38:34,300972,万辰集团,False,False
10:38:36,300973,立高食品,False,False
10:38:45,300977,深圳瑞捷,False,False
10:38:46,300980,祥源新材,False,True
10:38:52,300978,东箭科技,False,True
10:38:53,300975,商络电子,True,False
10:38:55,300982,苏文电能,False,True
10:39:04,300983,尤安设计,False,False
10:39:04,300985,致远新能,True,False
10:39:05,300987,川网传媒,False,True
10:39:07,300984,金沃股份,False,True
10:39:14,300986,志特新材,False,True
10:39:14,300989,蕾奥规划,False,True
10:39:17,300988,津荣天宇,False,True
10:39:20,300991,创益通,False,True
10:39:24,300992,泰福泵业,False,True
10:39:24,300993,玉马科技,False,True
10:39:24,300990,同飞股份,False,False
10:39:27,300994,久祺股份,False,True
10:39:30,300995,奇德新材,False,True
10:39:34,300996,普联软件,False,False
10:39:34,300998,宁波方正,False,False
10:39:43,301001,凯淳股份,False,True
10:39:43,301000,肇民科技,True,True
10:39:43,300997,欢乐家,False,True
10:39:44,301003,江苏博云,False,False
10:39:45,300999,金龙鱼,False,False
10:39:53,301006,迈拓股份,False,True
10:39:54,301009,可靠股份,False,True
10:39:55,301010,晶雪节能,False,False
10:40:01,301007,德迈仕,False,True
10:40:01,301004,嘉益股份,False,True
10:40:02,301011,华立科技,False,True
10:40:12,301013,利和兴,False,False
10:40:13,301012,扬电科技,False,True
10:40:15,301017,漱玉平民,False,True
10:40:19,301016,雷尔伟,False,False
10:40:20,301015,百洋医药,False,False
10:40:22,301019,宁波色母,False,True
10:40:25,301020,密封科技,False,False
10:40:30,301018,申菱环境,False,False
10:40:31,301022,海泰科,False,True
10:40:32,301023,奕帆传动,False,False
10:40:34,301024,霍普股份,True,False
10:40:38,301021,英诺激光,True,False
10:40:40,301025,读客文化,False,False
10:40:41,301026,浩通科技,True,False
10:40:47,301029,怡合达,True,False
10:40:49,301028,鼎熔岩,False,False
10:40:50,301032,新柴股份,False,True
10:40:51,301033,迈普医学,False,True
10:40:56,301031,中熔电气,True,False
10:40:59,301036,双乐股份,False,True
10:40:59,301037,保立佳,False,False
10:41:01,301035,润丰股份,False,False
10:41:09,301040,中环海陆,False,True
10:41:09,301041,金百泽,False,False
10:41:10,301038,深水规院,False,True
10:41:14,301042,安联锐视,True,True
10:41:16,301039,中集车辆,False,True
10:41:18,301043,绿岛风,False,True
10:41:19,301045,天禄科技,False,False
10:41:22,301046,能辉科技,True,False
10:41:28,301049,超越科技,False,False
10:41:34,301048,金鹰重工,False,True
10:41:37,301050,雷电微力,False,True
10:41:38,301053,远信工业,False,False
10:41:40,301055,张小泉,True,False
10:41:40,301051,信濠光电,True,False
10:41:44,301056,森赫股份,False,True
10:41:47,301057,汇隆新材,False,True
10:41:49,301059,金三江,False,False
10:41:51,301060,兰卫医学,False,False
10:41:57,301062,上海艾录,False,False
10:41:57,301058,中粮科工,False,True
10:42:00,301063,海锅股份,False,True
10:42:01,301065,本立科技,False,False
10:42:03,301061,匠心家居,False,True
10:42:07,301067,显盈科技,False,False
10:42:08,301066,万事利,False,False
10:42:10,301068,大地海洋,False,False
10:42:17,301072,中捷精工,False,False
10:42:18,301069,凯盛新材,True,True
10:42:21,301070,开勒股份,False,False
10:42:23,301073,君亭酒店,False,True
10:42:25,301071,力量钻石,False,False
10:42:33,301075,多瑞医药,False,True
10:42:34,301079,邵阳液压,False,True
10:42:36,301078,孩子王,False,False
10:42:36,301076,新瀚新材,False,False
10:42:39,301077,星华新材,True,True
10:42:44,301081,严牌股份,False,False
10:42:45,301082,久盛电气,False,False
10:42:46,301083,百胜智能,False,False
10:42:51,301080,百普赛斯,False,False
10:42:55,301088,戎美股份,False,False
10:42:58,301089,拓新药业,False,False
10:42:58,301086,鸿富瀚,True,False
10:43:04,301087,可孚医疗,False,False
10:43:08,301091,深城交,False,False
10:43:10,301090,华润材料,False,True
10:43:13,301092,争光股份,False,False
10:43:16,301093,华兰股份,False,False
10:43:19,301097,天益医疗,False,False
10:43:21,301096,百诚医药,True,False
10:43:23,301095,广立微,False,False
10:43:25,301098,金埔园林,False,False
10:43:29,301100,风光股份,False,True
10:43:33,301102,兆讯传媒,False,True
10:43:34,301099,雅创电子,True,False
10:43:35,301101,明月镜片,False,False
10:43:36,301103,何氏眼科,False,False
10:43:39,301105,鸿铭股份,False,False
10:43:42,301107,瑜欣电子,False,False
10:43:43,301108,洁雅股份,False,False
10:43:48,301109,军信股份,False,False
10:43:49,301112,信邦智能,False,False
10:43:52,301113,雅艺科技,False,False
10:43:53,301115,联检科技,True,False
10:43:54,301110,青木科技,False,False
10:44:01,301116,益客食品,False,False
10:44:02,301118,恒光股份,False,False
10:44:03,301119,正强股份,False,False
10:44:06,301117,佳缘科技,False,True
10:44:11,301121,紫建电子,False,False
10:44:11,301122,采纳股份,False,False
10:44:14,301120,新特电气,False,False
10:44:16,301125,腾亚精工,False,False
10:44:20,301126,达嘉维康,False,False
10:44:21,301123,奕东电子,True,False
10:44:26,301129,瑞纳智能,False,False
10:44:29,301130,西点药业,False,False
10:44:30,301127,武汉天源,False,False
10:44:31,301131,聚赛龙,False,False
10:44:34,301128,强瑞技术,False,False
10:44:39,301133,金钟股份,False,False
10:44:40,301135,瑞德智能,False,True
10:44:41,301136,招标股份,False,False
10:44:44,301132,满坤科技,False,False
10:44:49,301138,华研精机,False,False
10:44:51,301137,哈焊华通,False,False
10:44:58,301141,中科磁业,False,True
10:44:59,301148,嘉戎技术,False,False
10:45:02,301150,中一科技,True,False
10:45:02,301151,冠龙节能,False,False
10:45:03,301149,隆华新材,False,False
10:45:08,301152,天力锂能,False,True
10:45:11,301156,美农生物,False,False
10:45:12,301157,华塑科技,False,False
10:45:12,301158,德石股份,False,True
10:45:18,301153,中科江南,False,False
10:45:24,301161,唯万密封,True,False
10:45:24,301160,翔楼新材,True,False
10:45:28,301163,宏德股份,False,False
10:45:31,301162,国能日新,False,True
10:45:34,301167,建研设计,False,False
10:45:35,301166,优宁维,False,False
10:45:37,301169,零点有数,True,False
10:45:44,301172,君逸数码,False,False
10:45:47,301176,逸豪新材,True,False
10:45:49,301171,易点天下,False,False
10:45:55,301175,中科环保,False,False
10:45:57,301179,泽宇智能,False,False
10:46:05,301180,万祥科技,False,False
10:46:06,301185,鸥玛软件,False,False
10:46:08,301182,凯旺科技,False,False
10:46:10,301187,欧圣电气,False,False
10:46:18,301192,泰祥股份,False,True
10:46:19,301193,家联科技,True,False
10:46:22,301190,善水科技,False,False
10:46:24,301189,奥尼电子,True,False
10:46:27,301197,工大科雅,False,False
10:46:29,301198,喜悦智行,False,False
10:46:37,301203,国泰环保,False,False
10:46:39,301201,诚达药业,True,False
10:46:43,301205,联特科技,False,False
10:46:45,301200,大族数控,True,False
10:46:52,301212,联盛化学,False,False
10:46:55,301208,中亦科技,False,False
10:46:57,301210,金杨精密,False,False
10:47:08,301215,中汽股份,False,False
10:47:11,301217,铜冠铜箔,True,False
10:47:14,301219,腾远钴业,False,False
10:47:16,301220,亚香股份,False,False
10:47:18,301223,中荣股份,False,False
10:47:21,301226,祥明智能,False,False
10:47:26,301229,纽泰格,False,False
10:47:31,301233,盛帮股份,True,False
10:47:32,301228,实朴检测,False,False
10:47:33,301230,泓博医药,False,False
10:47:41,301237,和顺科技,True,False
10:47:45,301235,华康洁净,True,False
10:47:50,301239,普瑞眼科,False,False
10:47:50,301246,宏源药业,True,False
10:47:59,301252,同星科技,False,False
10:48:00,301258,富士莱,False,False
10:48:03,301256,华融化学,False,False
10:48:05,301259,艾布鲁,False,False
10:48:13,301266,宇邦新材,False,False
10:48:17,301262,海看股份,False,False
10:48:18,301263,泰恩康,False,False
10:48:22,301272,英华特,False,False
10:48:24,301267,华厦眼科,False,False
10:48:27,301276,嘉曼服饰,False,False
10:48:28,301278,快可电子,False,True
10:48:33,301283,聚胶股份,False,False
10:48:38,301287,康力源,False,False
10:48:41,301280,珠城科技,True,False
10:48:43,301289,国缆检测,False,False
10:48:45,301285,鸿日达,False,False
10:48:55,301298,东利机械,False,False
10:48:55,301299,卓创资讯,False,True
10:48:56,301291,明阳电气,False,True
10:49:00,301293,三博脑科,False,False
10:49:03,301297,富乐德,True,False
10:49:05,301300,远翔新材,False,False
10:49:06,301302,华如科技,False,False
10:49:09,301301,川宁生物,False,False
10:49:18,301309,万得凯,False,False
10:49:19,301303,真兰仪表,False,False
10:49:20,301305,朗坤科技,False,False
10:49:22,301307,美利信,True,False
10:49:24,301308,江波龙,False,False
10:49:32,301310,鑫宏业,False,False
10:49:32,301313,凡拓数创,False,False
10:49:34,301314,科瑞思,False,False
10:49:38,301311,昆船智能,False,False
10:49:39,301312,智立方,True,False
10:49:42,301315,威士顿,False,True
10:49:48,301318,维海德,False,False
10:49:52,301316,慧博云通,False,False
10:49:52,301320,豪江智能,False,True
10:49:53,301317,鑫磊股份,False,True
10:49:57,301319,唯特偶,True,False
10:49:58,301321,翰博高新,True,False
10:50:02,301322,绿通科技,True,False
10:50:05,301323,新莱福,False,False
10:50:11,301325,曼恩斯特,False,False
10:50:15,301329,信音电子,False,False
10:50:15,301326,捷邦科技,True,False
10:50:17,301327,华宝新能,False,False
10:50:20,301328,维峰电子,True,False
10:50:25,301331,恩威医药,False,True
10:50:30,301330,熵基科技,False,True
10:50:30,301335,天元宠物,False,False
10:50:31,301332,德尔玛,False,False
10:50:35,301336,趣睡科技,False,False
10:50:36,301333,诺思格,False,False
10:50:40,301337,亚华电子,False,False
10:50:46,301338,凯格精机,True,False
10:50:46,301339,通行宝,False,False
10:50:49,301345,涛涛车业,False,False
10:50:54,301348,蓝箭电子,True,False
10:50:56,301353,普莱得,False,False
10:50:57,301355,南王科技,False,False
10:50:58,301349,信德新材,False,False
10:50:59,301356,天振股份,False,False
10:51:06,301359,东南电子,False,False
10:51:07,301360,荣旗科技,False,False
10:51:09,301361,众智科技,False,True
10:51:12,301362,民爆光电,False,False
10:51:15,301357,北方长龙,False,False
10:51:21,301363,美好医疗,True,False
10:51:25,301365,矩阵股份,False,False
10:51:25,301367,瑞迈特,False,False
10:51:28,301366,一博科技,False,False
10:51:32,301368,丰立智能,False,False
10:51:35,301372,科净源,False,False
10:51:39,301369,联动科技,True,False
10:51:45,301370,国科恒泰,False,False
10:51:45,301378,通达海,False,False
10:51:45,301373,凌玮科技,False,False
10:51:48,301376,致欧科技,False,False
10:51:57,301379,天山电子,False,False
10:51:58,301386,未来电器,False,False
10:52:00,301382,蜂助手,False,False
10:52:04,301381,赛维时代,False,False
10:52:04,301383,天键股份,False,False
10:52:11,301388,欣灵电气,False,False
10:52:13,301389,隆扬电子,False,False
10:52:14,301390,经纬股份,False,False
10:52:15,301387,光大同创,True,False
10:52:22,301391,卡莱特,False,True
10:52:24,301395,仁信新材,False,False
10:52:26,301393,昊帆生物,False,False
10:52:29,301392,汇成真空,True,False
10:52:33,301396,宏景科技,True,False
10:52:34,301399,英特科技,False,False
10:52:40,301408,华人健康,False,True
10:52:40,301398,星源卓镁,False,True
10:52:43,301418,协昌科技,True,False
10:52:44,301419,阿莱德,True,False
10:52:48,301413,安培龙,True,False
10:52:50,301428,世纪恒通,False,False
10:52:53,301429,森泰股份,False,False
10:52:53,301421,波长光电,False,False
10:52:58,301446,福事特,False,False
10:53:00,301448,开创电气,False,False
10:53:02,301439,泓淋电力,False,False
10:53:04,301456,盘古智能,False,False
10:53:07,301458,钧崴电子,False,False
10:53:08,301459,丰茂股份,False,False
10:53:12,301469,恒达新材,False,False
10:53:19,301468,博盈特焊,False,True
10:53:21,301479,弘景光电,True,False
10:53:24,301486,致尚科技,False,False
10:53:27,301487,盟固利,True,False
10:53:31,301488,豪恩汽电,True,False
10:53:37,301499,维科精密,True,False
10:53:37,301489,思泉新材,False,False
10:53:37,301498,乖宝宠物,False,False
10:53:39,301491,汉桑科技,False,False
10:53:48,301502,华阳智能,False,False
10:53:49,301503,智迪科技,False,True
10:53:49,301500,飞南资源,False,False
10:53:50,301505,苏州规划,False,False
10:53:58,301501,恒鑫生活,False,False
10:53:59,301509,金凯生科,False,False
10:54:01,301507,民生健康,False,False
10:54:04,301508,中机认检,False,False
10:54:08,301511,德福科技,True,False
10:54:08,301510,固高科技,True,False
10:54:09,301512,智信精密,True,False
10:54:14,301515,港通医疗,False,False
10:54:17,301513,尚水智能,False,False
10:54:23,301519,舜禹股份,False,False
10:54:26,301517,陕西华达,False,False
10:54:27,301516,中远通,False,False
10:54:30,301522,上大股份,False,False
10:54:33,301528,多浦乐,False,False
10:54:36,301525,儒竞科技,True,False
10:54:41,301533,威马农机,False,False
10:54:42,301531,春光集团,False,False
10:54:44,301529,福赛科技,True,False
10:54:51,301535,浙江华远,False,False
10:54:54,301539,宏鑫科技,False,False
10:54:54,301536,星宸科技,False,False
10:54:55,301538,骏鼎达,False,False
10:55:03,301548,崇德科技,True,False
10:55:04,301552,科力装备,False,False
10:55:05,301555,惠柏新材,False,False
10:55:11,301550,斯菱智驱,False,False
10:55:13,301551,无线传媒,False,False
10:55:18,301559,中集环科,False,False
10:55:21,301560,众捷汽车,False,False
10:55:21,301557,常友科技,False,False
10:55:22,301558,三态股份,False,False
10:55:29,301563,云汉芯城,False,False
10:55:31,301567,贝隆精密,False,False
10:55:31,301565,中仑新材,False,False
10:55:40,301566,达利凯普,False,False
10:55:41,301568,思泰克,True,False
10:55:41,301577,美信科技,False,False
10:55:47,301575,艾芬达,False,False
10:55:47,301571,国科天成,False,False
10:55:49,301578,辰奕智能,False,False
10:55:51,301581,黄山谷捷,False,False
10:55:58,301585,蓝宇股份,False,False
10:55:59,301580,爱迪特,False,False
10:55:59,301586,佳力奇,False,False
10:56:01,301587,中瑞股份,False,False
10:56:03,301584,建发致新,False,False
10:56:07,301588,美新科技,True,False
10:56:11,301591,肯特股份,False,False
10:56:17,301590,优优绿能,False,False
10:56:17,301589,诺瓦星云,False,False
10:56:21,301592,六九一二,True,False
10:56:25,301595,太力科技,False,False
10:56:27,301598,博科测试,False,False
10:56:28,301596,瑞迪智驱,False,False
10:56:33,301599,理奇智能,False,False
10:56:35,301601,惠通科技,False,False
10:56:41,301600,慧翰股份,False,False
10:56:45,301602,超研股份,False,False
10:56:48,301603,乔锋智能,False,False
10:56:54,301607,富特科技,True,False
10:56:55,301606,绿联科技,False,False
10:57:02,301608,博实结,True,False
10:57:02,301609,山大电力,False,False
10:57:03,301616,浙江华业,False,False
10:57:06,301613,新铝时代,False,False
10:57:13,301617,博苑新材,True,False
10:57:21,301622,英思特,False,False
10:57:22,301628,强达电路,True,False
10:57:25,301629,矽电股份,False,False
10:57:32,301636,泽润新能,False,False
10:57:33,301633,港迪技术,False,False
10:57:33,301630,同宇新材,False,False
10:57:37,301632,广东建科,False,False
10:57:42,301655,N绿控传动,False,False
10:57:44,301638,南网数字,False,False
10:57:52,301662,宏工科技,False,False
10:57:55,301658,首航新能,False,False
10:57:56,301656,联合动力,False,False
10:58:00,301665,泰禾股份,False,False
10:58:08,301668,昊创瑞通,False,False
10:58:11,301666,大普微-UW,False,False
10:58:14,301669,高特电子,False,False
10:58:15,301677,欣兴工具,False,False
10:58:19,301678,新恒汇,False,False
10:58:24,301680,固德电材,False,False
10:58:33,301683,慧谷新材,False,False
10:58:34,301717,超纯应材,False,False
10:58:35,301696,三瑞智能,False,False
10:58:35,301682,宏明电子,False,False
10:58:44,000006,深振业A,False,False
10:58:45,000007,全新好,False,False
10:58:47,000002,万科A,False,False
10:58:49,000008,神州高铁,True,False
10:58:54,000012,南玻A,False,False
10:58:54,000014,沙河股份,False,True
10:59:05,000025,特力A,False,False
10:59:05,000021,深科技,False,False
10:59:06,000017,深中华A,False,True
10:59:07,000019,深粮控股,False,False
10:59:14,000028,国药一致,False,True
10:59:15,000029,深深房A,False,False
10:59:19,000030,富奥股份,False,True
10:59:21,000031,大悦城,False,True
10:59:24,000035,中国天楹,False,True
10:59:25,000036,华联控股,False,True
10:59:32,000037,深南电A,False,False
10:59:34,000045,深纺织A,False,True
10:59:35,000039,中集集团,False,False
10:59:35,000048,京基智农,False,False
10:59:44,000055,方大集团,False,True
10:59:44,000050,深天马A,False,True
10:59:45,000060,中金岭南,False,False
10:59:48,000058,深赛格,False,False
10:59:54,000063,中兴通讯,False,False
10:59:55,000066,中国长城,False,False
10:59:58,000065,北方国际,False,True
11:00:01,000068,华控赛格,False,True
11:00:04,000070,特发信息,True,False
11:00:05,000088,盐田港,False,False
11:00:10,000090,天健集团,False,False
11:00:13,000100,TCL科技,True,False
11:00:15,000151,中成股份,False,False
11:00:16,000096,广聚能源,False,False
11:00:23,000157,中联重科,False,True
11:00:24,000156,华数传媒,False,False
11:00:25,000158,常山北明,False,True
11:00:28,000166,申万宏源,False,False
11:00:33,000333,美的集团,False,False
11:00:35,000400,许继电气,False,True
11:00:35,000338,潍柴动力,False,False
11:00:41,000401,金隅冀东,False,True
11:00:43,000403,派林生物,False,False
11:00:44,000404,长虹华意,True,False
11:00:49,000407,胜利股份,False,True
11:00:53,000410,沈阳机床,False,True
11:00:54,000409,云鼎科技,False,False
11:00:54,000415,渤海租赁,False,False
11:01:01,000417,合百集团,False,False
11:01:03,000420,吉林化纤,False,True
11:01:04,000422,湖北宜化,False,True
11:01:07,000421,南京公用,False,False
11:01:15,000428,华天酒店,False,False
11:01:15,000425,徐工机械,False,True
11:01:19,000430,张家界,False,False
11:01:27,000501,武商集团,False,False
11:01:27,000503,国新健康,False,True
11:01:31,000506,招金黄金,False,True
11:01:34,000507,珠海港,False,False
11:01:38,000510,新金路,True,False
11:01:38,000513,丽珠集团,False,True
11:01:42,000514,渝开发,False,True
11:01:45,000517,荣安地产,False,False
11:01:50,000519,中兵红箭,True,False
11:01:50,000520,凤凰航运,False,True
11:01:55,000523,红棉股份,False,False
11:01:55,000521,长虹美菱,False,True
11:01:58,000524,岭南控股,False,False
11:02:01,000528,柳工,False,True
11:02:01,000529,广弘控股,False,True
11:02:08,000530,冰山冷热,False,True
11:02:11,000532,华金资本,False,False
11:02:11,000533,顺钠股份,False,False
11:02:12,000536,华映科技,False,True
11:02:18,000537,绿发电力,False,False
11:02:25,000538,云南白药,False,True
11:02:26,000541,佛山照明,False,False
11:02:26,000539,粤电力A,False,False
11:02:30,000544,中原环保,False,True
11:02:32,000545,金浦钛业,False,True
11:02:37,000546,金圆股份,False,True
11:02:37,000548,湖南投资,False,True
11:02:38,000550,江铃汽车,False,False
11:02:41,000551,创元科技,False,False
11:02:43,000552,甘肃能化,False,False
11:02:48,000553,安道麦A,False,False
11:02:50,000554,泰山石油,False,False
11:02:53,000555,神州信息,False,False
11:02:57,000557,西部创业,False,False
11:02:58,000558,天府文旅,False,False
11:03:02,000559,万向钱潮,False,True
11:03:03,000560,我爱我家,False,True
11:03:07,000563,陕国投A,False,False
11:03:08,000564,供销大集,False,True
11:03:16,000566,海南海药,False,True
11:03:19,000570,苏常柴A,False,True
11:03:20,000571,新大洲A,False,False
11:03:28,000576,甘化科工,False,True
11:03:28,000573,粤宏远A,False,False
11:03:31,000581,威孚高科,False,True
11:03:40,000589,贵州轮胎,False,False
11:03:43,000591,太阳能,False,True
11:03:45,000593,德龙汇能,True,False
11:03:49,000596,古井贡酒,False,True
11:03:55,000597,东北制药,False,True
11:03:57,000598,兴蓉环境,False,False
11:04:00,000601,韶能股份,False,False
11:04:07,000605,渤海股份,False,False
11:04:08,000607,华媒控股,False,False
11:04:11,000612,焦作万方,False,False
11:04:17,000623,吉林敖东,False,False
11:04:19,000625,长安汽车,False,False
11:04:23,000626,远大控股,False,False
11:04:24,000628,高新发展,False,False
11:04:28,000630,铜陵有色,False,False
11:04:29,000631,顺发恒能,False,True
11:04:33,000633,合金投资,False,True
11:04:33,000635,英力特,False,True
11:04:34,000637,茂化实华,False,True
11:04:39,000650,仁和药业,False,False
11:04:40,000651,格力电器,False,False
11:04:44,000655,金岭矿业,False,True
11:04:44,000652,泰达股份,False,True
11:04:45,000656,金科股份,False,False
11:04:51,000659,珠海中富,False,False
11:04:51,000661,长春高新,False,False
11:04:54,000665,湖北广电,False,True
11:04:55,000663,永安林业,False,True
11:04:57,000668,荣丰控股,False,False
11:05:04,000676,智度股份,False,True
11:05:04,000670,盈方微,False,False
11:05:04,000672,上峰材料,True,False
11:05:07,000680,山推股份,False,False
11:05:08,000679,大连友谊,False,False
11:05:14,000681,视觉中国,False,False
11:05:17,000685,中山公用,False,False
11:05:20,000683,博源化工,False,True
11:05:22,000682,东方电子,False,False
11:05:23,000686,东北证券,False,False
11:05:23,000688,国城矿业,False,False
11:05:27,000690,宝新能源,False,False
11:05:33,000701,厦门信达,False,True
11:05:36,000691,亚太实业,False,False
11:05:37,000702,正虹科技,False,False
11:05:38,000697,炼石航空,False,False
11:05:40,000692,惠天热电,False,False
11:05:43,000703,恒逸石化,False,False
11:05:47,000707,双环科技,False,True
11:05:51,000705,浙江震元,False,True
11:05:54,000710,贝瑞基因,False,True
11:05:57,000712,锦龙股份,False,True
11:06:00,000708,中信特钢,False,False
11:06:00,000709,河钢股份,False,False
11:06:04,000715,中兴商业,False,True
11:06:07,000717,中南股份,False,False
11:06:09,000713,国投丰乐,False,False
11:06:13,000720,新能泰山,False,False
11:06:16,000718,苏宁环球,False,True
11:06:18,000721,西安饮食,False,False
11:06:19,000719,中原传媒,False,False
11:06:23,000725,京东方A,False,False
11:06:27,000722,湖南发展,False,False
11:06:27,000727,冠捷科技,False,False
11:06:31,000726,鲁泰A,False,False
11:06:33,000729,燕京啤酒,False,False
11:06:35,000728,国元证券,False,False
11:06:38,000733,振华科技,False,False
11:06:42,000731,四川美丰,False,False
11:06:44,000737,北方铜业,False,True
11:06:48,000739,普洛药业,False,False
11:06:50,000735,罗牛山,False,True
11:06:54,000751,锌业股份,True,False
11:06:56,000738,航发控制,False,False
11:06:58,000753,漳州发展,False,True
11:07:04,000750,国海证券,False,False
11:07:04,000756,新华制药,False,True
11:07:08,000755,山西高速,False,False
11:07:09,000758,中色股份,False,False
11:07:14,000761,本钢板材,False,True
11:07:14,000757,浩物股份,False,True
11:07:19,000767,晋控电力,False,False
11:07:20,000762,西藏矿业,False,False
11:07:24,000766,通化金马,False,False
11:07:24,000768,中航西飞,False,True
11:07:34,000778,新兴铸管,False,True
11:07:34,000783,长江证券,False,False
11:07:38,000782,恒申新材,False,False
11:07:44,000789,万年青,False,True
11:07:44,000785,居然智家,False,True
11:07:47,000790,华神科技,False,False
11:07:50,000788,北大医药,False,True
11:07:54,000791,甘肃能源,False,False
11:07:54,000792,盐湖股份,False,False
11:07:57,000796,凯撒旅业,False,True
11:08:03,000795,英洛华,False,False
11:08:04,000798,中水渔业,False,True
11:08:07,000800,一汽解放,False,False
11:08:07,000797,中国武夷,False,True
11:08:11,000799,酒鬼酒,False,False
11:08:14,000803,山高环能,False,True
11:08:17,000809,和展能源,False,False
11:08:20,000801,四川九洲,False,False
11:08:21,000810,创维数字,True,False
11:08:23,000812,陕西金叶,False,False
11:08:27,000813,德展健康,False,False
11:08:29,000811,冰轮环境,False,False
11:08:33,000818,航锦科技,False,True
11:08:35,000816,智慧农业,False,True
11:08:37,000819,岳阳兴长,False,False
11:08:38,000815,美利云,False,False
11:08:44,000822,山东海化,False,True
11:08:46,000820,神雾节能,False,False
11:08:47,000825,太钢不锈,False,True
11:08:53,000829,天音控股,False,False
11:08:53,000823,超声电子,False,False
11:08:57,000833,粤桂股份,False,False
11:08:57,000828,东莞控股,False,False
11:09:01,000830,鲁西化工,False,True
11:09:03,000839,国安股份,False,False
11:09:07,000850,华茂股份,False,True
11:09:11,000848,承德露露,False,False
11:09:13,000859,国风新材,False,False
11:09:16,000856,冀东装备,False,False
11:09:17,000860,顺鑫农业,False,False
11:09:20,000858,五粮液,False,True
11:09:23,000863,三湘印象,False,True
11:09:27,000862,银星能源,False,False
11:09:27,000869,张裕A,False,False
11:09:33,000876,新希望,False,False
11:09:38,000878,云南铜业,False,True
11:09:43,000868,安凯客车,False,False
11:09:43,000880,潍柴重机,False,True
11:09:50,000875,电投绿能,False,False
11:09:51,000881,中广核技,False,True
11:09:53,000882,华联股份,False,True
11:09:57,000877,天山股份,False,False
11:10:01,000886,海南高速,False,True
11:10:03,000887,中鼎股份,True,False
11:10:07,000883,湖北能源,False,False
11:10:11,000889,中嘉博创,False,False
11:10:14,000890,法尔胜,False,False
11:10:21,000895,双汇发展,False,False
11:10:21,000888,峨眉山A,False,False
11:10:24,000897,津滨发展,False,True
11:10:25,000893,亚钾国际,False,True
11:10:29,000898,鞍钢股份,False,True
11:10:32,000899,赣能股份,False,True
11:10:35,000901,航天科技,False,True
11:10:37,000900,现代投资,False,False
11:10:42,000906,浙商中拓,False,False
11:10:45,000908,石药景峰,False,False
11:10:49,000902,新洋丰,False,False
11:10:51,000905,厦门港务,False,False
11:10:52,000912,泸天化,False,False
11:10:55,000913,钱江摩托,False,True
11:10:58,000910,大亚圣象,False,True
11:11:01,000919,金陵药业,False,True
11:11:05,000920,沃顿科技,True,False
11:11:11,000915,华特达因,False,False
11:11:11,000922,佳电股份,False,False
11:11:12,000917,电广传媒,False,False
11:11:15,000923,河钢资源,False,True
11:11:18,000921,海信家电,False,False
11:11:22,000926,福星股份,False,False
11:11:25,000928,中钢国际,False,False
11:11:31,000927,中国铁物,False,False
11:11:32,000930,中粮科技,False,True
11:11:33,000925,众合科技,False,False
11:11:35,000931,中关村,False,True
11:11:38,000929,兰州黄河,False,False
11:11:42,000933,神火股份,False,False
11:11:45,000936,华西股份,False,True
11:11:50,000932,华菱钢铁,False,False
11:11:52,000938,紫光股份,False,False
11:11:53,000935,四川双马,False,False
11:11:55,000948,南天信息,False,True
11:12:01,000937,冀中能源,False,False
11:12:02,000950,重药控股,False,False
11:12:06,000952,广济药业,False,True
11:12:08,000949,新乡化纤,False,False
11:12:12,000955,欣龙控股,False,False
11:12:13,000951,中国重汽,False,False
11:12:16,000957,中通客车,False,False
11:12:16,000953,中哲精化,False,True
11:12:22,000959,首钢股份,False,True
11:12:25,000958,电投产融,False,False
11:12:26,000962,东方钽业,False,False
11:12:31,000960,锡业股份,False,False
11:12:32,000963,华东医药,False,False
11:12:33,000965,天保基建,False,True
11:12:36,000967,盈峰环境,False,False
11:12:41,000966,长源电力,False,False
11:12:43,000969,安泰科技,False,False
11:12:45,000972,中基健康,False,False
11:12:50,000968,蓝焰控股,False,False
11:12:53,000975,山金国际,False,False
11:12:55,000977,浪潮信息,False,False
11:12:59,000970,中科三环,False,False
11:13:02,000973,佛塑科技,False,False
11:13:04,000980,众泰汽车,False,True
11:13:05,000981,山子高科,False,True
11:13:10,000978,桂林旅游,False,False
11:13:13,000983,山西焦煤,False,False
11:13:15,000987,越秀资本,False,False
11:13:15,000988,华工科技,True,False
11:13:25,000993,闽东电力,False,True
11:13:25,000995,皇台酒业,False,True
11:13:27,000989,九芝堂,False,False
11:13:31,000990,诚志股份,False,False
11:13:35,001202,炬申股份,False,True
11:13:37,000999,华润三九,False,True
11:13:38,001201,东瑞股份,False,False
11:13:46,001206,依依股份,False,True
11:13:48,001209,洪兴股份,False,True
11:13:49,001205,盛航股份,False,False
11:13:53,001207,联科科技,False,True
11:13:56,001211,双枪科技,True,False
11:13:58,001212,中旗新材,False,True
11:14:01,001213,中铁特货,False,False
11:14:06,001216,华瓷股份,False,False
11:14:08,001218,丽臣实业,False,True
11:14:08,001215,千味央厨,False,True
11:14:16,001219,青岛食品,False,False
11:14:16,001221,悍高集团,False,False
11:14:18,001222,源飞宠物,False,True
11:14:22,001223,欧克科技,False,True
11:14:26,001228,永泰运,False,False
11:14:29,001229,魅视科技,False,False
11:14:36,001232,嘉立创,False,False
11:14:38,001231,农心科技,False,False
11:14:40,001236,弘业期货,False,False
11:14:46,001239,永达股份,False,False
11:14:47,001237,惠康科技,False,False
11:14:48,001255,博菲电气,False,False
11:14:50,001256,炜冈科技,False,False
11:14:56,001259,利仁科技,True,False
11:14:57,001266,宏英智能,False,False
11:14:58,001267,汇绿生态,True,False
11:15:28,001268,联合精密,False,False
11:15:35,001279,强邦新材,False,False
11:18:50,001298,好上好,False,False
11:18:51,001299,美能能源,False,False
11:19:02,001311,多利科技,False,False
11:19:05,001313,粤海饲料,False,False
11:19:15,001318,阳光乳业,False,False
11:19:16,001317,三羊马,False,False
11:19:18,001324,长青科技,False,False
11:21:50,001328,登康口腔,False,False
11:21:50,001330,博纳影业,False,False
11:21:53,001333,光华股份,False,False
11:22:14,001373,翔腾新材,False,False
11:22:23,001369,双欣材料,False,False
11:22:23,001380,华纬科技,False,False
11:22:27,001382,新亚电缆,False,False
11:22:28,001387,雪祺电气,False,False
11:22:33,001388,信通电子,False,False
11:22:33,001390,古麒绒材,False,False
11:22:39,001395,亚联机械,False,False
11:22:41,001396,誉帆科技,False,False
11:22:43,001696,宗申动力,False,False
11:22:43,001872,招商港口,False,False
11:22:46,001399,惠科股份,False,False
11:22:48,001896,豫能控股,False,False
11:22:53,001979,招商蛇口,False,True
11:22:55,001914,招商积余,False,False
11:22:59,002004,华邦健康,False,False
11:23:01,002005,德豪润达,False,False
11:23:03,002006,精工科技,False,True
11:23:09,002009,天奇股份,False,True
11:23:11,002010,传化智联,False,True
11:23:13,002011,盾安环境,False,False
11:23:19,002012,凯恩股份,False,False
11:23:20,002015,协鑫能科,False,False
11:23:23,002017,东信和平,False,True
11:23:27,002019,亿帆医药,False,True
11:23:30,002021,中捷资源,False,False
11:23:30,002022,科华生物,False,True
11:23:34,002026,山东威达,False,True
11:23:40,002029,七匹狼,False,False
11:23:40,002027,分众传媒,False,True
11:23:40,002030,达安基因,False,False
11:23:43,002032,苏泊尔,False,False
11:23:49,002034,旺能环境,False,True
11:23:50,002036,联创电子,False,True
11:23:53,002038,双鹭药业,False,False
11:23:54,002035,华帝股份,False,True
11:23:59,002040,南京港,False,True
11:24:00,002041,登海种业,False,True
11:24:03,002042,华孚时尚,False,False
11:24:09,002046,国机精工,False,False
11:24:10,002047,宝鹰股份,True,False
11:24:13,002048,宁波华翔,True,True
11:24:19,002051,中工国际,False,False
11:24:19,002052,同洲电子,False,True
11:24:24,002054,德美化工,False,True
11:24:27,002056,横店东磁,True,False
11:24:29,002059,云南旅游,False,False
11:24:30,002058,威尔泰,False,True
11:24:34,002061,浙江交科,False,True
11:24:39,002063,远光软件,False,True
11:24:40,002065,东华软件,False,True
11:24:41,002062,宏润建设,False,False
11:24:43,002066,瑞泰科技,False,False
11:24:49,002069,獐子岛,False,True
11:24:50,002072,凯瑞德,False,False
11:24:53,002074,国轩高科,False,True
11:24:54,002073,软控股份,False,True
11:24:59,002076,星光股份,True,False
11:24:59,002077,大港股份,False,False
11:25:03,002079,苏州固锝,True,False
11:25:08,002084,海鸥住工,False,True
11:25:09,002085,万丰奥威,False,True
11:25:10,002080,中材科技,True,False
11:25:13,002086,东方海洋,False,True
11:25:18,002090,金智科技,False,True
11:25:19,002092,中泰化学,False,True
11:25:22,002093,国脉科技,False,True
11:25:23,002094,青岛金王,False,True
11:25:28,002096,易普力,False,True
11:25:29,002097,山河智能,False,True
11:25:33,002099,海翔药业,False,True
11:25:33,002100,天康生物,False,False
11:25:37,002103,广博股份,False,True
11:25:39,002104,恒宝股份,False,True
11:25:43,002106,莱宝高科,True,False
11:25:45,002107,沃华医药,False,False
11:25:47,002110,三钢闽光,False,True
11:25:49,002111,威海广泰,False,False
11:25:52,002114,罗平锌电,False,True
11:25:57,002116,中国海诚,False,True
11:25:58,002115,三维通信,False,True
11:25:59,002119,康强电子,False,False
11:26:02,002120,韵达股份,False,False
11:26:07,002123,梦网科技,False,True
11:26:09,002126,银轮股份,False,False
11:26:10,002124,天邦食品,False,False
11:26:12,002127,南极电商,False,False
11:26:18,002130,沃尔核材,False,True
11:26:20,002131,利欧股份,False,True
11:26:21,002132,恒星科技,True,False
11:26:25,002134,天津普林,True,False
11:26:28,002136,安纳达,False,False
11:26:31,002138,顺络电子,True,False
11:26:33,002140,东华科技,False,True
11:26:35,002142,宁波银行,False,False
11:26:38,002144,宏达高科,False,True
11:26:42,002145,钛能化学,False,True
11:26:43,002146,荣盛发展,False,False
11:26:45,002149,西部材料,False,False
11:26:48,002150,正泰电源,False,True
11:26:48,002151,北斗星通,False,True
11:26:51,002152,广电运通,False,True
11:26:52,002153,石基信息,False,True
11:26:55,002154,报喜鸟,False,False
11:26:58,002155,湖南黄金,False,False
11:26:58,002156,通富微电,False,False
11:27:01,002157,正邦科技,False,False
11:27:03,002158,汉钟精机,False,False
11:27:04,002159,三特索道,False,True
11:27:08,002160,常铝股份,False,True
11:27:08,002161,远望谷,False,True
11:27:12,002162,悦心健康,False,True
11:27:13,002163,海南发展,False,True
11:27:15,002164,宁波东力,False,True
11:27:18,002165,红宝丽,False,False
11:27:18,002166,莱茵生物,False,True
11:27:23,002169,智光电气,False,False
11:27:24,002171,楚江新材,False,False
11:27:24,002170,芭田股份,False,False
11:27:28,002172,澳洋健康,False,False
11:27:31,002173,创新医疗,False,True
11:27:34,002176,江特电机,False,False
11:27:35,002174,游族网络,False,False
11:27:38,002177,御银股份,False,True
11:27:38,002178,延华智能,False,True
11:27:44,002179,中航光电,True,False
11:27:44,002180,奔图科技,False,False
11:27:48,002181,粤传媒,False,False
11:27:48,002183,怡亚通,False,True
11:27:52,002182,宝武镁业,False,True
11:27:54,002185,华天科技,False,False
11:27:57,002184,海得控制,False,False
11:27:58,002187,广百股份,False,False
11:28:01,002186,全聚德,False,True
11:28:04,002189,中光学,False,False
11:28:06,002188,中天服务,False,False
11:28:08,002191,劲嘉股份,False,False
11:28:13,002190,成飞集成,False,True
11:28:14,002194,武汉凡谷,False,False
11:28:14,002192,融捷股份,False,False
11:28:18,002196,方正电机,False,True
11:28:19,002195,岩山科技,False,True
11:28:24,002199,东晶电子,False,False
11:28:25,002197,证通电子,False,True
11:28:27,002200,交投生态,False,False
11:28:29,002201,九鼎新材,False,True
11:28:33,002203,海亮股份,False,False
11:28:34,002204,大连重工,False,True
11:28:37,002205,国统股份,False,True
11:28:39,002208,合肥城建,True,True
11:28:40,002206,海利得,False,True
11:28:43,002210,飞马国际,False,True
11:28:46,002209,达意隆,False,True
11:28:49,002213,大为股份,False,False
11:28:51,002212,天融信,False,True
11:28:54,002215,诺普信,False,True
11:28:55,002214,大立科技,False,False
11:28:59,002218,拓日新能,False,True
11:29:04,002221,东华能源,False,True
11:29:05,002216,三全食品,False,False
11:29:07,002219,新里程,False,False
11:29:10,002223,鱼跃医疗,False,False
11:29:14,002222,福晶科技,False,False
11:29:15,002224,三力士,False,True
11:29:20,002228,合兴包装,False,True
11:29:21,002225,濮耐股份,False,True
11:29:22,002226,江南化工,False,True
11:29:25,002232,启明信息,False,True
11:29:28,002230,科大讯飞,False,True
11:29:30,002233,塔牌集团,False,True
11:29:35,002236,大华股份,False,False
11:29:37,002234,民和股份,False,False
11:29:38,002235,安妮股份,False,False
11:29:40,002238,天威视讯,False,False
11:29:45,002239,奥特佳,False,True
11:29:50,002240,盛新锂能,False,False
11:29:50,002242,九阳股份,False,False
11:29:51,002241,歌尔股份,False,False
11:29:54,002244,滨江集团,False,False
11:30:00,002247,聚力文化,False,True
11:30:02,002246,北化股份,False,False
11:30:04,002250,联化科技,False,False
11:30:04,002245,蔚蓝锂芯,False,False
11:30:08,002249,大洋电机,False,True
11:30:10,002251,步步高,False,False
11:30:14,002252,上海莱士,False,False
11:30:15,002253,川大智胜,False,False
11:30:17,002254,泰和新材,False,False
11:30:20,002258,利尔化学,False,False
11:30:22,002256,兆新股份,False,False
11:30:24,002261,拓维信息,False,True
11:30:27,002259,升达林业,False,False
11:30:30,002262,恩华药业,False,False
11:30:30,002263,大东南,False,True
11:30:34,002265,建设工业,False,True
11:30:35,002264,新华都,False,True
11:30:39,002266,浙富控股,True,False
11:30:40,002268,电科网安,False,True
11:30:44,002269,美邦服饰,False,True
11:30:44,002267,陕天然气,False,False
11:30:50,002273,水晶光电,False,False
11:30:52,002270,华明装备,False,True
11:30:54,002274,华昌化工,False,False
11:30:55,002272,川润股份,True,False
11:30:58,002275,桂林三金,False,False
11:31:00,002276,万马股份,False,True
11:31:03,002277,友阿股份,True,False
11:31:04,002278,神开股份,False,True
11:31:07,002279,久其软件,False,True
11:31:10,002283,天润工业,False,False
11:31:11,002282,博深股份,False,True
11:31:14,002285,世联行,False,True
11:31:16,002284,亚太股份,False,True
11:31:20,002286,保龄宝,False,False
11:31:22,002287,奇正藏药,False,False
11:31:23,002289,宇顺电子,False,False
11:31:26,002290,禾盛新材,False,False
11:31:27,002291,遥望科技,False,True
11:31:30,002292,奥飞娱乐,False,True
11:31:33,002293,罗莱生活,False,False
11:31:33,002294,信立泰,False,True
11:31:36,002295,精艺股份,False,True
11:31:37,002296,辉煌科技,False,True
11:31:40,002297,博云新材,False,False
11:31:43,002299,圣农发展,False,False
11:31:43,002298,中电鑫龙,False,True
11:31:46,002300,太阳电缆,False,True
11:31:47,002301,齐心集团,False,False
11:31:50,002302,西部建设,False,True
11:31:53,002303,美盈森,False,False
11:31:53,002304,洋河股份,False,False
11:31:56,002307,北新路桥,False,True
11:31:57,002309,中利集团,False,False
11:32:00,002310,东方新能,False,False
11:32:03,002311,海大集团,False,False
11:32:03,002312,川发龙蟒,False,True
11:32:06,002313,日海智能,False,False
11:32:07,002314,南山控股,False,True
11:32:10,002315,焦点科技,False,True
11:32:13,002316,亚联发展,False,False
11:32:14,002317,众生药业,False,False
11:32:17,002318,久立特材,False,True
11:32:19,002319,乐通股份,False,True
11:32:23,002320,海峡股份,False,False
11:32:24,002324,普利特,False,True
11:32:26,002321,华英农业,False,False
11:32:27,002327,富安娜,False,False
11:32:32,002328,新朋股份,False,False
11:32:34,002331,皖通科技,False,True
11:32:36,002330,得利斯,False,True
11:32:37,002334,英威腾,False,True
11:32:40,002332,仙琚制药,False,False
11:32:44,002337,赛象科技,False,True
11:32:45,002335,科华数据,True,False
11:32:47,002339,积成电子,False,True
11:32:49,002338,奥普光电,True,False
11:32:52,002340,格林美,False,True
11:32:54,002342,巨力索具,False,True
11:32:57,002343,慈文传媒,False,True
11:32:57,002344,海宁皮城,False,True
11:33:01,002345,潮宏基,False,True
11:33:04,002348,高乐股份,False,False
11:33:05,002347,泰尔股份,False,True
11:33:07,002350,北京科锐,False,False
11:33:11,002349,精华制药,False,False
11:33:14,002352,顺丰控股,False,False
11:33:15,002351,漫步者,True,False
11:33:17,002354,天娱数科,True,False
11:33:20,002353,杰瑞股份,True,False
11:33:24,002356,鹏飞绿能,False,True
11:33:24,002355,兴民智通,False,True
11:33:28,002358,森源电气,False,True
11:33:31,002362,汉王科技,False,False
11:33:35,002363,隆基机械,False,True
11:33:37,002364,中恒电气,True,False
11:33:38,002365,永安药业,False,True
11:33:45,002369,卓翼科技,False,True
11:33:45,002367,康力电梯,False,True
11:33:46,002368,太极股份,False,True
11:33:49,002371,北方华创,False,False
11:33:49,002370,亚太药业,False,True
11:33:55,002373,千方科技,False,True
11:33:55,002372,伟星新材,False,False
11:33:56,002374,中锐股份,False,False
11:33:59,002375,亚厦股份,False,False
11:34:00,002376,新北洋,False,True
11:34:05,002377,国创高新,False,True
11:34:05,002378,章源钨业,False,False
11:34:06,002380,科远智慧,True,False
11:34:09,002381,双箭股份,False,True
11:34:10,002382,蓝帆医疗,False,False
11:34:15,002384,东山精密,False,False
11:34:15,002383,合众思壮,False,True
11:34:16,002385,大北农,False,True
11:34:19,002386,天原股份,False,False
11:34:20,002387,维信诺,False,False
11:34:25,002388,新亚制程,False,False
11:34:26,002389,航天彩虹,False,True
11:34:29,002390,信邦制药,False,True
11:34:29,002391,长青股份,False,False
11:34:31,002392,北京利尔,False,False
11:34:36,002393,力生制药,False,True
11:34:36,002394,联发股份,False,True
11:34:39,002395,双象股份,False,True
11:34:40,002396,星网锐捷,False,False
11:34:40,002397,梦洁股份,False,False
11:34:47,002398,垒知集团,False,False
11:34:47,002399,海普瑞,False,False
11:34:50,002401,中远海科,False,True
11:34:51,002400,省广集团,False,True
11:34:52,002403,爱仕达,False,False
11:34:57,002405,四维图新,False,True
11:35:00,002404,嘉欣丝绸,False,False
11:35:00,002406,远东传动,False,False
11:35:04,002408,齐翔腾达,False,False
11:35:07,002410,广联达,False,True
11:35:07,002412,汉森制药,False,False
11:35:10,002414,高德红外,False,True
11:35:12,002413,雷科防务,False,True
11:35:17,002418,康盛股份,False,True
11:35:17,002415,海康威视,False,False
11:35:20,002416,爱施德,False,False
11:35:21,002419,天虹股份,False,True
11:35:27,002421,达实智能,False,False
11:35:27,002420,毅昌科技,False,False
11:35:31,002425,凯撒文化,False,True
11:35:31,002422,科伦药业,False,False
11:35:36,002423,中粮资本,False,True
11:35:37,002426,胜利精密,False,False
11:35:41,002428,云南锗业,True,False
11:35:41,002427,尤夫股份,False,True
11:35:46,002429,兆驰股份,True,False
11:35:47,002432,九安医疗,False,False
11:35:51,002434,万里扬,False,True
11:35:52,002430,杭氧股份,True,False
11:35:57,002436,兴森科技,False,False
11:35:57,002438,江苏神通,False,True
11:36:01,002439,启明星辰,False,False
11:36:02,002437,誉衡药业,False,False
11:36:07,002440,闰土股份,False,False
11:36:08,002441,众业达,False,True
11:36:10,002442,龙星科技,False,True
11:36:11,002443,金洲管道,True,False
11:36:17,002446,盛路通信,False,False
11:36:19,002445,中南文化,False,False
11:36:21,002451,摩恩电气,False,True
11:36:23,002449,国星光电,False,False
11:36:27,002453,华软科技,False,False
11:36:30,002455,百川股份,False,True
11:36:32,002454,松芝股份,False,True
11:36:37,002458,益生股份,False,False
11:36:37,002457,青龙管业,False,False
11:36:41,002459,晶澳科技,False,True
11:36:46,002460,赣锋锂业,True,False
11:36:48,002462,嘉事堂,False,True
11:36:51,002466,天齐锂业,False,False
11:36:54,002463,沪电股份,False,False
11:36:54,002465,海格通信,True,True
11:36:58,002468,申通快递,False,False
11:37:01,002469,三维化学,False,True
11:37:03,002467,二六三,False,True
11:37:08,002472,双环传动,False,False
11:37:09,002475,立讯精密,False,False
11:37:10,002474,榕基软件,False,False
11:37:10,002476,新叶股份,False,True
11:37:18,002478,常宝股份,False,True
11:37:19,002480,新筑股份,False,False
11:37:20,002482,广田集团,False,True
11:37:23,002479,富春环保,False,False
11:37:26,002481,双塔食品,False,False
11:37:28,002483,润邦股份,False,True
11:37:30,002486,嘉麟杰,False,True
11:37:32,002484,江海股份,False,False
11:37:37,002487,大金重工,False,True
11:37:39,002489,浙江永强,False,True
11:37:39,002488,金固股份,False,False
11:37:40,002490,山东墨龙,False,False
11:37:47,002491,通鼎互联,True,False
11:37:49,002493,荣盛石化,False,False
11:37:50,002495,佳隆股份,False,True
11:37:51,002492,恒基达鑫,False,True
11:37:52,002494,华斯股份,False,False
11:37:59,002497,雅化集团,False,True
11:38:00,002498,汉缆股份,False,False
11:38:01,002496,辉丰股份,False,False
11:38:07,002500,山西证券,False,False
11:38:07,002506,协鑫集成,False,True
11:38:09,002507,涪陵榨菜,False,False
11:38:10,002508,老板电器,False,True
11:38:14,002510,天汽模,False,True
11:38:19,002515,金字火腿,False,False
11:38:20,002516,旷达科技,False,False
11:38:20,002513,蓝丰生化,False,True
11:38:23,002511,中顺洁柔,False,False
11:38:27,002517,恺英网络,False,True
11:38:29,002518,科士达,False,True
11:38:30,002519,银河电子,False,True
11:38:32,002521,齐峰新材,False,False
11:38:35,002522,浙江众成,False,False
11:38:38,002524,光正眼科,False,False
11:38:39,002526,山东矿机,False,True
11:38:41,002523,天桥起重,False,True
11:38:45,002527,新时达,False,False
11:38:49,002529,海源复材,False,False
11:38:50,002530,金财互联,True,True
11:38:51,002531,天顺风能,True,False
11:38:53,002533,金杯电工,False,True
11:38:57,002534,西子洁能,True,False
11:39:01,002535,林州重机,False,True
11:39:03,002537,海联金汇,False,True
11:39:04,002536,飞龙股份,False,False
11:39:06,002539,云图控股,False,False
11:39:09,002540,亚太科技,False,True
11:39:12,002541,鸿路钢构,False,False
11:39:14,002543,万和电气,False,True
11:39:15,002544,普天科技,False,True
11:39:16,002546,新联电子,False,True
11:39:19,002548,金新农,False,True
11:39:22,002549,凯美特气,False,False
11:39:23,002550,千红制药,False,True
11:39:25,002551,尚荣医疗,False,False
11:39:26,002552,宝鼎科技,True,False
11:39:29,002554,惠博普,False,True
11:39:32,002555,三七互娱,False,False
11:39:34,002556,辉隆股份,False,False
11:39:35,002557,洽洽食品,False,False
11:39:36,002558,巨人网络,False,True
11:39:39,002559,亚威股份,False,False
11:39:42,002560,通达股份,False,True
11:39:44,002561,徐家汇,False,True
11:39:47,002563,森马服饰,False,False
11:39:50,002564,天沃科技,False,False
11:39:54,002566,益盛药业,False,True
11:39:56,002565,顺灏股份,False,True
11:40:02,002571,德力股份,False,False
11:40:03,002567,唐人神,False,False
11:40:04,002572,索菲亚,False,True
11:40:06,002570,贝因美,False,True
11:40:10,002573,清新环境,False,False
11:40:12,002574,明牌珠宝,False,True
11:40:14,002576,通达动力,False,True
11:40:17,002575,群兴玩具,False,False
11:40:22,002577,雷柏科技,False,False
11:40:22,002580,圣阳股份,False,False
11:40:24,002582,好想你,False,True
11:40:26,002579,中京电子,False,False
11:40:31,002583,海能达,False,True
11:40:32,002585,双星新材,False,False
11:40:34,002584,西陇科学,False,True
11:40:34,002587,奥拓电子,False,False
11:40:39,002589,瑞康医药,False,True
11:40:42,002591,恒大高新,False,False
11:40:43,002590,万安科技,False,True
11:40:44,002594,比亚迪,False,False
11:40:47,002593,日上集团,False,True
11:40:51,002595,豪迈科技,False,True
11:40:52,002596,海南瑞泽,False,False
11:40:54,002599,盛通股份,False,True
11:40:55,002597,金禾实业,False,False
11:40:59,002600,领益智造,True,False
11:41:02,002602,世纪华通,False,False
11:41:03,002601,龙佰集团,False,False
11:41:04,002603,以岭药业,False,False
11:41:08,002605,姚记科技,False,True
11:41:11,002607,中公教育,False,False
11:41:13,002606,大连电瓷,False,False
11:41:14,002609,捷顺科技,False,False
11:41:17,002608,江苏国信,False,False
11:41:20,002611,东方精工,False,True
11:41:21,002612,朗姿股份,False,False
11:41:23,002614,奥佳华,False,True
11:41:24,002613,北玻股份,True,False
11:41:30,002615,哈尔斯,False,True
11:41:31,002617,露笑科技,False,False
11:41:31,002616,长青集团,False,False
11:41:33,002622,皓宸医疗,False,True
11:41:36,002623,亚玛顿,False,True
11:41:41,002625,光启技术,False,True
11:41:41,002624,完美世界,False,True
11:41:43,002627,三峡旅游,False,True
11:41:43,002626,金达威,False,False
11:41:48,002628,成都路桥,False,False
11:41:51,002629,仁智股份,False,True
11:41:53,002632,道明光学,False,True
11:41:53,002631,德尔未来,False,False
11:41:59,002633,申科股份,False,False
11:41:59,002635,安洁科技,True,False
11:42:00,002636,金安国纪,False,False
11:42:02,002637,赞宇科技,False,True
11:42:06,002638,勤上股份,False,False
11:42:10,002641,公元股份,False,False
11:42:12,002640,跨境通,False,True
11:42:12,002639,雪人集团,False,True
11:42:12,002642,荣联科技,False,False
11:42:18,002643,万润股份,False,False
11:42:20,002644,佛慈制药,False,False
11:42:22,002647,仁东控股,False,False
11:42:24,002645,华宏科技,True,False
11:42:25,002646,天佑德酒,False,True
11:42:30,002648,卫星化学,False,False
11:42:30,002649,博彦科技,False,True
11:42:32,002652,扬子新材,False,False
11:42:35,002653,海思科,False,False
11:42:39,002655,共达电声,True,False
11:42:40,002656,摩登大道,False,False
11:42:42,002658,雪迪龙,False,True
11:42:43,002657,中科金财,False,False
11:42:48,002659,凯文教育,False,True
11:42:50,002661,克明食品,False,False
11:42:51,002660,茂硕电源,False,True
11:42:52,002662,峰璟股份,False,False
11:42:56,002663,普邦股份,False,False
11:43:00,002666,德联集团,False,True
11:43:01,002664,信质集团,False,True
11:43:02,002669,康达新材,False,False
11:43:04,002668,TCL智家,False,False
11:43:08,002670,国盛证券,False,True
11:43:10,002671,龙泉股份,False,True
11:43:12,002673,西部证券,False,False
11:43:13,002672,东江环保,False,True
11:43:18,002674,兴业科技,False,False
11:43:21,002676,顺威股份,False,True
11:43:21,002675,东诚药业,False,False
11:43:27,002678,珠江钢琴,False,False
11:43:31,002681,奋达科技,False,False
11:43:31,002679,福建金森,False,True
11:43:35,002682,龙洲股份,False,False
11:43:38,002686,亿利达,False,False
11:43:40,002685,华东重机,False,False
11:43:40,002687,乔治白,False,False
11:43:43,002688,金河生物,False,True
11:43:47,002690,美亚光电,False,False
11:43:48,002692,远程股份,False,True
11:43:50,002695,煌上煌,False,False
11:43:52,002693,双成药业,False,False
11:43:59,002698,博实股份,False,True
11:43:59,002696,百洋股份,False,False
11:44:00,002700,万憬能源,False,False
11:44:08,002697,红旗连锁,True,False
11:44:09,002702,海欣食品,False,True
11:44:10,002706,良信股份,False,False
11:44:16,002701,奥瑞金,False,True
11:44:19,002708,光洋股份,True,False
11:44:20,002709,天赐材料,False,False
11:44:23,002705,新宝股份,False,False
11:44:25,002707,众信旅游,False,False
11:44:29,002713,东易日盛,False,False
11:44:30,002714,牧原股份,False,False
11:44:31,002712,思美传媒,False,False
11:44:39,002718,友邦吊顶,True,False
11:44:40,002721,金一文化,False,True
11:44:41,002716,湖南白银,False,True
11:44:42,002715,登云股份,False,False
11:44:47,002722,物产金轮,False,False
11:44:48,002723,小崧股份,False,False
11:44:50,002724,海洋王,False,True
11:44:58,002729,好利科技,False,False
11:44:59,002725,跃岭股份,False,False
11:45:00,002730,电光科技,False,False
11:45:01,002728,特一药业,False,True
11:45:08,002732,燕塘乳业,False,True
11:45:10,002734,利民股份,False,False
11:45:14,002733,雄韬股份,False,False
11:45:18,002737,葵花药业,False,False
11:45:20,002738,中矿资源,False,True
11:45:28,002745,木林森,False,False
11:45:28,002741,光华科技,False,False
11:45:31,002746,仙坛股份,False,False
11:45:33,002748,世龙实业,False,False
11:45:37,002753,永东股份,False,True
11:45:41,002756,永兴材料,False,True
11:45:42,002755,奥赛康,False,False
11:45:47,002758,浙农股份,False,True
11:45:47,002760,凤形股份,False,True
11:45:51,002762,金发拉比,False,False
11:45:54,002763,汇洁股份,False,False
11:45:57,002767,先锋电子,False,True
11:46:01,002769,普路通,False,True
11:46:01,002766,索菱股份,False,True
11:46:07,002772,众兴菌业,False,True
11:46:07,002773,康弘药业,False,True
11:46:11,002775,文科股份,False,False
11:46:13,002777,久远银海,False,True
11:46:17,002782,可立克,True,False
11:46:21,002783,凯龙股份,False,False
11:46:22,002780,三夫户外,False,False
11:46:25,002786,银宝山新,False,False
11:46:26,002787,华源控股,True,False
11:46:31,002790,瑞尔特,False,True
11:46:34,002792,通宇通讯,False,True
11:46:36,002796,世嘉科技,True,True
11:46:37,002793,罗欣药业,False,False
11:46:41,002797,第一创业,False,False
11:46:46,002799,环球印务,False,True
11:46:46,002801,微光股份,False,False
11:46:50,002802,洪汇新材,False,True
11:46:51,002805,丰元股份,False,False
11:46:56,002809,红墙股份,False,True
11:46:57,002807,江阴银行,False,False
11:47:01,002812,恩捷股份,False,False
11:47:02,002810,山东赫达,False,False
11:47:06,002815,崇达技术,True,False
11:47:08,002817,黄山胶囊,False,True
11:47:11,002819,东方中科,False,False
11:47:14,002821,凯莱英,False,False
11:47:16,002824,和胜股份,True,False
11:47:19,002825,纳尔股份,False,True
11:47:20,002827,高争民爆,False,False
11:47:25,002830,名雕股份,False,False
11:47:26,002829,星网宇达,False,True
11:47:30,002833,弘亚数控,False,False
11:47:31,002832,比音勒芬,False,False
11:47:35,002836,新宏泽,False,True
11:47:37,002837,英维克,True,False
11:47:40,002839,张家港行,False,False
11:47:43,002840,华统股份,False,False
11:47:45,002842,翔鹭钨业,False,False
11:47:49,002845,同兴达,False,False
11:47:50,002846,英联股份,False,True
11:47:55,002850,科达利,False,False
11:47:55,002849,威星智能,False,False
11:48:00,002853,皮阿诺,False,True
11:48:01,002852,道道全,False,True
11:48:05,002857,三晖电气,False,True
11:48:07,002858,力盛体育,False,False
11:48:10,002861,瀛通通讯,False,False
11:48:14,002863,今飞凯达,False,True
11:48:15,002864,盘龙药业,False,True
11:48:19,002866,传艺科技,False,True
11:48:20,002867,周大生,False,False
11:48:25,002870,香山股份,False,False
11:48:27,002869,金溢科技,False,True
11:48:30,002876,三利谱,False,False
11:48:30,002873,新天药业,False,True
11:48:34,002878,元隆雅图,False,False
11:48:39,002879,长缆科技,False,True
11:48:40,002881,美格智能,False,False
11:48:43,002882,金龙羽,False,False
11:48:44,002885,京泉华,True,False
11:48:50,002889,东方嘉盛,False,False
11:48:50,002886,沃特股份,True,False
11:48:54,002891,中宠股份,False,True
11:48:55,002890,弘宇股份,False,False
11:49:00,002895,川恒股份,False,False
11:49:02,002897,意华股份,True,False
11:49:05,002900,哈三联,False,True
11:49:06,002901,大博医疗,False,False
11:49:10,002903,宇环数控,False,False
11:49:13,002905,金逸影视,False,True
11:49:17,002909,集泰股份,False,True
11:49:21,002911,佛燃能源,False,False
11:49:23,002913,奥士康,True,False
11:49:27,002915,中欣氟材,False,True
11:49:27,002916,深南电路,True,False
11:49:33,002918,蒙娜丽莎,False,True
11:49:33,002919,名臣健康,True,True
11:49:37,002921,联诚精密,False,False
11:49:37,002922,伊戈尔,False,False
11:49:43,002925,盈趣科技,False,False
11:49:43,002923,润都股份,False,True
11:49:47,002927,泰永长征,False,False
11:49:48,002928,华夏航空,False,True
11:49:51,002929,润建股份,True,False
11:49:53,002930,宏川智慧,False,True
11:49:53,002933,新兴装备,False,True
11:49:57,002935,天奥电子,False,False
11:49:58,002936,郑州银行,False,True
11:50:01,002937,兴瑞科技,True,False
11:50:03,002938,鹏鼎控股,False,False
11:50:03,002939,长城证券,False,False
11:50:07,002940,昂利康,False,True
11:50:08,002941,新疆交建,False,True
11:50:11,002942,新农股份,False,True
11:50:13,002945,华林证券,False,False
11:50:13,002943,宇晶股份,False,True
11:50:17,002946,新乳业,False,False
11:50:18,002947,恒铭达,True,False
11:50:21,002948,青岛银行,False,False
11:50:23,002949,华阳国际,False,True
11:50:23,002950,奥美医疗,False,True
11:50:30,002952,亚世光电,False,False
11:50:30,002951,金时科技,False,False
11:50:33,002956,西麦食品,False,False
11:50:33,002957,科瑞技术,True,False
11:50:34,002955,鸿合科技,False,True
11:50:41,002958,青农商行,False,True
11:50:41,002959,小熊电器,False,False
11:50:42,002960,青鸟智控,False,False
11:50:42,002961,瑞达期货,False,True
11:50:46,002962,五方光电,True,False
11:50:52,002966,苏州银行,False,False
11:50:53,002967,广电计量,False,True
11:50:54,002963,豪尔赛,False,False
11:50:54,002965,祥鑫科技,True,False
11:51:01,002968,新大正,False,True
11:51:02,002969,嘉美包装,False,True
11:51:02,002970,锐明技术,False,True
11:51:11,002972,科安达,False,False
11:51:11,002975,博杰股份,False,False
11:51:12,002978,安宁股份,False,True
11:51:13,002979,雷赛智能,False,False
11:51:16,002976,瑞玛精密,False,False
11:51:22,002982,湘佳股份,False,False
11:51:23,002983,芯瑞达,False,False
11:51:24,002981,朝阳科技,False,False
11:51:24,002980,华盛昌,True,False
11:51:28,002984,森麒麟,False,True
11:51:32,002985,北摩高科,False,True
11:51:32,002986,宇新股份,False,False
11:51:35,002987,京北方,False,True
11:51:35,002988,豪美新材,False,True
11:51:41,002989,中天精装,True,False
11:51:41,002990,盛视科技,False,False
11:51:42,002991,甘源食品,False,True
11:51:50,002993,奥海科技,False,False
11:51:51,002992,宝明科技,False,True
11:51:52,002996,顺博合金,False,True
11:51:52,002997,瑞鹄模具,False,False
11:51:55,002995,天地在线,False,False
11:52:02,003000,劲仔食品,False,False
11:52:02,003001,中岩大地,False,False
11:52:03,002999,天禾股份,False,True
11:52:03,002998,优彩资源,False,False
11:52:08,003002,壶化股份,False,False
11:52:12,003004,声迅股份,False,False
11:52:12,003003,天元股份,False,True
11:52:16,003005,竞业达,False,False
11:52:18,003006,百亚股份,False,False
11:52:22,003008,开普检测,False,True
11:52:22,003007,直真科技,False,False
11:52:22,003010,若羽臣,False,False
11:52:29,003011,海象新材,False,True
11:52:30,003012,东鹏控股,False,True
11:52:32,003013,地铁设计,False,False
11:52:32,003016,欣贺股份,False,True
11:52:34,003015,日久光电,False,True
11:52:41,003019,宸展光电,True,False
11:52:42,003017,大洋生物,False,True
11:52:42,003020,立方制药,False,False
11:52:43,003018,金富科技,False,False
11:52:46,003022,联泓新科,True,False
11:52:52,003023,彩虹集团,False,False
11:52:52,003026,中晶科技,False,False
11:52:56,003025,思进智能,False,False
11:52:59,003028,振邦智能,False,True
11:52:59,003027,同兴科技,False,True
11:53:02,003029,吉大正元,False,True
11:53:02,003030,祖名股份,False,False
11:53:08,003031,中瓷电子,False,False
11:53:12,003033,征和工业,False,False
11:53:12,003035,南网能源,False,True
11:53:13,003036,泰坦股份,True,False
11:53:14,003037,三和管桩,False,True
11:53:21,003038,鑫铂股份,False,True
11:53:22,003041,真爱美家,False,True
11:53:23,003039,顺控发展,False,False
11:53:24,003042,中农联合,False,False
11:53:32,003816,中国广核,False,False
11:53:34,003043,华亚智能,False,False
11:53:42,688004,博汇科技,False,True
11:53:42,688002,睿创微纳,False,False
11:53:47,688001,华兴源创,True,False
11:53:54,688005,容百科技,False,False
11:53:58,688013,天臣医疗,False,True
11:54:00,688010,福光股份,False,False
11:54:01,688009,中国通号,False,True
11:54:10,688021,奥福科技,False,False
11:54:15,688020,方邦股份,False,False
11:54:17,688017,绿的谐波,False,False
11:54:19,688019,安集科技,False,False
11:54:20,688026,洁特生物,False,False
11:54:29,688030,山石网科,False,False
11:54:34,688028,沃尔德,False,False
11:54:37,688031,星环科技-U,False,False
11:54:39,688032,禾迈股份,False,False
11:54:50,688037,芯源微,False,False
11:54:52,688039,当虹科技,False,True
11:54:58,688046,药康生物,False,False
11:54:59,688048,长光华芯,True,False
11:55:03,688051,佳华科技,False,True
11:55:09,688058,宝兰德,False,True
11:55:10,688057,金达莱,False,False
11:55:12,688052,纳芯微,False,False
11:55:15,688060,云涌科技,False,True
11:55:22,688067,爱威科技,False,True
11:55:26,688062,迈威生物-U,False,False
11:55:31,688071,华依科技,False,False
11:55:32,688063,派能科技,True,False
11:55:36,688068,热景生物,False,False
11:55:41,688078,龙软科技,False,False
11:55:44,688075,安旭生物,False,False
11:55:49,688081,兴图新科,False,True
11:55:50,688079,美迪凯,True,False
11:55:59,688083,中望软件,False,False
11:56:03,688085,三友医疗,False,True
11:56:11,688088,虹软科技,False,True
11:56:12,688090,瑞松科技,False,False
11:56:13,688096,京源环保,False,False
11:56:19,688093,世华科技,False,False
11:56:23,688098,申联生物,False,False
11:56:32,688101,三达膜,False,False
11:56:33,688100,威胜信息,False,False
11:56:37,688105,诺唯赞,False,False
11:56:40,688107,安路科技,False,False
11:56:47,688113,联测科技,False,False
11:56:51,688110,东芯股份,True,False
11:56:52,688115,思林杰,False,False
11:56:54,688111,金山办公,False,True
11:57:05,688117,圣诺生物,False,False
11:57:10,688119,中钢洛耐,False,False
11:57:11,688120,华海清科,False,False
11:57:15,688123,聚辰股份,True,False
11:57:20,688130,晶华微,False,False
11:57:24,688128,中国电研,False,True
11:57:28,688133,泰坦科技,False,False
11:57:33,688131,皓元医药,False,False
11:57:38,688136,科兴制药,False,True
11:57:44,688139,海尔生物,False,False
11:57:46,688148,芳源股份,False,False
11:57:50,688143,长盈通,True,False
11:57:54,688156,路德科技,False,False
11:57:57,688151,华强科技,False,False
11:58:07,688157,松井股份,False,True
11:58:12,688159,有方科技,True,False
11:58:12,688161,威高骨科,False,True
11:58:22,688171,纬德信息,False,False
11:58:29,688170,德龙激光,True,False
11:58:30,688167,炬光科技,False,False
11:58:32,688175,高凌信息,False,False
11:58:40,688178,万德斯,True,False
11:58:47,688182,灿勤科技,False,False
11:58:49,688180,君实生物-U,False,False
11:59:00,688186,广大特材,False,True
11:59:03,688191,智洋创新,False,False
11:59:10,688192,迪哲医药-U,False,False
11:59:13,688199,久日新材,False,False
11:59:17,688198,佰仁医疗,False,False
11:59:32,688205,德科立,False,False
11:59:32,688206,概伦电子,False,False
11:59:38,688208,道通科技,False,True
11:59:42,688217,睿昂基因,False,True
11:59:45,688216,气派科技,False,False
11:59:56,688219,会通股份,True,False
11:59:59,688221,前沿生物-U,False,False
12:00:07,688223,晶科能源,False,True
12:15:13,688228,开普云,False,True
12:15:16,688230,芯导科技,False,False
12:15:25,688235,百济神州,False,False
12:15:48,688260,昀冢科技,False,False
12:15:56,688265,南模生物,False,False
12:15:58,688261,东微半导,False,False
12:31:08,688267,中触媒,False,False
12:31:09,688273,麦澜德,False,False
12:31:22,688276,百克生物,False,False
12:32:35,688299,长阳科技,False,True
12:32:39,688298,东方生物,False,False
12:32:49,688301,奕瑞科技,False,False
12:33:13,688312,燕麦科技,False,True
12:33:15,688313,仕佳光子,False,False
12:33:16,688315,诺禾致源,False,False
12:34:53,688326,经纬恒润-W,False,True
12:34:59,688321,微芯生物,False,False
12:35:03,688329,艾隆科技,False,False
12:35:16,688331,荣昌生物,False,False
12:35:18,688334,西高院,False,False
12:35:25,688336,三生国健,False,False
12:38:21,688347,华虹宏力,True,False
12:38:21,688348,昱能科技,False,False
12:38:30,688351,微电生理,False,False
12:38:55,688366,昊海生科,False,False
12:38:57,688370,丛麟科技,False,False
12:39:09,688373,盟科药业-U,False,False
12:39:18,688378,奥来德,False,False
12:54:31,688385,复旦微电,False,False
12:55:01,688420,美腾科技,False,True
12:55:02,688426,康为世纪,False,False
12:55:05,688418,震有科技,False,False
12:55:27,688439,振华风光,False,True
12:55:28,688449,联芸科技,True,False
12:55:28,688443,智翔金泰-U,False,False
12:55:39,688468,科美诊断,False,False
12:55:51,688469,芯联集成-U,False,False
12:55:52,688472,阿特斯,False,False
12:56:03,688484,南芯科技,False,False
12:56:15,688498,源杰科技,False,False
12:56:15,688499,利元亨,False,False
12:56:25,688503,聚和材料,False,False
12:56:38,688510,航亚科技,False,True
12:56:48,688515,裕太微-U,False,False
12:56:56,688526,科前生物,False,False
12:57:00,688525,佰维存储,True,False
12:57:12,688531,日联科技,False,False
12:57:19,688536,思瑞浦,False,False
13:12:21,688543,国科军工,False,False
13:12:32,688552,航天南湖,False,False
13:13:09,688578,艾力斯,False,False
13:13:13,688580,伟思医疗,False,True
13:28:23,688589,力合微,True,False
13:28:35,688595,芯海科技,False,False
13:28:36,688591,泰凌微,False,False
13:29:07,688613,奥精医疗,False,True
13:29:08,688616,西力科技,False,True
13:29:14,688612,威迈斯,False,False
13:29:24,688620,安凯微,False,False
13:29:33,688623,双元科技,False,False
13:29:46,688633,星球石墨,False,False
13:29:52,688638,誉辰智能,False,False
13:30:00,688646,逸飞激光,False,False
13:30:01,688629,华丰科技,False,False
13:30:14,688648,中邮科技,False,False
13:30:19,688655,迅捷兴,False,False
13:30:24,688656,浩欧博,False,True
13:30:30,688659,元琛科技,False,False
13:30:44,688661,和林微纳,True,False
13:30:47,688663,新风光,False,False
13:30:53,688667,菱电电控,False,False
13:30:59,688670,金迪克,False,False
13:31:13,688681,科汇股份,False,False
13:31:14,688679,通源环境,False,False
13:31:28,688676,金盘科技,False,False
13:31:29,688687,凯因科技,False,False
13:31:33,688685,迈信林,False,False
13:31:45,688693,锴威特,False,False
13:31:47,688695,中创股份,False,False
13:31:51,688692,达梦数据,False,False
13:32:05,688701,卓锦股份,False,True
13:32:10,688697,纽威数控,False,False
13:32:10,688700,东威科技,False,False
13:47:28,688707,振华新材,False,True
13:47:33,688711,宏微科技,True,False
13:47:33,688710,益诺思,False,False
13:48:02,688755,汉邦科技,False,False
13:48:18,688759,必贝特-U,False,False
13:48:21,688767,博拓生物,False,False
13:56:08,688781,视涯科技-UW,False,False
13:56:09,688787,海天瑞声,False,False
13:56:34,688798,艾为电子,False,True
13:56:34,688800,瑞可达,False,False
13:56:43,688808,联讯仪器,False,False
13:56:53,688818,电科蓝天,False,False
13:56:56,688819,天能股份,False,True
13:57:05,688828,国仪公司-U,False,False
13:57:10,600067,冠城新材,False,True
13:57:22,600183,生益科技,False,False
13:57:27,600637,东方明珠,False,True
13:57:37,600651,飞乐音响,False,False
13:57:43,600873,梅花生物,False,True
13:57:57,600897,厦门空港,False,True
13:58:13,600939,重庆建工,False,True
13:58:24,600968,海油发展,False,False
13:58:32,600970,中材国际,False,True
13:58:43,600983,惠而浦,False,False
13:59:05,601006,大秦铁路,False,False
13:59:17,601069,西部黄金,False,True
13:59:24,601633,长城汽车,False,False
13:59:36,601689,拓普集团,True,True
13:59:44,601778,晶科科技,False,False
13:59:56,601728,中国电信,False,False
14:00:04,601825,沪农商行,False,False
14:00:14,601865,福莱特,False,True
14:00:22,601878,浙商证券,False,False
14:00:31,601900,南方传媒,False,True
14:00:41,601916,浙商银行,False,False
14:01:00,601958,金钼股份,False,False
14:16:15,603002,宏昌电子,False,False
14:16:17,603000,人民网,False,False
14:16:51,603037,凯众股份,False,True
14:16:55,603049,中策橡胶,False,False
14:17:05,603063,禾望电气,True,False
14:17:08,603070,万控智造,False,False
14:32:19,603136,天目湖,False,False
14:32:24,603160,汇顶科技,False,False
14:32:57,603580,艾艾精工,False,False
14:33:09,603599,广信股份,False,True
14:33:12,603613,国联股份,False,True
14:33:25,603657,春光科技,False,False
14:33:29,603662,柯力传感,True,False
14:33:40,603687,大胜达,False,False
14:33:44,603699,纽威股份,False,False
14:33:53,603719,良品铺子,False,False
14:33:56,603766,隆鑫通用,False,False
14:34:09,605286,同力天启,False,True
14:34:11,605303,园林股份,True,False
14:34:14,605338,巴比食品,False,True
14:34:18,605368,蓝天燃气,False,False
14:34:23,605377,华旺科技,False,False
14:34:24,605398,新炬网络,False,True
14:34:29,605389,长龄液压,False,False
14:34:33,605567,春雪食品,False,True
14:34:36,300013,新宁物流,True,False
14:34:45,300017,网宿科技,False,False
14:34:46,300025,华星创业,False,False
14:34:50,300019,硅宝科技,False,True
14:34:57,300033,同花顺,False,False
14:34:58,300039,上海凯宝,False,True
14:35:06,300041,回天新材,True,False
14:35:07,300042,朗科科技,False,False
14:35:11,300048,合康新能,False,True
14:35:20,300363,博腾股份,False,True
14:35:23,300387,富邦科技,False,False
14:35:24,300358,楚天科技,False,True
14:35:27,300377,赢时胜,False,True
14:35:29,300383,光环新网,False,True
14:35:34,300389,艾比森,False,True
14:35:45,300395,菲利华,False,False
14:35:46,300398,飞凯材料,True,False
14:35:48,300420,五洋自控,True,False
14:35:50,300403,汉宇集团,False,True
14:35:57,300636,同和药业,False,False
14:35:59,300642,透景生命,False,True
14:36:00,300413,芒果超媒,False,True
14:36:05,300644,南京聚隆,False,True
14:36:11,300650,太龙股份,False,True
14:36:20,300652,雷迪克,False,True
14:36:20,300659,中孚信息,False,True
14:36:24,300664,鹏鹞环保,False,True
14:36:27,300661,圣邦股份,False,False
14:36:28,300667,必创科技,False,False
14:36:36,300673,佩蒂股份,False,False
14:36:38,300668,杰恩股份,True,False
14:36:44,300671,富满微,False,False
14:36:48,300676,华大基因,False,False
14:36:58,300686,智动力,True,False
14:37:03,300684,中石科技,False,False
14:37:03,300681,英搏尔,True,False
14:37:09,300690,双一科技,False,True
14:37:16,300702,天宇股份,False,True
14:37:20,300698,万马科技,False,True
14:37:22,300696,爱乐达,True,True
14:37:22,300705,九典制药,False,False
14:37:30,300711,广哈通信,False,True
14:37:34,300713,英可瑞,False,True
14:37:37,300719,安达维尔,False,True
14:37:45,300723,一品红,False,False
14:37:48,300736,百邦科技,False,False
14:37:57,300746,汉嘉数智,False,False
14:37:58,300725,药石科技,False,False
14:38:00,300738,奥飞数据,False,False
14:38:07,300747,锐科激光,True,False
14:38:10,300751,迈为股份,True,False
14:38:10,300753,爱朋医疗,False,False
14:38:11,300758,七彩化学,False,True
14:38:23,300759,康龙化成,False,False
14:38:24,300771,智莱科技,False,False
14:38:28,300761,立华股份,False,False
14:38:31,300767,震安科技,False,False
14:38:31,300768,迪普科技,False,False
14:38:41,300778,新城市,False,True
14:38:44,300774,倍杰特,False,True
14:38:44,300786,国林科技,False,False
14:38:45,300776,帝尔激光,True,False
14:38:51,300781,因赛集团,False,True
14:38:53,300789,唐源电气,False,False
14:38:57,300793,佳禾智能,False,True
14:38:58,300802,矩子科技,False,False
14:39:04,300807,天迈科技,False,True
14:39:10,300816,艾可蓝,True,False
14:39:12,300806,斯迪克,False,False
14:39:16,300824,北鼎股份,False,True
14:39:19,300814,中富电路,False,False
14:39:23,300829,金丹科技,False,False
14:39:32,300840,酷特智能,False,False
14:39:33,300832,新产业,False,True
14:39:36,300847,中船汉光,False,False
14:39:42,300849,锦盛新材,False,False
14:39:48,300854,中兰环保,False,False
14:39:56,300856,科思股份,False,False
14:39:56,300860,锋尚文化,False,False
14:40:09,300878,维康药业,False,False
14:40:09,300866,安克创新,False,False
14:40:15,300870,欧陆通,False,False
14:40:19,300873,海晨股份,False,False
14:40:21,300886,华业香料,False,False
14:40:30,300891,惠云钛业,False,True
14:40:31,300889,爱克股份,True,False
14:40:34,300899,上海凯鑫,False,False
14:40:40,300895,铜牛信息,False,False
14:40:44,300908,仲景食品,False,False
14:40:47,300912,凯龙高科,False,True
14:40:53,300921,南凌科技,False,False
14:40:56,300923,研奥股份,False,False
14:41:00,300931,通用电梯,False,False
14:41:06,300936,中英科技,True,False
14:41:13,300948,冠中生态,False,False
14:41:17,300958,建工修复,False,False
14:41:27,300959,线上线下,True,False
14:41:28,300965,恒宇信通,False,True
14:41:38,300976,达瑞电子,True,False
14:41:46,300979,华利集团,False,False
14:41:48,301047,义翘神州,False,False
14:41:49,300981,中红医疗,False,True
14:42:01,301165,锐捷网络,False,False
14:42:02,301170,锡南科技,False,False
14:42:02,301173,毓恬冠佳,False,False
14:42:14,301178,天亿马,False,False
14:42:24,301183,东田微,True,False
14:42:30,301191,菲菱科思,False,False
14:42:35,301202,朗威股份,False,False
14:42:35,301196,唯科科技,False,False
14:42:42,301206,三元生物,False,False
14:42:48,301218,华是科技,False,False
14:42:52,301209,联合化学,True,False
14:43:00,301227,森鹰窗业,False,True
14:43:01,301231,荣信文化,False,False
14:43:03,301225,恒勃股份,False,False
14:43:14,301236,软通动力,False,False
14:43:16,301255,通力科技,False,False
14:43:18,301248,杰创智能,False,False
14:43:18,301251,威尔高,False,False
14:43:31,301270,汉仪股份,False,False
14:43:36,301260,格力博,False,False
14:43:37,301265,华新科技,True,False
14:43:39,301268,铭利达,False,True
14:43:43,301281,科源制药,False,False
14:43:49,301288,清研环境,False,False
14:43:52,301296,新巨丰,False,False
14:43:53,301290,东星医疗,False,False
14:44:05,301518,长华化学,False,False
14:44:08,301626,苏州天脉,False,False
14:44:11,301631,壹连科技,False,False
14:44:18,000009,中国宝安,False,True
14:44:22,000026,飞亚达,False,False
14:44:24,000032,深桑达A,True,True
14:44:31,000034,神州数码,False,False
14:44:34,000049,德赛电池,False,False
14:44:37,000061,农产品,False,True
14:44:38,000062,深圳华强,True,False
14:44:46,000069,华侨城A,False,True
14:44:51,000099,中信海直,False,True
14:44:54,000155,川能动力,False,False
14:45:02,000402,金融街,False,False
14:45:07,000408,藏格矿业,False,False
14:45:09,000411,英特集团,False,False
14:45:16,000429,粤高速A,False,False
14:45:21,000498,山东路桥,False,False
14:45:25,000505,京粮控股,False,False
14:45:26,000504,南华生物,False,False
14:45:29,000509,华塑控股,False,False
14:45:30,000516,国际医学,False,True
14:45:41,000531,穗恒运A,False,True
14:45:42,000534,万泽股份,False,True
14:45:59,000582,北部湾港,False,False
14:46:06,000600,建投能源,False,False
14:46:06,000592,平潭发展,False,True
14:46:19,000617,中油资本,False,True
14:46:19,000629,钒钛股份,False,False
14:46:21,000777,中核科技,False,True
14:46:31,000892,欢瑞世纪,False,True
14:46:32,000985,大庆华科,False,True
14:46:33,000997,新大陆,False,False
14:46:44,001225,和泰机电,False,False
14:46:46,001230,劲旅环境,False,False
14:46:50,001226,拓山重工,False,False
14:46:56,001238,浙江正特,False,False
14:46:59,001248,华润新能源,False,False
14:47:07,001269,欧晶科技,False,False
14:47:09,001282,三联锻造,True,False
14:47:12,001278,一彬科技,False,True
14:47:21,001283,豪鹏科技,False,False
14:47:22,001289,龙源电力,False,False
14:47:25,001296,长江材料,False,True
14:47:34,001288,运机集团,False,False
14:47:35,001301,尚太科技,False,False
14:47:43,001312,福恩股份,False,False
14:47:46,001308,康冠科技,True,False
14:47:48,001322,箭牌家居,False,False
14:47:54,001319,铭科精技,False,False
14:47:58,001326,联域股份,False,False
14:48:01,001335,信凯科技,True,False
14:48:01,001332,锡装股份,True,False
14:48:09,001331,胜通能源,False,False
14:48:12,001337,四川黄金,False,False
14:48:14,001339,智微智能,True,False
14:48:17,001356,富岭股份,False,False
14:48:24,001358,兴欣新材,False,False
14:48:28,001368,通达创智,False,False
14:48:28,001365,天海电子,False,False
14:48:30,001378,德冠新材,True,False
14:48:37,001367,海森药业,False,True
14:48:39,001379,腾达科技,False,False
14:48:42,001376,百通能源,False,False
14:48:45,001389,广合科技,True,False
14:48:48,001386,马可波罗,False,False
14:48:51,001391,国货航,False,False
14:48:55,002003,伟星股份,False,False
14:48:58,001965,招商公路,False,False
14:49:00,001393,维通利,False,False
14:49:02,002007,华兰生物,False,True
14:49:04,002008,大族激光,False,False
14:49:10,002014,永新股份,False,True
14:49:17,002028,思源电气,False,False
14:49:20,002023,海特高新,True,False
14:49:22,002033,丽江股份,False,False
14:49:31,002037,保利联合,False,False
14:49:32,002045,国光电器,False,True
14:49:35,002044,美年健康,False,True
14:49:44,002053,云南能投,False,False
14:49:45,002057,中钢天源,True,False
14:49:53,002068,黑猫股份,False,False
14:49:55,002075,沙钢股份,False,True
14:50:04,002091,江苏国泰,False,False
14:50:06,002095,生意宝,False,True
14:50:09,002098,浔兴股份,False,True
14:50:19,002112,三变科技,False,False
14:50:22,002117,东港股份,False,True
14:50:24,002125,湘潭电化,False,False
14:50:33,002128,电投能源,False,False
14:50:36,002133,广宇集团,False,True
14:50:39,002137,实益达,False,False
14:50:49,002243,力合科创,False,True
14:50:50,002357,富临运业,False,True
14:50:52,002366,融发核电,False,True
14:51:01,002461,珠江啤酒,False,False
14:51:03,002562,兄弟科技,False,True
14:51:04,002568,百润股份,False,False
14:51:14,002727,一心堂,False,True
14:51:16,002735,王子新材,False,False
14:51:17,002736,国信证券,False,True
14:51:20,002742,冀衡医药,False,False
14:51:27,002749,国光股份,False,True
14:51:29,002752,昇兴股份,False,False
14:51:30,002757,南兴股份,False,False
14:51:33,002765,蓝黛科技,False,True
14:51:41,002771,真视通,False,False
14:51:43,002778,中晟高科,False,True
14:51:46,002779,中坚科技,True,True
14:51:50,002788,鹭燕医药,False,True
14:51:54,002791,坚朗五金,False,True
14:51:56,002798,帝欧水华,False,False
14:52:01,002800,天顺股份,False,True
14:52:06,002811,郑中设计,False,True
14:52:09,002813,路畅科技,False,True
14:52:14,002823,凯中精密,True,False
14:52:20,002831,裕同科技,True,False
14:52:22,002835,同为股份,False,True
14:52:26,002841,视源股份,False,False
14:52:34,002851,麦格米特,False,False
14:52:39,002862,实丰文化,False,False
14:52:47,002868,绿康生化,False,True
14:52:51,002875,安奈儿,False,False
14:52:57,002884,凌霄泵业,False,False
14:53:02,002888,惠威科技,False,False
14:53:04,002893,京能热力,False,False
14:53:09,002902,铭普光磁,True,False
14:53:15,002906,华阳集团,False,False
14:53:15,002910,庄园牧场,True,True
14:53:17,002908,德生科技,False,True
14:53:22,002917,金奥博,False,False
14:53:24,002920,德赛西威,False,False
14:53:27,002926,华西证券,False,False
14:53:28,003040,楚天龙,False,True
14:53:40,688015,交控科技,False,True
14:53:43,688007,光峰科技,False,True
14:53:47,688012,中微公司,False,False
14:53:56,688025,杰普特,True,False
14:53:56,688023,安恒信息,False,True
14:54:03,688027,国盾量子,False,True
14:54:07,688029,南微医学,False,False
14:54:09,688038,中科通达,False,True
14:54:09,688035,德邦科技,False,False
14:54:15,688045,必易微,False,False
14:54:16,688036,传音控股,True,False
14:54:28,688050,爱博医疗,False,False
14:54:28,688056,莱伯泰科,True,False
14:54:29,688047,龙芯中科,True,False
14:54:34,688055,龙腾光电,False,False
14:54:34,688059,华锐精密,False,False
14:54:42,688069,德林海,False,False
14:54:46,688070,纵横股份,False,True
14:54:48,688077,大地熊,True,True
14:54:55,688073,毕得医药,False,False
14:55:04,688087,英科再生,False,False
14:55:05,688082,盛美上海,True,False
14:55:10,688091,上海谊众,True,True
14:55:18,688095,福昕软件,False,True
14:55:26,688099,晶晨股份,False,False
14:55:28,688103,国力电子,False,False
14:55:34,688108,赛诺医疗,False,False
14:55:40,688118,普元信息,False,True
14:55:43,688112,鼎阳科技,True,False
14:55:49,688114,华大智造,False,False
14:55:55,688129,东来技术,True,False
14:55:57,688132,邦彦技术,False,False
14:56:02,688137,近岸蛋白,False,False
14:56:04,688122,西部超导,False,True
14:56:11,688135,利扬芯片,True,False
14:56:17,688141,杰华特,False,False
14:56:18,688147,微导纳米,False,False
14:56:23,688150,莱特光电,False,False
14:56:26,688153,唯捷创芯,False,False
14:56:29,688158,优刻得-W,False,False
14:56:33,688155,先惠技术,False,False
14:56:36,688163,赛伦生物,False,False
14:56:41,688160,步科股份,False,True
14:56:52,688165,埃夫特-U,True,False
14:56:55,688169,石头科技,False,False
14:56:55,688166,博瑞医药,False,False
14:57:05,688172,燕东微,False,False
14:57:08,688181,八亿时空,True,False
14:57:11,688173,希荻微,True,False
14:57:14,688177,百奥泰,False,True
14:57:27,688183,生益电子,False,False
14:57:29,688190,云路股份,True,False
14:57:30,688188,柏楚电子,False,False
14:57:36,688185,康希诺,False,True
14:57:47,688196,卓越新能,False,False
14:57:49,688203,海正生材,False,False
14:57:50,688197,首药控股-U,False,False
14:58:00,688200,华峰测控,False,False
14:58:00,688207,格灵深瞳,False,False
14:58:03,688211,中科微至,False,False
14:58:09,688209,英集芯,False,False
14:58:11,688210,统联精密,False,True
14:58:13,688215,瑞晟智能,False,True
14:58:15,688218,江苏北人,False,False
14:58:19,688212,澳华内镜,False,False
14:58:32,688220,翱捷科技-U,False,False
14:58:33,688213,思特威-W,False,False
14:58:34,688226,威腾电气,True,True
14:58:36,688225,亚信安全,False,True
14:58:41,688222,成都先导,False,False
14:58:47,688231,隆达股份,False,False
14:58:49,688229,博睿数据,False,True
14:58:55,688238,和元生物,False,False
14:58:58,688246,嘉和美康,True,False
14:59:02,688236,春立医疗,False,True
14:59:09,688247,宣泰医药,False,False
14:59:15,688244,永信至诚,False,True
14:59:21,688257,新锐股份,False,False
14:59:22,688249,晶合集成,True,False
14:59:22,688251,井松智能,False,False
14:59:25,688248,南网科技,True,False
14:59:34,688259,创耀科技,False,False
14:59:34,688255,凯尔达,True,False
14:59:36,688252,天德钰,False,False
14:59:45,688262,国芯科技,True,False
14:59:47,688258,卓易信息,False,False
14:59:48,688272,富吉瑞,False,False
14:59:56,688271,联影医疗,False,False
14:59:58,688266,泽璟制药-U,False,False
15:00:07,688275,万润新能,True,False
15:00:08,688277,天智航-U,True,True
15:00:08,688269,凯立新材,False,True
15:00:10,688280,精进电动-W,False,True
15:00:18,688279,峰岹科技,True,False
15:00:21,688285,高铁电气,False,False
15:00:26,688278,特宝生物,False,False
15:00:28,688283,坤恒顺维,False,False
15:00:29,688281,华秦科技,False,True
15:00:35,688288,鸿泉技术,False,True
15:00:37,688282,理工导航,False,False
15:00:41,688291,金橙子,False,False
15:00:42,688292,浩瀚深度,False,False
15:00:48,688286,敏芯股份,True,True
15:00:52,688295,中复神鹰,False,False
15:00:55,688296,和达科技,False,False
15:00:56,688289,圣湘生物,False,True
15:01:02,688290,景业智能,False,False
15:01:11,688293,奥浦迈,False,False
15:01:16,688303,大全能源,False,True
15:01:16,688302,海创药业-U,False,False
15:01:16,688300,联瑞新材,False,False
15:01:24,688297,中无人机,False,True
15:01:29,688310,迈得医疗,True,False
15:01:33,688305,科德数控,True,False
15:01:34,688307,中润光学,False,False
15:01:35,688308,欧科亿,True,False
15:01:41,688309,恒誉科技,False,False
15:01:46,688311,盟升电子,False,True
15:01:48,688314,康拓医疗,False,True
15:01:49,688317,之江生物,False,True
15:01:55,688306,均普智能,False,False
15:02:04,688318,财富趋势,False,False
15:02:07,688319,欧林生物,False,False
15:02:09,688316,青云科技-U,False,True
15:02:14,688327,云从科技-UW,True,False
15:02:17,688325,赛微微电,False,False
15:02:18,688323,瑞华泰,True,False
15:02:22,688328,深科达,False,False
15:02:31,688335,复洁科技,False,True
15:02:31,688322,奥比中光-W,True,False
15:02:31,688330,宏力达,False,True
15:02:35,688332,中科蓝讯,False,False
15:02:40,688337,普源精电,False,False
15:02:44,688338,赛科希德,False,False
15:02:48,688345,博力威,False,False
15:02:55,688343,云天励飞-U,False,True
15:02:56,688350,富淼科技,False,False
15:03:00,688339,亿华通-U,False,True
15:03:00,688355,明志科技,False,False
15:03:01,688349,三一重能,False,False
15:03:09,688357,建龙微纳,False,False
15:03:17,688356,键凯科技,False,True
15:03:22,688352,颀中科技,True,False
15:03:24,688361,中科飞测,False,False
15:03:34,688359,三孚新科,True,False
15:03:37,688369,致远互联,False,True
15:03:39,688368,晶丰明源,False,False
15:03:41,688362,甬矽电子,True,False
15:03:45,688363,华熙生物,False,True
15:03:49,688367,工大高科,False,False
15:04:00,688377,迪威尔,False,True
15:04:02,688376,美埃科技,False,False
15:04:03,688380,中微半导,True,False
15:04:09,688382,益方生物-U,False,False
15:04:16,688379,华光新材,True,False
15:04:22,688381,帝奥微,True,False
15:04:25,688388,嘉元科技,False,False
15:04:28,688389,普门科技,False,True
15:04:29,688395,正弦电气,False,False
15:04:42,688391,钜泉科技,True,False
15:04:44,688390,固德威,True,False
15:04:47,688392,骄成超声,False,False
15:04:50,688401,路维光电,False,False
15:04:53,688408,中信博,False,True
15:05:03,688399,硕世生物,False,False
15:05:07,688410,山外山,False,False
15:05:11,688400,凌云光,False,False
15:05:12,688411,海博思创,False,False
15:05:17,688403,汇成股份,False,False
15:05:24,688419,耐科装备,True,False
15:05:26,688416,恒烁股份,True,False
15:05:36,688425,铁建重工,False,True
15:05:37,688429,时创能源,False,False
15:05:39,688435,英方软件,False,False
15:05:44,688409,富创精密,False,False
15:05:49,688433,华曙高科,False,False
15:05:50,688448,磁谷科技,False,False
15:05:59,688450,光格科技,True,False
15:06:03,688466,金科环境,False,True
15:06:05,688458,美芯晟,False,False
15:06:05,688428,诺诚健华,False,False
15:06:11,688456,有研粉材,False,False
15:06:22,688459,哈铁科技,False,False
15:06:23,688479,友车科技,True,False
15:06:25,688478,晶升股份,False,False
15:06:33,688485,九州一轨,False,False
15:06:38,688489,三未信安,False,False
15:06:38,688500,慧辰股份,False,True
15:06:38,688486,龙迅股份,True,False
15:06:47,688480,赛恩斯,False,False
15:07:00,688502,茂莱光学,False,False
15:07:01,688505,复旦张江,False,False
15:07:09,688507,索辰科技,False,False
15:07:22,688517,金冠电气,False,False
15:07:22,688508,芯朋微,False,False
15:07:23,688518,联赢激光,False,False
15:07:26,688513,苑东生物,False,True
15:07:38,688528,秦川物联,False,False
15:07:40,688520,神州细胞,False,False
15:07:42,688516,奥特维,False,True
15:07:49,688522,纳睿雷达,False,True
15:07:51,688529,豪森智能,False,False
15:08:02,688548,广钢气体,False,False
15:08:02,688550,瑞联新材,False,False
15:08:04,688535,华海诚科,False,False
15:08:05,688539,高华科技,False,True
15:08:12,688538,和辉光电-U,False,True
15:08:15,688551,科威尔,True,False
15:08:18,688553,汇宇制药-W,False,True
15:08:25,688556,高测股份,False,True
15:08:31,688558,国盛智科,False,False
15:08:37,688562,航天软件,False,False
15:08:42,688563,航材股份,False,False
15:08:49,688566,吉贝尔,False,True
15:08:51,688567,孚能科技,False,False
15:08:53,688573,信宇人,False,False
15:08:55,688565,力源科技,False,False
15:08:57,688561,奇安信-U,False,True
15:09:04,688571,杭华股份,True,False
15:09:05,688579,地纬智能,False,True
15:09:12,688577,浙海德曼,False,True
15:09:17,688576,西山科技,False,False
15:09:17,688575,亚辉龙,False,True
15:09:18,688581,安杰思,False,False
15:09:27,688583,思看科技,False,False
15:09:36,688586,江航装备,False,True
15:09:39,688584,上海合晶,False,False
15:09:40,688582,芯动联科,True,False
15:09:40,688588,凌志软件,False,True
15:09:49,688590,新致软件,False,False
15:10:02,688592,司南导航,False,False
15:10:03,688599,天合光能,False,False
15:10:05,688596,正帆科技,False,False
15:10:05,688593,新相微,False,False
15:10:14,688602,康鹏科技,False,False
15:10:21,688607,康众医疗,False,False
15:10:27,688598,金博股份,False,False
15:10:33,688601,力芯微,True,False
15:10:37,688603,天承科技,False,False
15:10:39,688609,九联科技,False,False
15:10:41,688606,奥泰生物,False,True
15:10:50,688608,恒玄科技,False,False
15:10:57,688618,三旺通信,False,False
15:10:59,688617,惠泰医疗,False,False
15:10:59,688611,杭州柯林,False,False
15:11:06,688610,埃科光电,False,False
15:11:13,688621,阳光诺和,False,False
15:11:15,688619,罗普特,False,False
15:11:22,688626,翔宇医疗,False,False
15:11:26,688628,优利德,True,False
15:11:37,688625,呈和科技,False,False
15:11:38,688630,芯碁微装,False,False
15:11:42,688627,精智达,False,False
15:11:44,688631,莱斯信息,False,True
15:11:49,688635,长进光子,False,False
15:11:51,688636,智明达,False,False
15:11:59,688651,盛邦安全,False,False
15:12:04,688639,华恒生物,False,True
15:12:05,688657,浩辰软件,False,False
15:12:06,688653,康希通信,False,False
15:12:16,688652,京仪装备,False,False
15:12:28,688662,富信科技,False,False
15:12:28,688665,四方光电,False,False
15:12:28,688671,碧兴物联,True,False
15:12:29,688658,悦康药业,False,False
15:12:41,688680,海优新材,False,True
15:12:51,688677,海泰新光,False,False
15:12:51,688668,鼎通科技,False,False
15:12:52,688678,福立旺,False,False
15:13:13,688691,灿芯股份,False,False
15:13:15,688696,极米科技,False,False
15:13:22,688690,纳微科技,False,False
15:13:34,688712,北芯生命,False,False
15:13:38,688708,佳驰科技,False,False
15:13:38,688718,唯赛勃,False,False
15:13:51,688729,屹唐股份,False,False
15:13:55,688722,同益中,False,True
15:13:58,688717,艾罗能源,False,False
15:14:13,688733,壹石通,False,False
15:14:20,688750,金天钛业,False,False
15:14:26,688758,赛分科技,False,False
15:14:35,688772,珠海冠宇,True,False
15:14:44,688766,普冉股份,False,False
15:14:48,688786,悦安新材,True,False
15:14:56,688776,国光电气,False,True
15:15:05,688778,厦钨新能,False,True
15:15:14,688796,百奥赛图,False,False
15:15:24,688797,臻宝科技,False,False
15:15:28,688806,泰诺麦博-U,False,False
15:15:36,688807,优迅股份,False,False
15:15:49,688825,长鑫科技,False,False
15:15:50,688816,易思维,False,False
15:15:58,688813,泰金新能,False,False
15:16:02,600063,皖维高新,False,False
15:16:05,600073,光明肉业,False,False
15:16:12,600640,国脉文化,False,True
15:16:16,600085,同仁堂,False,False
15:16:20,600810,神马股份,False,True
15:16:21,600809,山西汾酒,False,True
15:16:28,600881,亚泰集团,False,False
15:16:32,600817,宇通重工,False,False
15:16:35,600892,大晟文化,False,False
15:16:36,600916,中国黄金,False,True
15:16:47,600925,苏能股份,False,False
15:16:49,600933,爱柯迪,False,True
15:16:50,600927,永安期货,False,False
15:17:00,600962,国投中鲁,False,False
15:17:01,600979,广安爱众,False,False
15:17:03,600959,江苏有线,False,True
15:17:05,600976,健民集团,False,True
15:17:13,600999,招商证券,False,False
15:17:14,600996,贵广网络,False,False
15:17:17,601003,柳钢股份,False,True
15:17:18,600989,宝丰能源,False,False
15:17:26,601019,山东出版,False,False
15:17:27,601026,道生天合,False,False
15:17:32,601058,赛轮轮胎,False,True
15:17:35,601668,中国建筑,False,False
15:17:39,601666,平煤股份,False,False
15:17:41,601798,蓝科高新,False,True
15:17:49,601766,中国中车,False,False
15:17:54,601699,潞安环能,False,False
15:18:01,601860,紫金银行,False,True
15:18:07,601869,长飞光纤,False,False
15:18:13,601888,中国中免,False,True
15:18:17,601890,亚星锚链,False,True
15:18:20,601933,永辉超市,False,False
15:18:26,601952,苏垦农发,False,False
15:18:31,601928,凤凰传媒,False,True
15:18:31,601963,重庆银行,False,False
15:18:40,601991,大唐发电,True,False
15:18:44,603001,奥康国际,False,False
15:18:52,603010,万盛股份,True,False
15:18:56,603009,北特科技,False,False
15:18:57,603019,中科曙光,False,False
15:18:59,603027,千禾味业,False,True
15:19:05,603015,弘讯科技,False,True
15:19:08,603022,新通联,False,False
15:19:10,603030,全筑股份,False,True
15:19:11,603032,德新科技,False,False
15:19:18,603038,华立股份,True,False
15:19:21,603041,美思德,False,False
15:19:23,603052,可川科技,False,False
15:19:26,603036,如通股份,False,True
15:19:31,603057,紫燕食品,False,False
15:19:36,603059,倍加洁,False,True
15:19:37,603126,中材节能,False,True
15:19:44,603132,金徽股份,False,False
15:19:46,603129,春风动力,False,False
15:19:48,603150,万朗磁塑,True,False
15:19:51,603162,海通发展,False,False
15:19:58,603153,上海建科,False,False
15:19:59,603168,莎普爱思,False,True
15:20:01,603173,福斯达,False,False
15:20:03,603270,金帝股份,False,False
15:20:10,603277,银都股份,False,True
15:20:12,603370,华新精科,False,False
15:20:14,603187,海容冷链,False,True
15:20:16,603558,健盛集团,False,False
15:20:23,603569,长久物流,False,False
15:20:27,603596,伯特利,False,False
15:20:36,603617,君禾股份,False,False
15:20:39,603633,徕木股份,False,True
15:20:41,603639,海利尔,False,True
15:20:51,603677,奇精机械,False,False
15:20:55,603682,锦和商管,False,False
15:20:55,603693,江苏新能,False,False
15:21:04,603730,岱美股份,True,False
15:21:08,603811,诚意药业,False,False
15:21:16,605319,无锡振华,False,False
15:21:21,605555,德昌股份,False,True
15:21:33,300721,怡达股份,False,False
15:21:33,300707,威唐工业,False,False
15:21:45,300741,华宝股份,False,False
15:21:47,300838,浙江力诺,False,False
15:21:54,300845,捷安高科,False,False
15:22:01,300880,迦南智能,False,False
15:22:07,300861,美畅股份,True,False
15:22:16,300929,华骐环保,False,False
15:22:24,300917,特发服务,False,False
15:22:29,300940,南极光,False,True
15:22:31,300955,嘉亨家化,True,True
15:22:42,301159,三维天地,False,False
15:22:45,300969,恒帅股份,False,True
15:22:54,301168,通灵股份,False,False
15:22:54,301186,超达装备,False,False
15:22:58,301199,迈赫股份,False,True
15:23:07,301234,五洲医疗,False,False
15:23:11,301257,普蕊斯,False,False
15:23:19,301279,金道科技,True,False
15:23:19,301216,万凯新材,False,False
15:23:30,000027,深圳能源,False,False
15:23:34,000089,深圳机场,False,False
15:23:39,000419,通程控股,False,False
15:23:43,000426,兴业银锡,False,False
15:23:49,000561,烽火电子,False,True
15:23:51,000568,泸州老窖,False,True
15:23:56,000586,汇源通信,False,True
15:24:02,000595,新能股份,False,False
15:24:09,000619,海螺新材,False,True
15:24:13,000776,广发证券,False,False
15:24:17,000786,北新建材,False,False
15:24:18,001203,大中矿业,False,False
15:24:27,001210,金房能源,False,False
15:24:29,001217,华尔泰,False,True
15:24:32,001220,世盟股份,False,False
15:24:35,001234,泰慕士,False,False
15:24:41,001258,立新能源,False,False
15:24:43,001257,盛龙股份,False,False
15:24:49,001287,中电港,False,False
15:24:54,001285,瑞立科密,False,False
15:24:55,001286,陕西能源,False,False
15:24:57,001300,三柏硕,False,True
15:25:01,001280,中国铀业,False,False
15:25:03,001309,德明利,True,False
15:25:07,001306,夏厦精密,False,False
15:25:17,001360,南矿集团,False,True
15:25:18,001325,元创股份,False,False
15:25:19,001359,平安电工,True,False
15:25:20,001336,楚环科技,True,False
15:25:30,002020,京新药业,False,False
15:25:33,002039,黔源电力,False,False
15:25:36,002043,兔宝宝,False,False
15:25:42,002050,三花智控,False,True
15:25:43,002064,华峰化学,False,False
15:25:46,002060,广东建工,False,True
15:25:56,002078,太阳纸业,False,False
15:25:56,002101,广东鸿图,False,False
15:25:59,002108,沧州明珠,False,False
15:26:03,002105,信隆健康,False,True
15:26:07,002088,鲁阳节能,False,True
15:26:09,002121,科陆电子,False,True
15:26:12,002148,北纬科技,False,True
15:26:21,002135,东南网架,False,False
15:26:22,002452,长高电气,False,False
15:26:23,002237,恒邦股份,False,False
15:26:25,002456,欧菲光,True,True
15:26:31,002444,巨星科技,False,False
15:26:35,002683,广东宏大,False,True
15:26:38,002743,富煌钢构,False,False
15:26:40,002739,儒意电影,False,False
15:26:47,002677,浙江美大,False,True
15:26:48,002768,国恩股份,False,False
15:26:51,002774,快意电梯,False,False
15:26:58,002785,万里石,False,False
15:26:58,002761,浙江建投,False,False
15:27:01,002803,吉宏股份,False,False
15:27:04,002818,富森美,False,False
15:27:12,002795,永和智控,False,False
15:27:13,002828,贝肯能源,False,False
15:27:17,002806,华锋股份,True,False
15:27:17,002838,道恩股份,True,False
15:27:24,002826,易明医药,False,False
15:27:26,002855,捷荣技术,False,False
15:27:30,002865,钧达股份,True,True
15:27:33,002843,泰嘉股份,False,False
15:27:39,002871,伟隆股份,False,False
15:27:43,002877,智能自控,False,True
15:27:48,002860,星帅尔,False,False
15:27:52,002892,科力尔,False,True
15:27:56,002912,中新赛克,False,True
15:28:10,688003,天准科技,True,False
15:28:14,688018,乐鑫科技,False,False
15:28:15,688016,心脉医疗,False,False
15:28:20,688049,炬芯科技,False,False
15:28:24,688080,映翰通,False,True
15:28:33,688106,金宏气体,False,False
15:28:37,688084,晶品特装,False,True
15:28:39,688097,博众精工,False,False
15:28:46,688125,安达智能,True,False
15:28:46,688109,品茗科技,False,True
15:29:02,688168,安博通,False,False
15:29:03,688127,蓝特光学,False,False
15:29:04,688193,仁度生物,False,False
15:29:15,688195,腾景科技,False,False
15:29:15,688176,亚虹医药-U,False,False
15:29:25,688232,新点软件,False,False
15:29:26,688227,品高股份,False,False
15:29:26,688202,美迪西,False,False
15:29:28,688237,超卓航科,False,False
15:29:40,688239,航宇科技,False,False
15:29:49,688253,英诺特,False,False
15:29:50,688333,铂力特,False,False
15:29:52,688358,祥生医疗,False,False
15:29:52,688320,禾川科技,False,False
15:30:01,688365,光云科技,False,False
15:30:11,688371,菲沃泰,False,False
15:30:13,688372,伟测科技,False,False
15:30:13,688393,安必平,False,False
15:30:16,688383,新益昌,False,False
15:30:17,688386,泛亚微透,False,False
15:30:25,688398,赛特新材,False,False
15:30:29,688455,科捷智能,False,False
15:30:41,688511,天微电子,False,False
15:30:45,688512,慧智微-U,False,False
15:30:53,688560,明冠新材,False,False
15:30:58,688570,天玛智控,False,False
15:31:00,688597,煜邦电力,False,True
15:31:02,688600,皖仪科技,False,False
15:31:03,688559,海目星,False,False
15:31:14,688669,聚石化学,False,False
15:31:29,688683,莱尔科技,False,False
15:31:37,688698,伟创电气,False,False
15:31:40,688702,盛科通信-U,False,False
15:31:42,688720,艾森股份,True,False
15:31:48,688719,爱科赛博,True,False
15:31:52,688728,格科微,False,False
15:31:58,688739,成大生物,False,False
15:32:00,688727,恒坤新材,False,False
15:32:01,688737,中自科技,False,False
15:32:03,688757,胜科纳米,False,False
15:32:06,688768,容知日新,False,False
15:32:24,688777,中控技术,True,False
15:32:25,688785,恒运昌,False,False
15:32:29,688788,科思科技,False,False
15:32:45,688809,强一股份,False,False
15:32:46,688799,华纳药厂,False,True
15:32:47,688795,摩尔线程-U,False,False
15:32:47,688790,昂瑞微-UW,False,False
15:32:54,688802,沐曦股份-U,False,False
15:33:05,688805,健信超导,False,False
15:33:07,688826,C频准,False,False
15:33:07,600066,宇通客车,False,False
15:33:08,688811,有研复材,False,False
15:33:18,600072,中船科技,False,False
15:33:20,600071,凤凰光学,False,False
15:33:20,600641,先导基电,False,False
15:33:21,600283,钱江水利,False,False
15:33:23,688981,中芯国际,False,False
15:33:32,600883,博闻科技,False,False
15:33:34,600901,江苏金租,False,False
15:33:35,600886,国投电力,False,False
15:33:35,600955,维远股份,False,True
15:33:37,600908,无锡银行,False,False
15:33:40,601012,隆基绿能,False,False
15:33:45,601628,中国人寿,False,False
15:33:45,600985,淮北矿业,False,False
15:33:46,600992,贵绳股份,False,False
15:33:47,601800,中国交建,False,False
15:33:48,601065,江盐集团,False,False
15:33:51,601801,皖新传媒,False,False
15:33:52,601857,中国石油,False,False
15:33:54,601877,正泰电器,False,False
15:33:58,601816,京沪高铁,False,False
15:34:00,601828,美凯龙,False,False
15:34:07,601882,海天精工,False,False
15:34:09,601908,京运通,False,True
15:34:12,601921,浙版传媒,False,False
15:34:13,601968,宝钢包装,False,True
15:34:14,601975,招商南油,False,False
15:34:14,601995,中金公司,False,False
15:34:21,603018,华设集团,False,False
15:34:22,601990,南京证券,False,True
15:34:25,601997,贵阳银行,False,False
15:34:26,603006,联明股份,False,False
15:34:29,603013,亚普股份,False,True
15:34:36,603029,天鹅股份,False,True
15:34:36,603043,广州酒家,False,True
15:34:38,603060,国检集团,True,False
15:34:38,603050,科林电气,False,False
15:34:42,603167,渤海轮渡,False,False
15:34:50,603585,苏利股份,False,False
15:34:50,603175,超颖电子,False,False
15:34:50,603179,新泉股份,True,False
15:34:53,603579,荣泰健康,False,True
15:34:54,603180,金牌家居,False,False
15:35:05,603602,纵横通信,False,True
15:35:06,603590,康辰药业,False,True
15:35:06,603611,诺力股份,False,False
15:35:08,603587,地素时尚,False,False
15:35:08,603628,清源股份,False,False
15:35:10,603663,三祥新材,False,False
15:35:15,603676,卫信康,False,False
15:35:16,603703,盛洋科技,False,False
15:35:19,603665,康隆达,False,True
15:35:22,603618,杭电股份,False,False
15:35:23,603712,七一二,False,False
15:35:23,603757,大元泵业,False,False
15:35:26,605080,浙江自然,False,False
15:35:29,603709,中源家居,False,False
15:35:31,603801,志邦家居,False,False
15:35:32,603733,仙鹤股份,True,False
15:35:39,605299,舒华体育,False,False
15:35:42,300647,超频三,False,False
15:35:42,300640,德艺文创,False,True
15:35:46,300656,民德电子,True,False
15:35:47,300693,盛弘股份,False,False
15:35:48,300689,澄天伟业,False,False
15:35:49,300797,钢研纳克,False,False
15:35:54,300826,测绘股份,False,False
15:35:59,300812,易天股份,False,False
15:36:01,300819,聚杰微纤,False,False
15:36:02,300843,胜蓝股份,False,False
15:36:05,300678,中科信息,False,True
15:36:06,300852,四会富仕,False,False
15:36:08,300872,天阳科技,False,False
15:36:09,300884,狄耐克,False,False
15:36:13,300835,龙磁科技,False,False
15:36:15,300905,宝丽迪,False,False
15:36:16,300916,朗特智能,False,False
15:36:21,300902,国安达,False,False
15:36:22,300943,春晖智控,False,False
15:36:23,300946,恒而达,False,False
15:36:26,300894,火星人,False,True
15:36:30,300962,中金辐照,False,False
15:36:30,300971,博亚精工,False,False
15:36:34,300926,博俊科技,False,True
15:36:37,301177,迪阿股份,False,False
15:36:39,301052,果麦文化,False,True
15:36:43,300951,博硕科技,False,False
15:36:51,301181,标榜股份,False,False
15:36:54,301195,北路智控,False,False
15:36:55,301207,华兰疫苗,False,False
15:36:56,301222,浙江恒威,False,False
15:36:56,301188,力诺药包,False,False
15:36:57,301213,观想科技,False,False
15:37:03,301275,汉朔科技,False,False
15:37:03,301286,侨源股份,False,False
15:37:04,301687,新广益,False,False
15:37:10,000001,平安银行,False,False
15:37:10,000011,深物业A,False,False
15:37:16,301238,瑞泰新材,True,False
15:37:17,000159,国际实业,False,False
15:37:17,301261,恒工精密,False,True
15:37:17,000301,东方盛虹,False,False
15:37:19,000042,中洲控股,False,False
15:37:24,000572,海马汽车,False,False
15:37:24,000590,古汉医药,False,False
15:37:29,000518,四环生物,False,False
15:37:30,000423,东阿阿胶,False,False
15:37:31,000567,海德股份,False,False
15:37:32,000599,青岛双星,False,False
15:37:33,000543,皖能电力,False,False
15:37:34,000608,阳光股份,False,False
15:37:39,001277,速达股份,False,False
15:37:39,001227,兰州银行,False,False
15:37:42,000603,盛达资源,False,True
15:37:46,002016,世荣兆业,False,False
15:37:47,000885,城发环境,False,True
15:37:47,001314,亿道信息,False,False
15:37:47,002049,紫光国微,False,False
15:37:49,001316,润贝航科,False,True
15:37:55,002880,卫光生物,False,False
15:37:55,688008,澜起科技,False,False
15:38:01,002848,高斯贝尔,True,False
15:38:02,002899,英派斯,False,True
15:38:02,002081,金螳螂,False,False
15:38:04,688061,灿瑞科技,False,False
15:38:04,688065,凯赛生物,False,False
15:38:06,688092,爱科科技,False,False
15:38:11,688360,德马科技,False,False
15:38:12,688475,萤石网络,False,False
15:38:16,688162,巨一科技,False,False
15:38:19,688501,青达环保,False,False
15:38:21,688509,正元地信,False,False
15:38:24,688116,天奈科技,False,False
15:38:27,688530,欧莱新材,False,False
15:38:28,688533,上声电子,False,False
15:38:30,688506,百利天恒,False,False
15:38:34,688519,南亚新材,False,False
15:38:35,688660,电气风电,False,False
15:38:36,688686,奥普特,False,False
15:38:37,688557,兰剑智能,False,True
15:38:42,688709,成都华微,False,False
15:38:43,688716,中研股份,False,False
15:38:50,688775,影石创新,False,False
15:38:51,688765,禾元生物-U,False,False
15:38:52,688689,银河微电,False,False
15:38:53,688699,明微电子,False,False
15:38:58,688682,霍莱沃,False,True
15:38:59,688779,五矿新能,False,False
15:38:59,688793,倍轻松,False,False
15:39:16,688789,宏华数科,False,True
